# https://github.com/mikedh/trimesh
v -0.88000000 -0.89999998 -0.25999999
v -0.88000000 -0.89999998 0.20999999
v -0.88000000 0.77999997 -0.25999999
v -0.88000000 0.77999997 0.20999999
v -0.87995178 -0.89999998 -0.26098016
v -0.87990355 0.77999997 0.21196041
v -0.87980783 -0.89999998 -0.26195091
v -0.87980783 0.77999997 -0.26195091
v -0.87957863 -0.91170066 0.21070756
v -0.87932938 0.79207596 0.21206198
v -0.87961578 -0.89999998 0.21390179
v -0.87961578 0.77999997 0.21390179
v -0.87956941 -0.89999998 -0.26290286
v -0.87956941 0.77999997 -0.26290286
v -0.87951845 -0.90980178 0.20999999
v -0.87951845 0.78980178 -0.25999999
v -0.87923884 -0.89999998 -0.26382685
v -0.87923884 0.77999997 -0.26382685
v -0.87964152 0.78954948 -0.26036695
v -0.87913877 -0.89999998 0.21580559
v -0.87913877 0.77999997 0.21580559
v -0.87930699 -0.91178865 -0.26074354
v -0.87830113 0.79685210 -0.26301652
v -0.87853810 -0.90966839 -0.26449233
v -0.87881923 0.77999997 -0.26471397
v -0.87804071 -0.91836525 -0.26293932
v -0.87847763 -0.89999998 0.21765362
v -0.87847763 0.77999997 0.21765362
v -0.87831461 -0.89999998 -0.26555571
v -0.87825996 0.79836798 0.21123119
v -0.87807864 -0.91950899 -0.25999999
v -0.87807864 -0.91950899 0.20999999
v -0.87807864 0.79950899 -0.25999999
v -0.87807864 0.79950899 0.20999999
v -0.87617507 -0.92450744 -0.26464427
v -0.87784192 0.78947031 -0.26568615
v -0.87773019 -0.89999998 -0.26634392
v -0.87773019 0.77999997 -0.26634392
v -0.87763840 -0.89999998 0.21942799
v -0.87723028 0.79171444 0.21937783
v -0.87856752 -0.91122726 0.21619041
v -0.87825730 0.79359678 0.21606648
v -0.87707102 -0.89999998 -0.26707107
v -0.87707102 0.77999997 -0.26707107
v -0.87663745 0.79193787 -0.26678467
v -0.87597463 -0.92849751 -0.26083855
v -0.87620384 -0.90554044 0.22157632
v -0.87662941 0.77999997 0.22111142
v -0.87599262 -0.91792771 0.21948173
v -0.87634397 -0.89999998 -0.26773012
v -0.87634397 0.77999997 -0.26773012
v -0.87727304 0.79812782 -0.26486722
v -0.87569398 -0.92902839 -0.25999999
v -0.87569398 -0.92902839 0.20999999
v -0.87569398 0.80902839 -0.25999999
v -0.87569398 0.80902839 0.20999999
v -0.87555581 0.77999997 -0.26831469
v -0.87546021 -0.89999998 0.22268780
v -0.87546021 0.77999997 0.22268780
v -0.87638094 0.79334187 0.22026154
v -0.87300276 0.81707918 0.21169091
v -0.87475064 0.81015027 0.21488976
v -0.87321678 -0.92979977 -0.26640762
v -0.87483716 0.80385262 -0.26626924
v -0.87471396 -0.89999998 -0.26881921
v -0.87663098 -0.92402418 0.21507222
v -0.87506594 -0.91482800 -0.26813859
v -0.87435275 0.78915261 -0.26881153
v -0.87414223 -0.89999998 0.22414219
v -0.87414223 0.77999997 0.22414219
v -0.87588204 -0.91587533 -0.26715800
v -0.87395418 -0.91756302 0.22253841
v -0.87382680 -0.89999998 -0.26923880
v -0.87382680 0.77999997 -0.26923880
v -0.87253380 -0.92938300 0.22058626
v -0.87523617 0.81091670 -0.26128763
v -0.87425501 0.79907949 -0.26802515
v -0.87290281 -0.89999998 -0.26956940
v -0.87290281 0.77999997 -0.26956940
v -0.87132242 -0.94059019 -0.26215317
v -0.87268782 -0.89999998 0.22546020
v -0.87268782 0.77999997 0.22546020
v -0.87305123 0.80961944 0.21948299
v -0.87003035 0.82084276 -0.26502026
v -0.87238801 -0.93826842 -0.25999999
v -0.87238801 -0.93826842 0.20999999
v -0.87238801 0.81826842 -0.25999999
v -0.87238801 0.81826842 0.20999999
v -0.87417712 0.79283467 0.22339243
v -0.87147577 0.79095778 -0.26979144
v -0.87195098 -0.89999998 -0.26980785
v -0.87195098 0.77999997 -0.26980785
v -0.87399084 0.80978329 -0.26541201
v -0.87111139 -0.89999998 0.22662941
v -0.87111139 0.77999997 0.22662941
v -0.87236181 0.79876420 -0.26914287
v -0.87114452 -0.91118952 -0.26987213
v -0.87098020 0.77999997 -0.26995185
v -0.87120625 -0.94195181 0.21155888
v -0.87223790 -0.91103762 0.22543043
v -0.87039306 0.79270403 0.22664171
v -0.86948853 -0.93593920 -0.26799047
v -0.87000000 -0.89999998 -0.27000001
v -0.87208834 -0.93634461 0.21727169
v -0.87207850 -0.91763669 -0.26936676
v -0.86872352 -0.90503822 0.22797123
v -0.86913577 0.79507802 -0.27000129
v -0.86953531 -0.91135114 -0.26999859
v -0.87033435 0.80877198 0.22350185
v -0.86942804 0.77999997 0.22763839
v -0.86876941 -0.92232645 -0.26988167
v -0.86959444 0.81462816 -0.26802262
v -0.86846763 -0.91653740 0.22732060
v -0.86827058 0.79755819 -0.27000001
v -0.86819220 -0.94713956 -0.25999999
v -0.86810732 0.82727392 -0.26057069
v -0.86819220 0.82713962 0.20999999
v -0.86503826 0.83234768 -0.26262030
v -0.87033407 -0.92160370 0.22549943
v -0.86463419 0.80749355 0.22807755
v -0.86471823 -0.95252623 -0.26314696
v -0.86765361 -0.89999998 0.22847760
v -0.86765361 0.77999997 0.22847760
v -0.86550375 -0.93310507 -0.26990576
v -0.86622237 -0.93814254 -0.26912820
v -0.86099062 -0.95700194 -0.26503941
v -0.86842041 0.82566558 -0.26433247
v -0.86614126 -0.93959510 0.22350196
v -0.86880008 0.82094214 0.21955502
v -0.86416839 -0.91494796 0.22933770
v -0.86679239 -0.94621870 -0.26609462
v -0.86896351 0.82077705 -0.26640833
v -0.86415948 -0.93263179 -0.26999856
v -0.86418786 0.81255735 -0.26999853
v -0.86580557 -0.89999998 0.22913879
v -0.86580557 0.77999997 0.22913879
v -0.86477489 -0.92684545 0.22794084
v -0.86542422 0.82587183 -0.26717913
v -0.86862426 0.80479241 -0.26983533
v -0.86265631 0.81840374 0.22683516
v -0.86287746 -0.90344812 0.22989070
v -0.86445479 0.83358260 0.21093316
v -0.86785262 -0.94686874 0.21507117
v -0.86605885 0.79195479 0.22886428
v -0.86390185 -0.89999998 0.22961578
v -0.86390185 0.77999997 0.22961578
v -0.86150058 -0.95092123 -0.26812513
v -0.86257209 -0.95106640 0.22058569
v -0.85945509 -0.94253093 -0.27000069
v -0.85945510 0.82253090 -0.27000069
v -0.86528855 -0.95242197 -0.26084056
v -0.86314696 -0.95555705 0.20999999
v -0.86314696 0.83555704 -0.25999999
v -0.86506423 0.82066061 -0.26912806
v -0.86399352 0.83207015 0.21729542
v -0.86196035 -0.89999998 0.22990361
v -0.86219041 0.79058119 0.22982696
v -0.86616398 -0.93233423 0.22624368
v -0.86453197 0.81841332 -0.26963566
v -0.85985226 -0.92392370 0.22980632
v -0.85905848 0.82922005 0.22533689
v -0.85734987 0.84156812 -0.26502002
v -0.86000001 -0.89999998 0.23000000
v -0.86000001 0.77999997 0.23000000
v -0.85577933 -0.95226933 0.22618122
v -0.85880760 -0.93601886 0.22890242
v -0.82879038 0.78603674 0.23014436
v -0.85956240 -0.94272423 -0.26999524
v -0.85956240 0.82272422 -0.26999524
v -0.85921242 -0.91472741 0.22999384
v -0.85766909 0.80600211 0.22994938
v -0.85950916 0.83626313 -0.26675141
v -0.85972289 0.79179410 0.22999689
v -0.86180369 0.83041559 -0.26806810
v -0.84956542 -0.97244058 0.21155215
v -0.85495590 0.84620130 0.21255211
v -0.85526629 0.81606802 0.22978115
v -0.85392001 -0.95979646 -0.26871914
v -0.85730100 -0.96343940 -0.25999999
v -0.85730100 -0.96343940 0.20999999
v -0.85730100 0.84343940 -0.25999999
v -0.85730100 0.84343940 0.20999999
v -0.86142718 -0.95730981 0.21507021
v -0.85302970 -0.95917052 -0.26924443
v -0.85651964 -0.94737875 0.22732060
v -0.85523186 -0.96039394 0.22166928
v -0.85687603 0.84187600 0.21723948
v -0.85814993 -0.94909310 -0.26979268
v -0.85384659 0.83962798 0.22360586
v -0.85462810 -0.93360762 0.22995337
v -0.85691062 0.83149225 -0.26974668
v -0.85189998 -0.95053693 0.22845113
v -0.85116641 0.82581812 0.22962770
v -0.81846695 -0.92199305 0.23022537
v -0.85259634 0.81391742 0.22999991
v -0.85471235 -0.96686584 -0.26113872
v -0.85762456 0.84325025 -0.26127199
v -0.85364482 -0.95219288 -0.26999849
v -0.85369128 0.83212772 -0.26999852
v -0.84934785 -0.97160415 -0.26314594
v -0.84463977 -0.97503467 -0.26504112
v -0.84919677 0.85060692 -0.26502085
v -0.84929182 -0.94821814 0.22958002
v -0.84802798 -0.97035436 -0.26640654
v -0.85226822 0.84588122 -0.26626924
v -0.85046203 -0.96583860 -0.26799136
v -0.85071063 -0.97071058 -0.25999999
v -0.85071063 -0.97071058 0.20999999
v -0.85071063 0.85071063 -0.25999999
v -0.85071063 0.85071063 0.20999999
v -0.84694610 0.83508848 0.22904567
v -0.85000002 0.74000001 -0.27000001
v -0.84972826 -0.86826733 -0.26999959
v -0.85350915 0.83965245 -0.26895132
v -0.84901977 -0.86000001 -0.26995185
v -0.84901977 0.74000001 -0.26995185
v -0.85300744 -0.96739165 0.21601012
v -0.84921330 0.85138849 0.21488822
v -0.84853315 0.84247619 -0.26961824
v -0.84707848 0.84933862 0.22166856
v -0.84804899 -0.86000001 -0.26980785
v -0.84804899 0.74000001 -0.26980785
v -0.84831317 0.76126352 -0.27000149
v -0.84713558 -0.96168820 -0.26994046
v -0.84618771 -0.96802887 0.22360628
v -0.84845671 -0.87378140 -0.26996839
v -0.84763798 0.75447801 -0.26989370
v -0.84709716 -0.86000001 -0.26956940
v -0.84709716 0.74000001 -0.26956940
v -0.84433464 0.84493658 -0.26993216
v -0.84617317 -0.86000001 -0.26923880
v -0.84617317 0.74000001 -0.26923880
v -0.84501494 -0.87202809 -0.26890560
v -0.84528601 0.74000001 -0.26881921
v -0.84038377 0.85953496 -0.26261626
v -0.84642300 -0.87412981 -0.26962053
v -0.84526137 0.75439574 -0.26922067
v -0.84595292 0.85452427 -0.26433060
v -0.84444422 -0.86000001 -0.26831469
v -0.84416238 0.75224000 -0.26843210
v -0.84155686 0.84426189 0.22807754
v -0.84406138 -0.89323982 -0.26997583
v -0.84365600 -0.86000001 -0.26773012
v -0.84365600 0.74000001 -0.26773012
v -0.84343940 -0.97730100 -0.25999999
v -0.84343940 -0.97730100 0.20999999
v -0.84343940 0.85730100 -0.25999999
v -0.84343940 0.85730100 0.20999999
v -0.84766137 0.84954137 -0.26729401
v -0.84292901 -0.86000001 -0.26707107
v -0.84292901 0.74000001 -0.26707107
v -0.84274870 -0.95049194 0.22999602
v -0.84273266 0.83051391 0.22999579
v -0.84237266 0.77182984 -0.26969543
v -0.84350535 -0.87349511 -0.26816143
v -0.84103096 -0.96157692 0.22904571
v -0.84703690 0.84884325 -0.26806902
v -0.84226984 -0.86000001 -0.26634392
v -0.84226984 0.74000001 -0.26634392
v -0.84224577 -0.87963641 -0.26780003
v -0.84293134 0.75403345 -0.26780142
v -0.84132605 -0.87175787 -0.26566908
v -0.84168541 0.74000001 -0.26555571
v -0.84216940 -0.89266844 -0.26963813
v -0.83936598 0.78566742 -0.26998330
v -0.84118080 -0.86000001 -0.26471397
v -0.84088465 0.75180648 -0.26498676
v -0.83791906 -0.97439535 -0.26912783
v -0.84152447 -0.87371600 -0.26640265
v -0.84141450 0.75386089 -0.26629966
v -0.84076118 -0.86000001 -0.26382685
v -0.84076118 0.74000001 -0.26382685
v -0.84043062 -0.86000001 -0.26290286
v -0.84043062 0.74000001 -0.26290286
v -0.84367015 -0.96700055 -0.26975995
v -0.84019220 -0.86000001 -0.26195091
v -0.84019220 0.74000001 -0.26195091
v -0.84031618 0.85959944 0.21236208
v -0.84004819 0.74000001 -0.26098016
v -0.83999997 -0.89999998 -0.15000001
v -0.83999997 -0.89999998 0.19000000
v -0.83999997 -0.86000001 -0.25999999
v -0.83999997 -0.86000001 -0.23000000
v -0.83999997 -0.86000001 0.19000000
v -0.83999997 -0.86000001 0.23000000
v -0.83999997 -0.86000001 0.25999999
v -0.83999997 0.74000001 -0.25999999
v -0.83982452 0.75011240 0.18993091
v -0.83999997 0.74000001 0.23000000
v -0.83999997 0.74000001 0.25999999
v -0.83999997 0.77999997 -0.15000001
v -0.83995175 0.74000001 0.26098019
v -0.83936555 0.75204032 -0.26088464
v -0.83980781 -0.86000001 0.26195100
v -0.83980781 0.74000001 0.26195100
v -0.83980745 0.77999997 -0.15392068
v -0.83971101 -0.90588099 -0.15000001
v -0.83971101 -0.90588099 0.19000000
v -0.83971101 0.78588098 0.19000000
v -0.84498949 -0.97544005 0.21506912
v -0.83886449 0.85808112 0.21955527
v -0.83956939 -0.86000001 0.26290280
v -0.83956939 0.74000001 0.26290280
v -0.83956003 0.77167219 -0.26833603
v -0.83973298 -0.86793998 -0.26027832
v -0.83898839 -0.87468528 -0.23000000
v -0.83951843 -0.86980176 0.19000000
v -0.83974279 0.74785033 -0.23000000
v -0.83767515 0.76446618 0.23000000
v -0.83923882 -0.86000001 0.26382679
v -0.83923882 0.74000001 0.26382679
v -0.83923143 -0.89999998 -0.15780362
v -0.83923143 0.77999997 -0.15780362
v -0.83886188 -0.97791844 0.21948168
v -0.83895966 -0.90659389 -0.26998384
v -0.84005436 -0.87339067 -0.26396018
v -0.84007170 0.75363629 -0.26407976
v -0.83884722 -0.91170537 -0.15000001
v -0.83884722 -0.91170537 0.19000000
v -0.83884722 0.79170537 -0.15000001
v -0.83884722 0.79170537 0.19000000
v -0.83881921 -0.86000001 0.26471400
v -0.83881921 0.74000001 0.26471400
v -0.83872168 -0.96855771 -0.26999830
v -0.83722682 -0.89656812 -0.26778398
v -0.83818439 0.77121426 -0.26719387
v -0.83940992 -0.87349614 -0.26196400
v -0.83641413 0.76748653 -0.26020568
v -0.83803801 -0.86555404 0.26578526
v -0.83831459 0.74000001 0.26555580
v -0.83921248 0.75378345 0.25982114
v -0.83827758 -0.89999998 -0.16161138
v -0.83827758 0.77999997 -0.16161138
v -0.83842615 -0.87897549 -0.25960247
v -0.83898839 -0.87468528 0.23000000
v -0.83888909 -0.87575383 0.25996054
v -0.83630866 0.76626856 -0.23007837
v -0.83708452 0.79689358 -0.15699792
v -0.83900156 -0.87147348 0.26308525
v -0.83901162 0.75337823 0.26226675
v -0.83620384 0.83963674 0.22994321
v -0.83778119 -0.89110643 -0.26673695
v -0.83773017 -0.86000001 0.26634398
v -0.83773017 0.74000001 0.26634398
v -0.83630493 -0.97417935 0.22533712
v -0.83741641 -0.91741699 -0.15000001
v -0.83741641 -0.91741699 0.19000000
v -0.83741641 0.79741699 -0.15000001
v -0.83741641 0.79741699 0.19000000
v -0.83714507 -0.87815118 0.26474093
v -0.83311588 -0.97264836 -0.27000044
v -0.83880663 0.84847591 -0.26999841
v -0.83707100 -0.86000001 0.26707101
v -0.83707100 0.74000001 0.26707101
v -0.83607569 -0.89059844 -0.26422059
v -0.83704585 0.77087241 -0.26577774
v -0.83695519 -0.89999998 -0.16530734
v -0.83695519 0.77999997 -0.16530734
v -0.83679080 -0.90482886 -0.26948144
v -0.83651119 0.78401324 -0.26929849
v -0.83484368 -0.90612930 -0.16945530
v -0.83909420 0.78644983 -0.15817307
v -0.83809923 0.75354322 0.26461514
v -0.83465303 0.85293850 0.22683498
v -0.83634400 -0.86000001 0.26773021
v -0.83634400 0.74000001 0.26773021
v -0.83612579 -0.87796897 0.26626918
v -0.83309191 -0.96076620 0.22999556
v -0.83260887 0.77836118 -0.23000000
v -0.83726834 0.76387135 0.25787345
v -0.83885310 -0.91270882 -0.15453384
v -0.83589803 0.77049205 -0.26363209
v -0.83714792 -0.91053774 -0.16267300
v -0.83555704 -0.98314697 -0.25999999
v -0.83528438 0.86331502 -0.26057041
v -0.83555704 0.86314696 0.20999999
v -0.83555579 -0.86000001 0.26831460
v -0.83555579 0.74000001 0.26831460
v -0.83543283 -0.92296100 -0.15000001
v -0.83543283 -0.92296100 0.19000000
v -0.83543283 0.80296099 -0.15000001
v -0.83543283 0.80296099 0.19000000
v -0.83337616 -0.89630697 -0.26081436
v -0.83253478 -0.89087895 0.26713408
v -0.83674596 0.75312619 0.26666185
v -0.83527678 -0.89999998 -0.16885586
v -0.83507452 0.78527539 -0.16883610
v -0.83363176 -0.89555744 0.26087278
v -0.83446586 0.77312101 0.25994230
v -0.84038912 -0.97966243 -0.26194606
v -0.83525240 0.86353437 -0.26263202
v -0.83502261 0.77023252 0.26244442
v -0.83497655 -0.98296797 -0.26303151
v -0.83899390 -0.87778445 0.26125806
v -0.83356451 0.80520878 -0.16083240
v -0.83430306 -0.86530198 0.26898161
v -0.82853664 -0.98672791 -0.26392196
v -0.82988453 0.86535353 -0.26501946
v -0.83471400 0.74000001 0.26881921
v -0.83391449 -0.88984953 0.26529224
v -0.83578336 -0.87145577 0.26775481
v -0.83482185 0.75319726 0.26830514
v -0.83281659 0.78262880 -0.26633062
v -0.83908626 0.85801482 -0.26640687
v -0.83417320 0.76996717 0.26474090
v -0.83382684 -0.86000001 0.26923883
v -0.83382684 0.74000001 0.26923883
v -0.83167025 -0.91693291 -0.17074753
v -0.83634189 -0.97863909 -0.26760835
v -0.83397410 -0.91977904 -0.16527455
v -0.83339770 0.79474430 -0.16955266
v -0.83338243 -0.87745619 0.26866019
v -0.83325881 0.77999997 -0.17222279
v -0.83283581 -0.90272646 -0.26628287
v -0.83268799 -0.92839030 -0.15378433
v -0.83291519 -0.92828375 0.19000000
v -0.83291519 0.80828375 -0.15000001
v -0.83291519 0.80828375 0.19000000
v -0.83213122 -0.96775014 0.22933772
v -0.83290285 -0.86000001 0.26956940
v -0.83290285 0.74000001 0.26956940
v -0.83167328 0.81031942 -0.15378735
v -0.83190153 -0.86559832 0.26980047
v -0.82771416 -0.98341852 -0.26812518
v -0.83749310 0.85572303 -0.26872014
v -0.83281365 0.76954357 0.26675165
v -0.83454637 -0.89290752 -0.23000000
v -0.83151973 -0.90173554 0.23000000
v -0.83054415 -0.90269905 0.26022121
v -0.84013410 0.75753096 0.18991980
v -0.83175495 -0.87704115 0.26945117
v -0.83195096 -0.86000001 0.26980782
v -0.83195096 0.74000001 0.26980782
v -0.82939379 -0.90760960 -0.26462768
v -0.83689421 0.85481718 -0.26924419
v -0.83078751 -0.91701916 -0.26969589
v -0.82873742 0.84722730 0.22988331
v -0.83102510 0.76899514 0.26835328
v -0.82872821 0.80520053 -0.27000007
v -0.83029366 0.85879796 -0.26955852
v -0.83267101 0.75273262 0.26942501
v -0.83112097 -0.90192223 -0.26243913
v -0.83105779 0.79284155 -0.17311096
v -0.83098024 -0.86000001 0.26995179
v -0.83092040 -0.89999998 -0.17537574
v -0.83092040 0.77999997 -0.17537574
v -0.83036648 0.78314739 -0.26192893
v -0.83024973 0.78325123 0.26043493
v -0.82950914 -0.89221858 0.26870817
v -0.83113375 -0.92626379 -0.16527386
v -0.82959811 0.80704194 -0.16702771
v -0.83320903 -0.89583323 0.26261758
v -0.83075227 0.74215653 0.26997356
v -0.82978348 -0.90129796 0.26474113
v -0.82999998 0.74000001 0.27000001
v -0.83198010 -0.98552156 0.21055711
v -0.82876688 -0.88429027 0.26983677
v -0.83072159 0.75308249 0.26988097
v -0.82988822 -0.93333417 -0.15000001
v -0.82988822 -0.93333417 0.19000000
v -0.82988822 0.81333423 0.19000000
v -0.82988298 -0.97528100 -0.26999524
v -0.82988298 0.85528100 -0.26999524
v -0.82936488 0.86561130 0.21729574
v -0.83149489 0.79587685 -0.26969598
v -0.82961811 -0.87133170 0.26999981
v -0.83522483 -0.98285575 0.21506878
v -0.82774948 0.76871546 0.26981011
v -0.82738226 -0.90588357 -0.17890835
v -0.82628218 0.79811366 -0.17709253
v -0.82858824 -0.98405481 0.22058493
v -0.82982375 0.78136887 0.26477698
v -0.82868233 0.75678756 0.26999886
v -0.82828420 -0.89999998 -0.17828429
v -0.82828420 0.77999997 -0.17828429
v -0.82819223 -0.90713960 -0.23000000
v -0.83461382 -0.89385392 0.19000214
v -0.82675203 0.78010036 0.26841707
v -0.82968405 -0.91243919 -0.17512969
v -0.82726614 0.78903225 -0.17863281
v -0.82901375 -0.91358178 -0.26765045
v -0.82840747 0.79470560 -0.26799673
v -0.82636610 0.86076549 0.22533684
v -0.82724082 -0.91401720 -0.26673695
v -0.82625299 0.79335004 -0.26531583
v -0.83038144 -0.98651013 -0.26082814
v -0.82713962 -0.98819220 0.20999999
v -0.82713962 0.86819220 -0.25999999
v -0.82498708 0.86944330 0.21119412
v -0.82586717 -0.97875997 0.22683511
v -0.82751971 -0.93234654 -0.16527444
v -0.82219303 0.80308845 -0.17899814
v -0.82638061 -0.93806356 -0.15000001
v -0.82638061 -0.93806356 0.19000000
v -0.82638061 0.81806356 -0.15000001
v -0.82638061 0.81806356 0.19000000
v -0.82607535 -0.88715287 0.26999892
v -0.82582164 -0.91163176 -0.26198365
v -0.82537580 -0.89999998 -0.18092042
v -0.82537580 0.77999997 -0.18092042
v -0.82482733 -0.89890750 0.26945100
v -0.82527864 0.79280221 -0.26243913
v -0.82448832 0.79363512 -0.26098466
v -0.82229044 0.79706529 0.26061211
v -0.82359915 -0.92807949 -0.26980541
v -0.82750420 -0.90802222 0.26284181
v -0.81916070 0.87186109 -0.26261608
v -0.82359667 0.77873451 0.26978853
v -0.81901705 0.87083777 -0.26501825
v -0.82548015 -0.93791648 -0.15935387
v -0.82419777 0.81983657 -0.15778797
v -0.82207261 0.85441554 0.22933765
v -0.82450750 0.79235667 0.26364800
v -0.82514938 -0.92418206 -0.17512960
v -0.81397561 -0.99231805 -0.26622526
v -0.82297493 -0.89778335 0.26994056
v -0.82198774 0.77776916 0.26999803
v -0.82314700 -0.91555703 0.25999999
v -0.82044465 0.79966241 -0.23000000
v -0.82204038 0.79093127 0.26766842
v -0.82177122 0.80963737 -0.17512998
v -0.82468502 -0.91722611 -0.17877780
v -0.82847066 0.86360776 -0.26765897
v -0.82292311 -0.97108071 0.22988328
v -0.82207281 -0.91078930 0.26760982
v -0.82242638 -0.94242638 -0.15000001
v -0.82242638 -0.94242638 0.19000000
v -0.82242638 0.82242638 -0.15000001
v -0.82242638 0.82242638 0.19000000
v -0.81955624 -0.98099727 -0.26999995
v -0.82234520 -0.98504061 -0.26866025
v -0.82150483 0.81832260 -0.16702701
v -0.82222617 -0.92616725 -0.26895162
v -0.82222283 -0.89999998 -0.18325879
v -0.82198746 0.78399471 -0.18331053
v -0.81634773 -0.98667998 -0.26924424
v -0.82286055 0.80622441 -0.26929842
v -0.82604793 -0.98062718 -0.26963572
v -0.82082319 0.79026741 -0.18334410
v -0.82523087 -0.97972998 -0.26988763
v -0.82643269 0.85903604 -0.26988764
v -0.82462446 -0.90398570 0.26857650
v -0.81693551 -0.93107395 -0.26844728
v -0.82183516 -0.92954687 -0.17513014
v -0.82023229 0.84979439 0.22999486
v -0.82025385 -0.98084038 -0.26999524
v -0.82025385 0.86084038 -0.26999524
v -0.81898381 -0.92361956 -0.26531652
v -0.82027894 0.80457480 -0.26719426
v -0.81651194 -0.91368828 0.26946232
v -0.81812691 0.78922428 0.26980629
v -0.82338775 -0.89469096 0.26999983
v -0.81937301 0.78242576 0.27000001
v -0.81857610 0.80318739 -0.26422113
v -0.81781174 0.81454587 -0.17513081
v -0.81795466 -0.90342520 -0.18569046
v -0.81885582 0.77999997 -0.18527687
v -0.81862726 0.87132056 0.21609561
v -0.82462540 -0.98901326 0.21507038
v -0.81826842 -0.99238801 -0.25999999
v -0.81826842 -0.99238801 0.20999999
v -0.81826842 0.87238801 -0.25999999
v -0.81826842 0.87238801 0.20999999
v -0.81770852 -0.98879942 0.22166921
v -0.81994047 -0.92027889 -0.26121134
v -0.81806356 -0.94638062 -0.15000001
v -0.81806356 -0.94638062 0.19000000
v -0.81806356 0.82638061 -0.15000001
v -0.81806356 0.82638061 0.19000000
v -0.81555573 0.80564778 -0.26008639
v -0.81502199 -0.91212282 0.26994065
v -0.81685005 0.86746898 0.22360623
v -0.82546304 -0.92983848 -0.27000085
v -0.82015386 0.81451437 -0.26997829
v -0.81395157 0.80742387 0.26169869
v -0.82072555 -0.94164238 -0.16231308
v -0.82059587 -0.91859242 0.26345611
v -0.81739170 0.80228438 0.26362037
v -0.81678140 -0.90754098 0.26999518
v -0.81587693 0.80116024 0.26680326
v -0.81587541 0.79168009 -0.18616687
v -0.81788720 -0.93446305 -0.17513085
v -0.82024314 -0.91603437 0.26645677
v -0.81463338 -0.93829060 -0.26990411
v -0.81518526 -0.98173617 0.22807764
v -0.81530738 -0.89999998 -0.18695517
v -0.81530738 0.77999997 -0.18695517
v -0.81313531 0.79230619 -0.18705833
v -0.81508535 0.81743437 -0.26976848
v -0.81291858 0.86020553 0.22904560
v -0.80985298 0.79696866 0.27000055
v -0.81444917 -0.91986251 0.26835357
v -0.81220578 0.81785404 -0.17709266
v -0.81242703 0.79889023 0.26952278
v -0.81300425 -0.94992774 -0.15378444
v -0.81333423 -0.94988823 0.19000000
v -0.81333423 0.82988822 -0.15000001
v -0.81333423 0.82988822 0.19000000
v -0.81338925 0.80159497 -0.18531771
v -0.81419210 -0.99425545 -0.26112855
v -0.80757392 0.87597726 -0.26261691
v -0.81307900 -0.99387163 -0.26303151
v -0.81056675 -0.90349049 -0.18859727
v -0.81577248 0.82747228 -0.15763865
v -0.80756019 0.87494348 -0.26501822
v -0.80680126 -0.99555144 -0.26433814
v -0.81827328 0.87007017 -0.26640715
v -0.81302958 -0.97486140 0.22996214
v -0.81158075 -0.93627696 -0.17899790
v -0.81662172 -0.98916340 -0.26787222
v -0.80710277 -0.94121128 -0.26887071
v -0.81321809 0.81520266 -0.26874474
v -0.81210007 0.87102252 -0.26760968
v -0.80881232 -0.95069648 -0.16393494
v -0.81161141 -0.89999998 -0.18827762
v -0.81161141 0.77999997 -0.18827762
v -0.80592556 -0.99253795 -0.26812475
v -0.81056730 -0.93284318 -0.26531622
v -0.81137149 0.85418134 0.22999581
v -0.81665123 -0.90528831 -0.18656296
v -0.81115268 0.81335827 -0.26628355
v -0.81048267 0.80553414 -0.18531770
v -0.80828429 0.86757251 -0.26983531
v -0.81748681 -0.92359064 -0.23000000
v -0.81071061 -0.93071061 0.23000000
v -0.80658142 0.81475851 -0.23000000
v -0.82161820 0.79878611 0.19000187
v -0.81759882 0.80368248 0.23000000
v -0.80991607 0.81149636 0.26050774
v -0.81238850 -0.94367545 -0.17074714
v -0.80978737 0.81204680 -0.26285149
v -0.81035721 0.79661620 0.26999518
v -0.81001419 -0.98517442 -0.26999524
v -0.81001419 0.86517441 -0.26999524
v -0.81000000 -0.86000001 0.27000001
v -0.81210650 -0.92949793 -0.26131679
v -0.80570459 -0.93559504 0.26087830
v -0.81812307 -0.91130586 -0.18531767
v -0.81773902 -0.92328116 0.26217034
v -0.80824436 0.82272529 -0.17513024
v -0.80902839 -0.99569398 -0.25999999
v -0.80902839 -0.99569398 0.20999999
v -0.80902839 0.87569398 -0.25999999
v -0.80902839 0.87569398 0.20999999
v -0.80892616 -0.86820956 0.26997634
v -0.80901980 0.74000001 0.26995179
v -0.80897623 -0.93113405 0.26417962
v -0.80834561 0.81056478 0.26583474
v -0.80981632 0.75674806 0.27009069
v -0.80790026 -0.92991011 0.26680335
v -0.80828375 -0.95291519 -0.15000001
v -0.80828375 -0.95291519 0.19000000
v -0.81021229 0.83150515 -0.15635028
v -0.80828375 0.83291519 0.19000000
v -0.80804902 -0.86000001 0.26980782
v -0.80804902 0.74000001 0.26980782
v -0.80415994 0.80801096 -0.18662216
v -0.80780357 -0.89999998 -0.18923143
v -0.80780357 0.77999997 -0.18923143
v -0.80957507 -0.90719288 -0.18870225
v -0.80737543 -0.94131362 -0.17694782
v -0.81329701 -0.99399580 0.21451600
v -0.80720418 0.87563837 0.21488887
v -0.81444859 -0.91347699 -0.18662200
v -0.80709720 -0.86000001 0.26956940
v -0.80709720 0.74000001 0.26956940
v -0.80686539 -0.99442178 0.21835919
v -0.80629317 0.87282215 0.22166901
v -0.80558491 0.80802634 0.26903880
v -0.80613497 -0.86886045 0.26946404
v -0.80740559 0.75331551 0.26994719
v -0.80662900 0.79031599 -0.18907395
v -0.80575697 0.74804778 0.26928913
v -0.80612787 -0.99124720 0.22360631
v -0.80617315 -0.86000001 0.26923883
v -0.80617315 0.74000001 0.26923883
v -0.80551647 -0.92728183 0.26925791
v -0.79903937 -0.98821792 -0.26999943
v -0.81010833 0.86498730 -0.26999981
v -0.80667002 -0.87926961 0.26998427
v -0.80481936 -0.94725954 -0.26994462
v -0.81295725 -0.94906589 -0.16040678
v -0.81090281 0.82728871 -0.16702812
v -0.80528605 -0.86000001 0.26881921
v -0.80383104 0.86573751 0.22807756
v -0.80258094 -0.91782152 -0.18908768
v -0.80156433 0.79435573 -0.18969315
v -0.80619661 0.82626631 -0.26995218
v -0.80463611 -0.98312416 0.22904561
v -0.80337127 0.80651789 -0.18705821
v -0.81421325 -0.92026616 -0.18531713
v -0.80428396 -0.86754369 0.26839492
v -0.80444419 0.74000001 0.26831460
v -0.79864208 0.82925440 -0.26940232
v -0.80392057 -0.89999998 -0.18980737
v -0.80392057 0.77999997 -0.18980737
v -0.80371976 -0.92571318 0.26988161
v -0.80365598 -0.86000001 0.26773021
v -0.80365598 0.74000001 0.26773021
v -0.80985294 -0.91696872 0.27000055
v -0.80630627 0.78547777 -0.18947579
v -0.80287940 -0.94582227 -0.17513077
v -0.80311203 -0.93790969 -0.26105216
v -0.81460709 -0.92761895 0.19000240
v -0.79675103 -0.94270983 0.23000000
v -0.79970846 -0.94035160 0.26022132
v -0.80343938 0.81730103 0.23000000
v -0.80217313 0.79805684 -0.18907739
v -0.80296099 -0.95543283 -0.15000001
v -0.80296099 -0.95543283 0.19000000
v -0.80296099 0.83543283 -0.15000001
v -0.80296099 0.83543283 0.19000000
v -0.80292898 -0.86000001 0.26707101
v -0.80292898 0.74000001 0.26707101
v -0.80284546 -0.92479139 0.26999863
v -0.80314863 0.80573351 0.26994353
v -0.80273265 0.85989678 0.22976342
v -0.80418837 0.76142419 0.26986610
v -0.80315594 -0.86857764 0.26772266
v -0.79661408 -0.94884216 -0.26887074
v -0.80226982 -0.86000001 0.26634398
v -0.80226982 0.74000001 0.26634398
v -0.80164934 -0.90970813 -0.18983018
v -0.80189208 0.85750195 0.22999613
v -0.80108103 -0.94096259 -0.26531594
v -0.80273689 0.82284659 -0.26805788
v -0.80168539 -0.86000001 0.26555580
v -0.81146421 -0.92431488 -0.18531755
v -0.80239350 0.74981736 0.26721572
v -0.81258290 0.87501548 -0.26063855
v -0.79465387 0.87888395 -0.26205818
v -0.80100618 -0.86713213 0.26488491
v -0.80118078 0.74000001 0.26471400
v -0.80120060 0.74351401 0.26492422
v -0.79304852 -0.99773057 -0.26549389
v -0.80116428 0.82097856 -0.26527441
v -0.79993457 0.80918926 -0.18705829
v -0.80166015 -0.87092988 0.26658386
v -0.80076116 -0.86000001 0.26382679
v -0.80076116 0.74000001 0.26382679
v -0.80053987 0.82016052 -0.26303826
v -0.79645380 0.87550377 -0.26739024
v -0.80127630 0.82290552 -0.17877707
v -0.80252737 -0.87945350 0.26908928
v -0.80044538 -0.94004279 -0.26243913
v -0.80043060 -0.86000001 0.26290280
v -0.80043060 0.74000001 0.26290280
v -0.80019218 -0.86000001 0.26195100
v -0.80019218 0.74000001 0.26195100
v -0.80020008 0.74804285 0.26363980
v -0.80036877 0.81970164 0.26083169
v -0.80207092 -0.99102477 -0.26941553
v -0.80602422 0.87031747 -0.26924438
v -0.80004823 -0.86000001 0.26098019
v -0.80000001 -0.89999998 -0.19000000
v -0.80000001 -0.86000001 0.25999999
v -0.80000001 0.74000001 0.23000000
v -0.80000001 0.74000001 0.25999999
v -0.80000001 0.77999997 -0.19000000
v -0.81037725 -0.93136006 0.26244826
v -0.79956376 0.81894173 0.26477741
v -0.79987342 -0.90255601 -0.18999999
v -0.80213817 -0.95491838 -0.15935344
v -0.80009817 0.83600335 -0.15778952
v -0.79251842 0.87209094 -0.26963463
v -0.79956254 -0.93885951 0.26474176
v -0.79985088 -0.86463802 0.22999140
v -0.79969398 -0.86788113 0.26200322
v -0.80441670 -0.98835457 -0.26988764
v -0.80077591 0.76868704 0.26969499
v -0.79950899 -0.99807858 -0.25999999
v -0.79950899 -0.99807858 0.20999999
v -0.79950899 0.87807864 -0.25999999
v -0.79950899 0.87807864 0.20999999
v -0.79933637 -0.91368783 -0.18982936
v -0.79931974 0.86821717 -0.26999524
v -0.79927522 0.75108039 0.26243919
v -0.80301303 -0.90419311 -0.18986858
v -0.79978764 0.78349277 -0.18999998
v -0.79963834 0.74771190 0.26049156
v -0.80083336 0.83127128 -0.16938679
v -0.79828411 -0.93699109 0.26766819
v -0.79780816 -0.87439345 0.23066552
v -0.79939261 0.74881223 0.23005020
v -0.80034434 0.81861645 -0.18249811
v -0.79710039 0.80291900 -0.18907736
v -0.79981678 0.76254043 0.26787527
v -0.79745801 0.81637043 0.26841730
v -0.80823790 -0.92799617 -0.18531787
v -0.79835939 0.83210039 -0.16892374
v -0.79812583 0.77678234 0.26996017
v -0.80065551 -0.88693350 0.26960652
v -0.79272329 0.86908340 -0.27000046
v -0.79669578 -0.91686524 -0.18982935
v -0.79838797 0.79525636 -0.18983163
v -0.79668025 -0.94681769 -0.17709275
v -0.79722891 -0.87827928 0.26150957
v -0.79795802 0.75847255 0.26422097
v -0.79741699 -0.95741636 -0.15000001
v -0.79741699 -0.95741636 0.19000000
v -0.79741699 0.83741641 -0.15000001
v -0.79741699 0.83741641 0.19000000
v -0.79741639 -0.87741697 0.23000000
v -0.79471432 0.76566755 0.26122528
v -0.79187322 -0.89343381 0.26525492
v -0.79619725 0.81141702 -0.18705836
v -0.79834755 -0.89517206 0.26989443
v -0.79622546 -0.93325278 0.26980561
v -0.79635590 0.82693215 -0.17709259
v -0.79532484 0.81367481 0.26978849
v -0.79615828 0.77486476 0.26922886
v -0.79811103 -0.97865823 0.22999338
v -0.79973612 0.82037335 -0.26095358
v -0.79555702 0.82314700 -0.23000000
v -0.79290877 0.82554520 0.19000199
v -0.79555702 0.82314700 0.23000000
v -0.79721519 -0.91039659 -0.19000005
v -0.79721492 0.79039643 -0.19000007
v -0.79543281 -0.88296098 0.23000000
v -0.79680442 -0.99894540 0.21034587
v -0.79121344 -0.99896097 0.21471854
v -0.79528701 0.87848002 0.21367501
v -0.79492057 0.87663935 0.21955445
v -0.79680550 -0.88264737 0.26472987
v -0.79882740 0.75935601 0.26551343
v -0.79123866 -0.99659152 0.22030726
v -0.79464981 0.76504581 0.26166729
v -0.79437014 -0.88561129 0.26100395
v -0.78932156 -0.95701921 -0.26994118
v -0.80525947 0.83130102 -0.27019440
v -0.79436368 0.81206256 0.26999807
v -0.79079876 -0.99439253 0.22340312
v -0.79076894 0.87233260 0.22536039
v -0.79399037 -0.93970180 -0.18334410
v -0.78570585 0.83721539 -0.26963671
v -0.79120524 0.78596175 0.26995040
v -0.79058191 -0.98958841 0.22724968
v -0.79352327 0.86788946 0.22794087
v -0.79119757 -0.89764453 0.26767757
v -0.79018404 -0.98625908 0.22886129
v -0.79151400 0.86266491 0.22978102
v -0.79308599 -0.91974860 -0.18982936
v -0.79032170 0.80143914 -0.18983096
v -0.79291517 -0.88828379 0.23000000
v -0.79564548 0.76304898 0.22991480
v -0.78088867 0.83793207 -0.26899912
v -0.79272902 0.80556345 -0.18907395
v -0.79334489 -0.91493348 -0.19000000
v -0.78803122 0.81610815 -0.18662234
v -0.79617926 -0.95595396 -0.16231424
v -0.79279526 0.77276805 0.26633042
v -0.78721736 -0.95252403 -0.26778362
v -0.79170537 -0.95884722 -0.15000001
v -0.79170537 -0.95884722 0.19000000
v -0.79170537 0.83884722 -0.15000001
v -0.79170537 0.83884722 0.19000000
v -0.79123784 0.77160458 0.26226791
v -0.79066864 -0.94785506 -0.26531583
v -0.79118968 -0.89191421 0.26290090
v -0.79046482 0.82858670 -0.17709226
v -0.80055615 -0.93403928 -0.18531741
v -0.78976462 0.78369833 0.26923684
v -0.79157030 0.82913249 -0.26724957
v -0.79474933 -0.92185820 -0.18959089
v -0.78996227 0.82694929 -0.26278146
v -0.79012840 -0.94664065 -0.26157589
v -0.79000139 -0.93483222 0.27000001
v -0.79000139 0.81483221 0.27000001
v -0.78968196 0.82610687 0.26364855
v -0.78988820 -0.89333421 0.23000000
v -0.78790935 -0.94744790 -0.17863792
v -0.78980178 -0.99951845 -0.25999999
v -0.78980178 0.87951845 0.20999999
v -0.79537400 -0.94309962 0.26261972
v -0.78929409 -0.94532856 0.26529263
v -0.79788634 -0.92653460 -0.18857685
v -0.78949118 0.80693400 -0.18907395
v -0.79227471 -0.90096010 0.26963147
v -0.79272750 0.77668989 0.26779966
v -0.78940025 -0.91771809 -0.19000002
v -0.79201255 0.79612810 -0.19000007
v -0.79312715 -0.99927707 -0.26123259
v -0.78942159 0.87954763 -0.26048081
v -0.78912257 -0.99891905 -0.26363350
v -0.79530037 0.87684569 -0.26618169
v -0.79363546 -0.99545687 -0.26780619
v -0.78818304 0.82368417 0.26766831
v -0.78214977 -0.90507732 0.26525396
v -0.78715592 -0.99458918 -0.26876657
v -0.80691935 0.87202239 -0.26865932
v -0.79250339 -0.99232211 -0.26954465
v -0.78793334 -0.94268176 0.26841729
v -0.78799733 -0.99072962 -0.26995277
v -0.78833258 0.86992282 -0.26999524
v -0.78844690 0.77900245 0.26628244
v -0.78594075 0.81695470 -0.18629442
v -0.78964217 -0.90849779 0.26998431
v -0.78511050 0.79272089 0.26997654
v -0.78710494 0.77749298 0.26261349
v -0.78502252 0.79947631 -0.19000006
v -0.78724021 -0.90871805 0.26976842
v -0.78195464 -0.95091731 -0.26056870
v -0.78264987 -0.95059747 0.25960092
v -0.78713959 0.82819223 -0.23000000
v -0.78713959 0.82819223 0.23000000
v -0.79582678 0.82331831 0.26046175
v -0.79621688 -0.93630744 -0.18531745
v -0.78554322 0.82032752 0.26980655
v -0.78638059 -0.89806360 0.23000000
v -0.78666868 -0.89801773 0.26215725
v -0.78389523 -0.94088365 0.26983523
v -0.78552259 -0.95959861 -0.15371018
v -0.78588098 -0.95971102 0.19000000
v -0.78588098 0.83971101 -0.15000001
v -0.78588098 0.83971101 0.19000000
v -0.78964929 0.83819310 -0.15992702
v -0.78967094 -0.95823555 -0.15966747
v -0.78807440 0.83551603 -0.16754459
v -0.78515404 -0.93820900 0.26999518
v -0.78506821 -0.92314219 -0.18982936
v -0.78398276 0.80332220 -0.18983447
v -0.78485781 -0.95242316 -0.17311096
v -0.78442211 0.82754048 -0.17890868
v -0.78537325 -0.90648643 0.26874509
v -0.78395793 -0.91966023 -0.19000003
v -0.78311444 -0.94204131 -0.18331847
v -0.77530270 -0.91047650 0.26520812
v -0.78386100 0.78526150 0.26719395
v -0.78330216 0.81276141 -0.18802273
v -0.79560290 0.87937621 0.21046542
v -0.78802084 -0.93712341 -0.18592413
v -0.78295842 0.87874796 0.21738021
v -0.78232257 0.78369428 0.26422107
v -0.78266218 0.86880316 0.22797588
v -0.78263497 0.80843562 -0.18907395
v -0.78233501 0.86411569 0.22960172
v -0.77631711 -0.96355482 -0.26998500
v -0.78453036 0.83995849 -0.26998618
v -0.78265196 -0.98049808 0.22999541
v -0.78265720 0.86049129 0.22999550
v -0.78242636 -0.90242636 0.23000000
v -0.78649166 0.77815355 0.23008877
v -0.78242576 -0.93937302 0.27000001
v -0.78242576 0.81937301 0.27000001
v -0.78118928 -0.90384847 0.26206831
v -0.78200926 0.78289387 0.26094964
v -0.77426458 -0.92083245 0.26998160
v -0.78072339 0.83621275 -0.26833603
v -0.76899391 -0.96113317 -0.26850414
v -0.77999997 -1.00000000 -0.25999999
v -0.77999997 -1.00000000 0.20999999
v -0.77999997 -0.99990356 0.21196041
v -0.77999997 -0.99980783 -0.26195091
v -0.77999997 -0.99961579 0.21390179
v -0.77999997 -0.99956942 -0.26290286
v -0.77999997 -0.99923879 -0.26382685
v -0.77999997 -0.99913877 0.21580559
v -0.77999997 -0.99881917 -0.26471397
v -0.77999997 -0.99847764 0.21765362
v -0.77999997 -0.99773020 -0.26634392
v -0.78988703 -0.99740653 0.21933110
v -0.77999997 -0.99707103 -0.26707107
v -0.77999997 -0.99662942 0.22111142
v -0.77999997 -0.99634397 -0.26773012
v -0.77999997 -0.99555582 -0.26831469
v -0.77999997 -0.99546021 0.22268780
v -0.77999997 -0.99414223 0.22414219
v -0.77999997 -0.99382681 -0.26923880
v -0.77999997 -0.99290282 -0.26956940
v -0.77999997 -0.99268782 0.22546020
v -0.77999997 -0.99195099 -0.26980785
v -0.78932775 -0.99112451 0.22643228
v -0.77999997 -0.99098021 -0.26995185
v -0.77999997 -0.99000001 -0.27000001
v -0.77999997 -0.98942804 0.22763839
v -0.77999997 -0.98765355 0.22847760
v -0.77999997 -0.98580557 0.22913879
v -0.77999997 -0.98390180 0.22961578
v -0.78743004 -0.98256510 0.22981313
v -0.77999997 -0.98000002 0.23000000
v -0.77999997 -0.95999998 -0.15000001
v -0.74826910 -0.96036631 0.18990862
v -0.77999997 -0.95980746 -0.15392068
v -0.77999997 -0.95923144 -0.15780362
v -0.77999997 -0.95827758 -0.16161138
v -0.77999997 -0.95695519 -0.16530734
v -0.78805197 -0.95409014 -0.17032580
v -0.77999997 -0.95325881 -0.17222279
v -0.77999997 -0.95092040 -0.17537574
v -0.77999997 -0.94828421 -0.17828429
v -0.77999997 -0.94537580 -0.18092042
v -0.77999997 -0.93885583 -0.18527687
v -0.77999997 -0.93530738 -0.18695517
v -0.77999997 -0.93161142 -0.18827762
v -0.77999997 -0.92780358 -0.18923143
v -0.78159817 -0.92611092 -0.18960562
v -0.77999997 -0.92000002 -0.19000000
v -0.77999997 0.68000001 -0.23000000
v -0.77999997 0.80000001 -0.19000000
v -0.77999997 0.80392057 -0.18980737
v -0.77999997 0.80780357 -0.18923143
v -0.77999997 0.81161141 -0.18827762
v -0.77999997 0.81530738 -0.18695517
v -0.77999997 0.82222283 -0.18325879
v -0.77999997 0.82537580 -0.18092042
v -0.77999997 0.82828420 -0.17828429
v -0.77999997 0.83092040 -0.17537574
v -0.78388340 0.83268542 -0.17290684
v -0.77999997 0.83527678 -0.16885586
v -0.77999997 0.83695519 -0.16530734
v -0.77999997 0.83827758 -0.16161138
v -0.77999997 0.83923143 -0.15780362
v -0.77999997 0.83980745 -0.15392068
v -0.77999997 0.83999997 -0.15000001
v -0.77999997 0.83999997 0.19000000
v -0.77999997 0.86000001 0.23000000
v -0.77999997 0.86196035 0.22990361
v -0.77999997 0.86390185 0.22961578
v -0.77999997 0.86580557 0.22913879
v -0.77999997 0.86765361 0.22847760
v -0.77999997 0.87000000 -0.27000001
v -0.77999997 0.87098020 -0.26995185
v -0.77999997 0.87111139 0.22662941
v -0.77999997 0.87195098 -0.26980785
v -0.77999997 0.87268782 0.22546020
v -0.77999997 0.87290281 -0.26956940
v -0.77999997 0.87382680 -0.26923880
v -0.77999997 0.87414223 0.22414219
v -0.77999997 0.87471396 -0.26881921
v -0.77999997 0.87546021 0.22268780
v -0.78745588 0.87555163 -0.26815858
v -0.77999997 0.87634397 -0.26773012
v -0.78258891 0.87597468 0.22203468
v -0.77999997 0.87707102 -0.26707107
v -0.77999997 0.87763840 0.21942799
v -0.77999997 0.87773019 -0.26634392
v -0.77999997 0.87831461 -0.26555571
v -0.77999997 0.87847763 0.21765362
v -0.79314745 0.87839199 -0.26430810
v -0.77999997 0.87913877 0.21580559
v -0.77999997 0.87923884 -0.26382685
v -0.77999997 0.87956941 -0.26290286
v -0.77999997 0.87961578 0.21390179
v -0.77999997 0.87980783 -0.26195091
v -0.77999997 0.87995178 -0.26098016
v -0.77999997 0.88000000 -0.25999999
v -0.77999997 0.88000000 0.20999999
v -0.77954724 -0.95346002 -0.26527581
v -0.77982417 -0.80714087 -0.23000022
v -0.77951843 0.68980181 -0.23000000
v -0.77996036 0.79336458 0.26948128
v -0.77987360 0.83403343 -0.26633103
v -0.77915120 -0.95250916 -0.26303790
v -0.77915909 0.83250572 -0.26303761
v -0.77608754 0.83342289 0.25947871
v -0.77891219 0.83193380 0.26183739
v -0.78328633 -0.94974952 0.26345701
v -0.77871680 0.83148678 0.26362025
v -0.77791358 0.82977961 0.26680360
v -0.79290957 -0.94554708 -0.23000000
v -0.78173432 -0.95151773 0.19000230
v -0.78154424 0.83106460 -0.26079651
v -0.76441661 0.83747884 0.23000000
v -0.77979490 -0.91200400 0.26908909
v -0.77852415 0.79106370 0.26799773
v -0.77227334 -0.95244293 0.26640613
v -0.77633820 0.70793285 -0.23000146
v -0.77806360 -0.90638059 0.23000000
v -0.77708196 -0.94691335 0.26903868
v -0.77594817 0.82614774 0.26952281
v -0.77568472 -0.90840961 0.26202533
v -0.77638532 0.78826776 0.26380918
v -0.77520078 -0.94316500 0.26999518
v -0.77520078 0.82316500 0.26999518
v -0.77415958 0.80024133 0.26997574
v -0.77444160 -0.94314921 0.27000001
v -0.77444160 0.82314920 0.27000001
v -0.77073317 -0.91161182 0.23000623
v -0.77579661 0.78826724 0.22995079
v -0.77562108 -0.83029687 -0.23000146
v -0.77272985 0.79739753 0.26929838
v -0.77369637 -0.91576454 0.26911566
v -0.77056017 0.79315411 0.26538222
v -0.76972253 -0.91222614 0.26152826
v -0.77137391 0.79122266 0.26077479
v -0.76896875 -0.96384897 -0.26980590
v -0.76902843 -0.95569396 -0.25999999
v -0.75958327 -0.95845575 -0.23000000
v -0.76492195 -0.95694995 0.26009301
v -0.77290736 0.83454643 -0.23000000
v -0.77620006 -0.95989827 -0.26921141
v -0.76453098 0.84357231 -0.26937784
v -0.76832235 0.83954298 -0.26759404
v -0.76819223 0.72713959 -0.23000000
v -0.77273069 -0.95724726 -0.26661714
v -0.76753655 -0.95641691 -0.26277105
v -0.76780027 0.83753441 -0.26531599
v -0.76733578 0.83630139 -0.26162248
v -0.76464468 0.83701052 0.26005915
v -0.77298580 -0.95437396 0.26186812
v -0.77859307 -0.95250542 0.26220564
v -0.76711577 -0.95530218 0.26417962
v -0.76682967 0.83450227 0.26583476
v -0.76643601 -0.95282582 0.26760986
v -0.76559760 0.83096018 0.26903874
v -0.76612556 -0.94612455 0.27000001
v -0.76612556 0.82612455 0.27000001
v -0.76600123 -0.94965287 0.26952282
v -0.76553776 0.80248587 0.26980594
v -0.76590841 -0.92014031 0.26908924
v -0.76471400 -0.94686055 0.26999518
v -0.76454252 0.82778779 0.26994325
v -0.76029866 -0.91878419 0.26613101
v -0.76214618 -0.91591408 0.26197499
v -0.76384220 0.79679371 0.26595419
v -0.76516275 0.79457108 0.26076184
v -0.76541652 -0.85221017 -0.23000028
v -0.76567012 0.79427870 0.23005020
v -0.76226164 0.83773079 -0.26132709
v -0.75305715 -0.92613691 0.26964973
v -0.75780149 0.80580829 0.26990657
v -0.75755823 -0.94827056 0.27000001
v -0.75755823 0.82827055 0.27000001
v -0.76007370 -0.91661588 0.23000621
v -0.75493627 0.79820794 0.26109344
v -0.75798204 -0.92242098 0.26874509
v -0.75730103 -0.86343938 -0.23000000
v -0.76037761 0.73961348 -0.23000018
v -0.75694044 0.79978383 0.26633050
v -0.75578680 -0.96603934 -0.26969601
v -0.76048970 0.84670402 -0.26990500
v -0.75201930 0.84514896 -0.26907922
v -0.75061455 -0.96341760 -0.26789039
v -0.75573957 -0.96139556 -0.26673695
v -0.75543366 -0.95964238 -0.26422066
v -0.75549933 0.83963214 -0.26422062
v -0.75694899 -0.95861309 -0.26082085
v -0.75112663 -0.95946043 0.26026428
v -0.76060690 0.83822896 0.26072325
v -0.75097811 -0.95937975 0.26172067
v -0.75531304 0.83864820 0.26183739
v -0.75138889 -0.95897323 0.26308037
v -0.75513017 0.83772817 0.26477670
v -0.75128636 -0.95810306 0.26503898
v -0.75096167 -0.95697517 0.26667477
v -0.75449081 0.83446676 0.26841712
v -0.75100740 -0.95458881 0.26858871
v -0.75072735 -0.95289319 0.26942518
v -0.75422502 0.83163917 0.26961818
v -0.75385237 -0.94923919 0.26999518
v -0.74881223 -0.91939261 0.23005020
v -0.74426654 -0.96911425 -0.26996977
v -0.74922281 -0.92794467 0.26991366
v -0.75111331 0.80576926 0.26940977
v -0.74654866 0.80484337 0.26871585
v -0.76446618 -0.95767515 0.23000000
v -0.74980181 0.83951843 -0.25999999
v -0.75468516 0.83898841 -0.23000000
v -0.75533523 0.83966525 0.18986077
v -0.74973941 -0.92274237 0.26759398
v -0.74686732 0.80226026 0.26675368
v -0.75167097 -0.92070208 0.26572757
v -0.74665489 -0.92013875 0.26297217
v -0.75098070 0.79974673 0.26313721
v -0.75618252 -0.91816347 0.26273505
v -0.74654559 0.79969511 0.26054457
v -0.74882156 -0.94956660 0.27000001
v -0.74882156 0.82956660 0.27000001
v -0.74736179 -0.91968069 0.26022609
v -0.75175054 0.79907288 0.22991480
v -0.74786987 0.75359053 -0.23000017
v -0.75594453 0.84885968 -0.26998597
v -0.74296939 -0.96654602 -0.26944639
v -0.74336821 0.84725331 -0.26964863
v -0.75136150 0.84284404 -0.26746823
v -0.74311006 -0.96131499 -0.26522098
v -0.75127099 0.84185403 -0.26645849
v -0.74315500 0.84087572 -0.26424836
v -0.74646368 -0.95981575 -0.26104036
v -0.74274213 0.83987247 0.26165917
v -0.74313659 0.83842268 0.26539235
v -0.74298413 0.83641505 0.26765427
v -0.74292898 -0.80000001 -0.26707107
v -0.74292898 -0.13853982 -0.26707107
v -0.74224563 0.68935412 -0.26724675
v -0.74281612 0.83438545 0.26898657
v -0.74272350 0.83203273 0.26980063
v -0.75093635 -0.95069655 0.26992644
v -0.75281056 0.83013225 0.26995841
v -0.74220175 -0.80000001 -0.26773012
v -0.74220175 0.68000001 -0.26773012
v -0.74199461 -0.92304321 0.26734343
v -0.74191321 -0.92131827 0.26502205
v -0.74112500 -0.81506941 -0.26713087
v -0.74171984 0.69227678 -0.26707107
v -0.74141520 -0.80760485 -0.26798016
v -0.74030622 0.69016598 -0.26855827
v -0.74141359 -0.80000001 -0.26831469
v -0.74141359 0.68000001 -0.26831469
v -0.74200495 -0.81054780 -0.26721462
v -0.74057180 -0.80000001 -0.26881921
v -0.74057180 0.68000001 -0.26881921
v -0.74021918 0.69826734 -0.26707107
v -0.74000001 -0.97000003 -0.27000001
v -0.74000001 -0.96804899 -0.26980785
v -0.74000001 -0.96709716 -0.26956940
v -0.74000001 -0.96617317 -0.26923880
v -0.74000001 -0.96528602 -0.26881921
v -0.74000001 -0.96444422 -0.26831469
v -0.74000001 -0.96365601 -0.26773012
v -0.74000001 -0.96292901 -0.26707107
v -0.74000001 -0.96226984 -0.26634392
v -0.74000001 -0.96168542 -0.26555571
v -0.74000001 -0.96118081 -0.26471397
v -0.74000001 -0.96076119 -0.26382685
v -0.74000001 -0.96043062 -0.26290286
v -0.74000001 -0.96019220 -0.26195091
v -0.74000001 -0.96004820 -0.26098016
v -0.74000001 -0.95999998 -0.25999999
v -0.74000001 -0.95999998 -0.23000000
v -0.74000001 -0.95999998 0.19000000
v -0.74000001 -0.95999998 0.23000000
v -0.74000001 -0.95999998 0.25999999
v -0.74000001 -0.95995176 0.26098019
v -0.74000001 -0.95980781 0.26195100
v -0.74000001 -0.95956939 0.26290280
v -0.74000001 -0.95923883 0.26382679
v -0.75000313 -0.95837997 0.26501407
v -0.74000001 -0.95831460 0.26555580
v -0.74000001 -0.95773017 0.26634398
v -0.74000001 -0.95707101 0.26707101
v -0.74000001 -0.95634401 0.26773021
v -0.74981408 -0.95517571 0.26837841
v -0.74000001 -0.95471400 0.26881921
v -0.74000001 -0.95382684 0.26923883
v -0.74000001 -0.95290285 0.26956940
v -0.74000001 -0.95195097 0.26980782
v -0.74000001 -0.95098025 0.26995179
v -0.74000001 -0.94999999 0.27000001
v -0.74000001 -0.93000001 0.27000001
v -0.74000001 -0.92901975 0.26995179
v -0.74000001 -0.92804903 0.26980782
v -0.74000001 -0.92709714 0.26956940
v -0.74000001 -0.92617315 0.26923883
v -0.74674278 -0.92469932 0.26863961
v -0.74000001 -0.92444420 0.26831460
v -0.74000001 -0.92365599 0.26773021
v -0.74000001 -0.92292899 0.26707101
v -0.74000001 -0.92226982 0.26634398
v -0.74000001 -0.92118078 0.26471400
v -0.74000001 -0.92076117 0.26382679
v -0.74000001 -0.92043060 0.26290280
v -0.74000001 -0.92019218 0.26195100
v -0.74000001 -0.92000002 0.23000000
v -0.74000001 -0.92000002 0.25999999
v -0.74000001 -0.80000001 -0.19000000
v -0.74000001 0.68000001 -0.19000000
v -0.74000001 0.80000001 0.23000000
v -0.74000001 0.80000001 0.25999999
v -0.74000001 0.80004823 0.26098019
v -0.74000001 0.80019218 0.26195100
v -0.74000001 0.80043060 0.26290280
v -0.74000001 0.80076116 0.26382679
v -0.74623608 0.80063384 0.26408187
v -0.74000001 0.80168539 0.26555580
v -0.74000001 0.80226982 0.26634398
v -0.74000001 0.80292898 0.26707101
v -0.74000001 0.80365598 0.26773021
v -0.74000001 0.80528605 0.26881921
v -0.74000001 0.80617315 0.26923883
v -0.74000001 0.80709720 0.26956940
v -0.74000001 0.80804902 0.26980782
v -0.74667954 0.80904102 0.26997342
v -0.74000001 0.81000000 0.27000001
v -0.74000001 0.82999998 0.27000001
v -0.74000001 0.83098024 0.26995179
v -0.74000001 0.83195096 0.26980782
v -0.74000001 0.83290285 0.26956940
v -0.74000001 0.83382684 0.26923883
v -0.74000001 0.83555579 0.26831460
v -0.74000001 0.83634400 0.26773021
v -0.74000001 0.83707100 0.26707101
v -0.74000001 0.83773017 0.26634398
v -0.74000001 0.83881921 0.26471400
v -0.74000001 0.83923882 0.26382679
v -0.74000001 0.83956939 0.26290280
v -0.74000001 0.83980781 0.26195100
v -0.74000001 0.83999997 -0.25999999
v -0.74000001 0.83999997 -0.23000000
v -0.74000001 0.83999997 0.23000000
v -0.74000001 0.83999997 0.25999999
v -0.74255363 0.84007407 -0.26153703
v -0.74000001 0.84019220 -0.26195091
v -0.74000001 0.84043062 -0.26290286
v -0.74000001 0.84076118 -0.26382685
v -0.74000001 0.84118080 -0.26471397
v -0.74292806 0.84176459 -0.26572312
v -0.74000001 0.84226984 -0.26634392
v -0.74000001 0.84292901 -0.26707107
v -0.74000001 0.84365600 -0.26773012
v -0.74000001 0.84444422 -0.26831469
v -0.74304965 0.84543793 -0.26891878
v -0.74000001 0.84617317 -0.26923880
v -0.74000001 0.84709716 -0.26956940
v -0.74000001 0.84804899 -0.26980785
v -0.74000001 0.84901977 -0.26995185
v -0.74000001 0.85000002 -0.27000001
v -0.73971099 -0.80588096 -0.19000000
v -0.73971099 0.68588096 -0.19000000
v -0.73968458 -0.80000001 -0.26923880
v -0.73968458 0.68000001 -0.26923880
v -0.73972436 -0.81187296 -0.26875372
v -0.73884720 -0.81170541 -0.19000000
v -0.73884720 0.69170541 -0.19000000
v -0.73876083 -0.80000001 -0.26956940
v -0.73876083 0.68000001 -0.26956940
v -0.73839946 -0.82320699 -0.26716500
v -0.73857719 0.70269305 -0.26717913
v -0.73815042 -0.80720061 -0.26961824
v -0.73710446 0.70736315 -0.26673616
v -0.73507929 -0.82457469 -0.26921596
v -0.73780882 -0.80000001 -0.26980785
v -0.73780882 0.68000001 -0.26980785
v -0.73741639 -0.81741697 -0.19000000
v -0.73741639 0.69741702 -0.19000000
v -0.73659428 0.68657216 -0.26994715
v -0.73683798 0.68000001 -0.26995185
v -0.73827987 0.68931583 -0.26953387
v -0.73751504 0.70125588 -0.26855448
v -0.73585778 -0.80000001 -0.27000001
v -0.73585778 0.68000001 -0.27000001
v -0.73666537 -0.80637127 -0.26994596
v -0.73164275 -0.83115616 -0.26921578
v -0.73468850 0.69672339 -0.26993478
v -0.73558885 -0.80547500 -0.27000001
v -0.73558885 0.68547499 -0.27000001
v -0.73878530 -0.88161698 -0.23000332
v -0.72426912 0.77031906 -0.23000214
v -0.73666626 -0.82651838 -0.26750467
v -0.73543280 -0.82296097 -0.19000000
v -0.73543280 0.70296097 -0.19000000
v -0.73478460 -0.81089735 -0.27000001
v -0.73478460 0.69089735 -0.27000001
v -0.73582142 -0.81804688 -0.26962935
v -0.73672223 0.69641529 -0.26953655
v -0.73422086 -0.81791083 -0.26994575
v -0.73345262 -0.81621462 -0.27000001
v -0.73345262 0.69621462 -0.27000001
v -0.73291516 -0.82828379 -0.19000000
v -0.73291516 0.70828378 -0.19000000
v -0.72742090 -0.83726731 -0.26921616
v -0.73237300 0.70028937 -0.26999524
v -0.73039436 -0.83771991 -0.26712231
v -0.73330267 0.71350248 -0.26713444
v -0.73036429 -0.82782529 -0.26990221
v -0.73427570 0.70325951 -0.26953656
v -0.73160601 -0.82137579 -0.27000001
v -0.73160601 0.70137578 -0.27000001
v -0.72892900 0.70959827 -0.26993458
v -0.72988820 -0.83333421 -0.19000000
v -0.72988820 0.71333420 -0.19000000
v -0.73059310 0.71464171 -0.26855488
v -0.72948283 0.70657158 -0.26999524
v -0.72926223 -0.82633120 -0.27000001
v -0.72926223 0.70633119 -0.27000001
v -0.72718954 -0.83370917 -0.26978856
v -0.73100530 0.70975483 -0.26953646
v -0.72644418 -0.83103299 -0.27000001
v -0.72644418 0.71103305 -0.27000001
v -0.72615193 -0.84287632 -0.26733390
v -0.72638059 -0.83806360 -0.19000000
v -0.72638059 0.71806359 -0.19000000
v -0.72449738 -0.84449738 -0.26707107
v -0.72370125 -0.84147340 -0.26911917
v -0.72696247 0.71579614 -0.26953658
v -0.72317880 -0.83543581 -0.27000001
v -0.72317880 0.71543580 -0.27000001
v -0.72242635 -0.84242636 -0.19000000
v -0.72242635 0.72242635 -0.19000000
v -0.72027009 0.72060533 -0.26993482
v -0.72345372 -0.83573752 -0.26999526
v -0.72504936 0.72397612 -0.26717637
v -0.71725436 -0.85110337 -0.26687429
v -0.72061598 0.72593490 -0.26855511
v -0.71949738 -0.83949739 -0.27000001
v -0.71949738 0.71949738 -0.27000001
v -0.72220706 0.72129695 -0.26953651
v -0.71806359 -0.84638059 -0.19000000
v -0.71806359 0.72638059 -0.19000000
v -0.71935306 -0.84149132 -0.26993520
v -0.71654260 0.72265261 -0.26999524
v -0.71543580 -0.84317881 -0.27000001
v -0.71543580 0.72317880 -0.27000001
v -0.71673285 0.73147701 -0.26685566
v -0.71418262 -0.85158682 -0.26798016
v -0.71333420 -0.84988821 -0.19000000
v -0.71333420 0.72988820 -0.19000000
v -0.71226536 -0.85087961 -0.26911940
v -0.71795585 -0.84491033 -0.26964377
v -0.71681221 0.72617052 -0.26953658
v -0.70910579 0.72922446 -0.26993448
v -0.71103305 -0.84644419 -0.27000001
v -0.71103305 0.72644418 -0.27000001
v -0.71102405 0.72681999 -0.26999524
v -0.71288646 -0.85397629 -0.26685958
v -0.70966440 0.73549843 -0.26707107
v -0.70441599 -0.89747595 -0.23000295
v -0.70828378 -0.85291517 -0.19000000
v -0.70828378 0.73291516 -0.19000000
v -0.70553932 -0.85745979 -0.26721551
v -0.70818443 0.73445399 -0.26855545
v -0.70633119 -0.84926224 -0.27000001
v -0.70633119 0.72926223 -0.27000001
v -0.71086012 0.73034428 -0.26953647
v -0.70558184 -0.85137498 -0.26988167
v -0.71018612 -0.84819711 -0.26996643
v -0.70296097 -0.85543281 -0.19000000
v -0.70296097 0.73543280 -0.19000000
v -0.70137578 -0.85160601 -0.27000001
v -0.70137578 0.73160601 -0.27000001
v -0.69894221 0.74004600 -0.26717014
v -0.70186906 -0.85663356 -0.26885405
v -0.70347008 0.73823250 -0.26732797
v -0.69999999 -0.80000001 -0.23000000
v -0.69999999 0.68000001 -0.23000000
v -0.69990355 -0.80196035 -0.23000000
v -0.69990355 0.68196034 -0.23000000
v -0.69073903 -0.85934877 -0.26918383
v -0.69961578 -0.80390185 -0.23000000
v -0.69961578 0.68390185 -0.23000000
v -0.70261436 -0.85413243 -0.26962928
v -0.70443986 0.73375480 -0.26953648
v -0.69913882 -0.80580556 -0.23000000
v -0.69913882 0.68580556 -0.23000000
v -0.69627004 0.73482457 -0.26993486
v -0.69847763 -0.80765361 -0.23000000
v -0.69847763 0.68765360 -0.23000000
v -0.69826734 -0.86021918 -0.26707107
v -0.69763839 -0.80942804 -0.23000000
v -0.69763839 0.68942803 -0.23000000
v -0.69741702 -0.85741639 -0.19000000
v -0.69741702 0.73741639 -0.19000000
v -0.69662941 -0.81111139 -0.23000000
v -0.69662941 0.69111139 -0.23000000
v -0.69621462 -0.85345262 -0.27000001
v -0.69621462 0.73345262 -0.27000001
v -0.69546020 -0.81268781 -0.23000000
v -0.69546020 0.69268781 -0.23000000
v -0.69414222 -0.81414223 -0.23000000
v -0.69414222 0.69414222 -0.23000000
v -0.69343919 -0.86136484 -0.26717913
v -0.69039775 -0.86205671 -0.26721755
v -0.68829733 -0.85953199 -0.26910870
v -0.69268781 -0.81546021 -0.23000000
v -0.69268781 0.69546020 -0.23000000
v -0.69764755 0.73635092 -0.26953655
v -0.69216417 -0.85670293 -0.26978852
v -0.68901403 0.74275825 -0.26666210
v -0.69751627 -0.85412921 -0.26996294
v -0.69201577 0.73486543 -0.26999524
v -0.69170541 -0.85884720 -0.19000000
v -0.69170541 0.73884720 -0.19000000
v -0.69111139 -0.81662941 -0.23000000
v -0.69111139 0.69662941 -0.23000000
v -0.69089735 -0.85478461 -0.27000001
v -0.69089735 0.73478460 -0.27000001
v -0.69469678 0.77906991 -0.23000050
v -0.68942803 -0.81763840 -0.23000000
v -0.68942803 0.69763839 -0.23000000
v -0.68765360 -0.81847763 -0.23000000
v -0.68765360 0.69847763 -0.23000000
v -0.68588096 -0.85971099 -0.19000000
v -0.68588096 0.73971099 -0.19000000
v -0.68580556 -0.81913877 -0.23000000
v -0.68580556 0.69913882 -0.23000000
v -0.68414024 0.74241706 -0.26743872
v -0.68571001 0.74162018 -0.26798016
v -0.69048994 0.74052550 -0.26839063
v -0.68547499 -0.85558885 -0.27000001
v -0.68547499 0.73558885 -0.27000001
v -0.68495349 -0.85728293 -0.26990409
v -0.69051466 0.73886700 -0.26927486
v -0.68507229 0.73675787 -0.26994939
v -0.68390185 -0.81961578 -0.23000000
v -0.68390185 0.69961578 -0.23000000
v -0.68196034 -0.81990355 -0.23000000
v -0.68196034 0.69990355 -0.23000000
v -0.68000001 -0.89999998 -0.23000000
v -0.68782739 -0.86297904 -0.26669175
v -0.68000001 -0.86220175 -0.26773012
v -0.68000001 -0.86141360 -0.26831469
v -0.68000001 -0.86057180 -0.26881921
v -0.68000001 -0.86000001 -0.19000000
v -0.68000001 -0.85968459 -0.26923880
v -0.68000001 -0.85876083 -0.26956940
v -0.68000001 -0.85780883 -0.26980785
v -0.68000001 -0.85683799 -0.26995185
v -0.68000001 -0.85585779 -0.27000001
v -0.68000001 -0.81999999 -0.23000000
v -0.68000001 0.69999999 -0.23000000
v -0.68000001 0.73585778 -0.27000001
v -0.68000001 0.73780882 -0.26980785
v -0.68000001 0.73876083 -0.26956940
v -0.68000001 0.73968458 -0.26923880
v -0.68000001 0.74000001 -0.19000000
v -0.68000001 0.74057180 -0.26881921
v -0.68000001 0.74141359 -0.26831469
v -0.68000001 0.74220175 -0.26773012
v -0.68000001 0.77999997 -0.23000000
v -0.47999999 0.88000000 -0.25799999
v -0.47999999 0.88000000 0.17000000
v -0.44000000 0.88000000 -0.13000000
v -0.44000000 0.88000000 0.17000000
v -0.44000000 0.92000002 -0.21799999
v -0.44000000 0.92000002 0.17000000
v -0.44000000 0.96800005 -0.17000000
v -0.44016290 0.99170561 -0.14091251
v -0.44000000 0.99000001 -0.13000000
v -0.43998995 0.93459270 -0.12892447
v -0.43995330 0.92001567 -0.14234400
v -0.43961830 0.99357765 -0.13863252
v -0.43947465 0.93824353 -0.12316109
v -0.43971100 0.99000001 -0.12411898
v -0.43957512 0.93990996 -0.12290294
v -0.43903962 0.99252106 -0.12054441
v -0.43927538 0.99303162 -0.12450732
v -0.43883383 0.94280598 -0.11854886
v -0.43953577 0.93197778 -0.12772055
v -0.43903640 0.93716300 -0.12211334
v -0.43918316 0.99087515 -0.11986337
v -0.43878384 0.99452633 -0.12558336
v -0.43894024 0.94337441 -0.11878467
v -0.43932363 0.99395773 -0.13817290
v -0.43859571 0.93642615 -0.12138774
v -0.43751636 0.99106354 -0.11284229
v -0.43796315 0.99591073 -0.12573652
v -0.43776288 0.93942962 -0.11729476
v -0.43845407 0.93029779 -0.12624704
v -0.43799043 0.93563521 -0.12069093
v -0.43836992 0.92001425 -0.13600005
v -0.43772498 0.93534982 -0.12043194
v -0.43755450 0.94146519 -0.11570120
v -0.43795827 0.94691750 -0.11445001
v -0.43729300 0.93492878 -0.12006263
v -0.43728294 0.99691258 -0.13457870
v -0.43682399 0.93454534 -0.11971736
v -0.43712055 0.94668265 -0.11180989
v -0.43585069 0.99773950 -0.12169060
v -0.43622231 0.94265243 -0.11260763
v -0.43508211 0.99102448 -0.10613623
v -0.43649021 0.93429679 -0.11950211
v -0.43671544 0.94638460 -0.11114971
v -0.43686406 0.92000000 -0.13383047
v -0.43681756 0.92888954 -0.12486970
v -0.43614540 0.99303162 -0.11021512
v -0.43614078 0.93405938 -0.11929944
v -0.43530847 0.94834101 -0.10807088
v -0.43515732 0.94779174 -0.10813133
v -0.43473127 0.99852702 -0.12177795
v -0.43577659 0.93383336 -0.11910978
v -0.43444920 0.99777300 -0.11517137
v -0.43436845 0.94845593 -0.10667425
v -0.43597486 0.99807381 -0.13316115
v -0.43460790 0.93883378 -0.11365142
v -0.43657259 0.94999946 -0.11001379
v -0.43668024 0.99478294 -0.11392829
v -0.43479979 0.94511598 -0.10925516
v -0.43373989 0.99908513 -0.12216796
v -0.43442758 0.92000002 -0.13136919
v -0.43512932 0.92781176 -0.12416784
v -0.43337100 0.94763622 -0.10602010
v -0.43564873 0.99635061 -0.11425075
v -0.43514128 0.94136989 -0.11214591
v -0.43473961 0.95389582 -0.10542935
v -0.43388599 0.94436365 -0.10878509
v -0.43382680 0.92760938 -0.12346718
v -0.43192863 0.99112698 -0.09988940
v -0.43251493 0.99968130 -0.12553895
v -0.43355781 0.94412905 -0.10865194
v -0.43420157 0.99910286 -0.13190542
v -0.43328860 0.99303162 -0.10346546
v -0.43163071 0.94066160 -0.11009027
v -0.43290278 0.92737556 -0.12323341
v -0.43395563 0.94820606 -0.10631193
v -0.43301807 0.95408476 -0.10248779
v -0.43320535 0.95633270 -0.10228607
v -0.43260816 0.99966944 -0.13121221
v -0.43146995 0.92000002 -0.13013153
v -0.43195099 0.92720705 -0.12306480
v -0.43139982 0.99991967 -0.13090582
v -0.43052393 0.99993484 -0.11979055
v -0.43193743 0.94732801 -0.10497752
v -0.43169708 0.95794537 -0.09962071
v -0.43085809 0.99783743 -0.10547188
v -0.43098018 0.92710519 -0.12296298
v -0.43098844 0.95564050 -0.09943517
v -0.43032855 0.99945137 -0.11238043
v -0.42947905 0.95027293 -0.10118716
v -0.43033217 0.99999497 -0.12856100
v -0.42816432 0.99154766 -0.09422082
v -0.42003103 0.91996341 -0.12993188
v -0.43000001 0.92707098 -0.12292895
v -0.43000001 1.00000000 -0.13080816
v -0.42902866 0.95673957 -0.09695865
v -0.42947463 0.94772135 -0.10320801
v -0.42928676 0.95911770 -0.09634080
v -0.43097908 0.99398562 -0.09972240
v -0.43024004 0.96036290 -0.09723712
v -0.42924622 0.95378500 -0.09878609
v -0.42917260 0.99910579 -0.10674326
v -0.42900398 0.93700141 -0.11299866
v -0.42836584 0.99994526 -0.11338209
v -0.42661393 0.95508290 -0.09625320
v -0.42784700 1.00000000 -0.11548577
v -0.42844234 0.96219441 -0.09466395
v -0.42758837 0.94695419 -0.10323320
v -0.42757142 0.94471240 -0.10533058
v -0.42617681 0.99743112 -0.09682006
v -0.42651715 0.96240437 -0.09260515
v -0.42652464 0.99993489 -0.10781097
v -0.42605561 0.94653600 -0.10346401
v -0.42670394 0.96494425 -0.09234140
v -0.42358755 0.99131437 -0.08868627
v -0.42520699 0.99303162 -0.09126905
v -0.42359157 0.95934070 -0.09196047
v -0.42423488 0.96574357 -0.08967336
v -0.42195961 0.96719129 -0.08742168
v -0.42277100 0.95917876 -0.09171823
v -0.42915224 0.99580714 -0.09831867
v -0.42412782 0.96366578 -0.09017821
v -0.42409599 1.00000000 -0.10643017
v -0.42329906 0.99990362 -0.10177323
v -0.42528582 0.96561249 -0.09066594
v -0.42460999 0.95506377 -0.09544407
v -0.42045365 0.96603310 -0.08669577
v -0.42095462 0.99777332 -0.09117618
v -0.42019165 0.96562638 -0.08670566
v -0.42515451 0.95941611 -0.09275159
v -0.42256883 0.95581162 -0.09433914
v -0.42188307 0.99999763 -0.10218590
v -0.42187101 0.95439917 -0.09560084
v -0.42228280 0.96908427 -0.08742328
v -0.42201509 0.99910572 -0.09545196
v -0.42157340 1.00000000 -0.10222149
v -0.42148080 0.96841636 -0.08680644
v -0.42057040 0.96051276 -0.09001991
v -0.41842208 0.99071044 -0.08370307
v -0.42010480 0.99303162 -0.08600722
v -0.41776530 0.99979034 -0.09392648
v -0.41999999 0.92000002 0.17000000
v -0.41947366 0.96460752 -0.08690558
v -0.41805533 0.96277474 -0.08756497
v -0.41320176 0.99783779 -0.08432984
v -0.41585039 0.99023861 -0.08179571
v -0.41588732 0.97079635 -0.08178418
v -0.41730469 0.96641188 -0.08372573
v -0.41614884 0.96118701 -0.08880036
v -0.41389146 0.99999729 -0.09285971
v -0.41730494 0.96207067 -0.08802160
v -0.41128238 0.99137185 -0.07879331
v -0.41439462 0.99303162 -0.08141228
v -0.41910309 0.99596971 -0.08680031
v -0.40877034 0.96090565 -0.08377868
v -0.41231918 0.99910578 -0.08624732
v -0.41171959 1.00000000 -0.09134949
v -0.41305119 0.96019330 -0.08977991
v -0.41152745 0.96738482 -0.07927472
v -0.41257986 0.96394144 -0.08192035
v -0.41000000 0.95999998 -0.09000000
v -0.40998620 0.96282083 -0.08157049
v -0.41042476 0.99988947 -0.08815734
v -0.40837359 0.96079099 -0.08417513
v -0.40557525 0.99148949 -0.07570835
v -0.41727886 0.99483850 -0.08383598
v -0.40777859 1.00000000 -0.08842652
v -0.40776217 0.96038175 -0.08516241
v -0.40738553 0.99596924 -0.07856715
v -0.40238069 0.96011011 -0.08334011
v -0.40416493 0.99777393 -0.07900450
v -0.40364897 0.99908197 -0.08107644
v -0.40359851 0.99982667 -0.08364632
v -0.40495559 0.96755483 -0.07574864
v -0.40666636 0.96443716 -0.07796481
v -0.40082544 0.96243364 -0.07730005
v -0.40356979 1.00000000 -0.08590393
v -0.40320542 0.95999998 -0.08571104
v -0.40298778 0.96133977 -0.08003443
v -0.39896080 0.99117652 -0.07298713
v -0.40500911 0.96974933 -0.07539868
v -0.40495167 0.99310090 -0.07585277
v -0.39219123 0.99763394 -0.07431408
v -0.40374491 0.99999761 -0.08568284
v -0.39817342 0.99999517 -0.08308924
v -0.39822406 0.96736593 -0.07312787
v -0.40062141 0.96402783 -0.07562217
v -0.39751941 0.96373075 -0.07492872
v -0.39184936 0.99057440 -0.07096978
v -0.39698461 0.96201980 -0.07661015
v -0.39851535 0.96093397 -0.07890502
v -0.39598721 0.96038175 -0.07974506
v -0.39581138 0.95999998 -0.08256584
v -0.39548979 0.96003692 -0.08138681
v -0.39760984 0.99635059 -0.07491169
v -0.38923936 0.99714848 -0.07361829
v -0.39388895 0.99906351 -0.07729823
v -0.39610550 0.99976909 -0.08022751
v -0.38866388 0.99022331 -0.07056793
v -0.39297555 0.97042268 -0.07133395
v -0.38799656 0.96740863 -0.07076952
v -0.38802944 0.96511901 -0.07172161
v -0.38766501 0.96315551 -0.07311242
v -0.38758306 0.96158931 -0.07500448
v -0.39230380 0.99999775 -0.08125795
v -0.38726435 0.96035350 -0.07780600
v -0.38678447 0.96005627 -0.07926715
v -0.38800919 0.95999998 -0.08064562
v -0.39442241 0.99369437 -0.07223576
v -0.38884928 0.99504785 -0.07186307
v -0.38648078 0.99961823 -0.07766308
v -0.38589428 0.99995915 -0.07927262
v -0.38410625 0.96949708 -0.07011823
v -0.38000000 0.95999998 -0.08000000
v -0.38000000 0.96004820 -0.07901981
v -0.38000000 0.96019220 -0.07804911
v -0.38000000 0.96043062 -0.07709717
v -0.38000000 0.96076119 -0.07617316
v -0.38605371 0.96094167 -0.07594942
v -0.38000000 0.96168542 -0.07444429
v -0.38000000 0.96226984 -0.07365606
v -0.38000000 0.96292901 -0.07292894
v -0.38000000 0.96365601 -0.07226989
v -0.38000000 0.96444422 -0.07168529
v -0.38000000 0.96528602 -0.07118078
v -0.38000000 0.96617317 -0.07076120
v -0.38000000 0.96709716 -0.07043061
v -0.38000000 0.96804899 -0.07019214
v -0.38000000 0.97000003 -0.07000000
v -0.38000000 0.99000001 -0.07000000
v -0.38000000 0.99098021 -0.07004816
v -0.38000000 0.99195099 -0.07019214
v -0.38000000 0.99290282 -0.07043061
v -0.38000000 0.99382681 -0.07076120
v -0.38000000 0.99555582 -0.07168529
v -0.38000000 0.99634397 -0.07226989
v -0.38000000 0.99707103 -0.07292894
v -0.38000000 0.99773020 -0.07365606
v -0.38000000 0.99881917 -0.07528605
v -0.38000000 0.99923879 -0.07617316
v -0.38000000 0.99956942 -0.07709717
v -0.38000000 0.99980783 -0.07804911
v -0.38000000 1.00000000 -0.08000000
v -0.07853982 0.74292898 -0.26707107
v 0.07853982 -0.86292899 -0.26707107
v 0.38000000 0.95999998 -0.08000000
v 0.38000000 0.96019220 -0.07804911
v 0.38000000 0.96043062 -0.07709717
v 0.38000000 0.96076119 -0.07617316
v 0.38000000 0.96118081 -0.07528605
v 0.38000000 0.96226984 -0.07365606
v 0.38000000 0.96292901 -0.07292894
v 0.38000000 0.96365601 -0.07226989
v 0.38000000 0.96444422 -0.07168529
v 0.38000000 0.96617317 -0.07076120
v 0.38000000 0.96709716 -0.07043061
v 0.38000000 0.96804899 -0.07019214
v 0.38000000 0.96901977 -0.07004816
v 0.38000000 0.97000003 -0.07000000
v 0.38000000 0.99000001 -0.07000000
v 0.38000000 0.99098021 -0.07004816
v 0.38000000 0.99195099 -0.07019214
v 0.38000000 0.99290282 -0.07043061
v 0.38000000 0.99382681 -0.07076120
v 0.38000000 0.99471396 -0.07118078
v 0.38000000 0.99634397 -0.07226989
v 0.38000000 0.99707103 -0.07292894
v 0.38000000 0.99773020 -0.07365606
v 0.38000000 0.99831462 -0.07444429
v 0.38000000 0.99923879 -0.07617316
v 0.38000000 0.99956942 -0.07709717
v 0.38000000 0.99980783 -0.07804911
v 0.38000000 0.99995178 -0.07901981
v 0.38298318 0.96005716 -0.07893031
v 0.38328037 0.96056882 -0.07671885
v 0.38327000 0.96168865 -0.07450098
v 0.38350660 0.96282083 -0.07314671
v 0.38642925 0.96481994 -0.07165861
v 0.38340827 0.99999996 -0.08013335
v 0.38824885 0.97016402 -0.07045966
v 0.38604853 0.99998374 -0.07949399
v 0.38702255 0.99678545 -0.07306011
v 0.38560429 0.99555210 -0.07191055
v 0.39040818 0.99517819 -0.07223754
v 0.39065890 0.99323865 -0.07134209
v 0.38800919 0.95999998 -0.08064562
v 0.39007035 0.96033124 -0.07822787
v 0.39023938 0.96164652 -0.07542080
v 0.38682303 0.96705142 -0.07073089
v 0.39464054 0.96811549 -0.07188193
v 0.38659262 0.99991502 -0.07872297
v 0.39363008 0.99983090 -0.07977992
v 0.38841093 0.99888883 -0.07588916
v 0.39118578 0.99787926 -0.07484231
v 0.39334137 0.99211025 -0.07130329
v 0.39708079 0.99047929 -0.07236183
v 0.39581138 0.95999998 -0.08256584
v 0.39635635 0.96033124 -0.07985789
v 0.39667338 0.96133977 -0.07758818
v 0.39398987 0.97170896 -0.07155891
v 0.40011362 0.96243346 -0.07702449
v 0.39751941 0.96373075 -0.07492872
v 0.39412707 0.96363848 -0.07386177
v 0.39472047 0.96623432 -0.07245609
v 0.39969688 0.96985308 -0.07326766
v 0.39969815 0.99983091 -0.08183563
v 0.39812916 0.99999702 -0.08309969
v 0.40002638 0.99835349 -0.07820550
v 0.39745510 0.99635076 -0.07486262
v 0.39901758 0.96003207 -0.08258264
v 0.40392991 0.99597205 -0.07699474
v 0.40653908 0.99598578 -0.07796867
v 0.40484785 0.99255367 -0.07560608
v 0.40607191 0.98863015 -0.07586706
v 0.40401202 0.96064277 -0.08192631
v 0.40320542 0.95999998 -0.08571104
v 0.40378840 0.99999800 -0.08571633
v 0.40743285 0.96364900 -0.07908604
v 0.40168027 0.96623476 -0.07470099
v 0.40546788 0.99983090 -0.08462135
v 0.40558637 0.96928727 -0.07571060
v 0.40052601 0.99910030 -0.07954820
v 0.40745935 0.96005850 -0.08682735
v 0.41273222 0.99598565 -0.08162444
v 0.41134427 0.99255387 -0.07907215
v 0.41190738 0.99056934 -0.07909685
v 0.40903187 0.99999757 -0.08895249
v 0.40906413 0.96129368 -0.08328235
v 0.41000000 0.95999998 -0.09000000
v 0.41070577 0.99971706 -0.08725311
v 0.41079739 0.96473557 -0.08026047
v 0.40820975 0.96571313 -0.07796748
v 0.41440682 0.96792735 -0.08097774
v 0.41191812 0.96944351 -0.07919967
v 0.41241211 0.96012373 -0.08985211
v 0.40941408 0.99803166 -0.08227156
v 0.40685166 0.99738878 -0.07968466
v 0.41453724 0.96050855 -0.08948797
v 0.41389221 0.99999517 -0.09282198
v 0.41620127 0.96124027 -0.08874606
v 0.41736485 0.99255457 -0.08330999
v 0.41815350 0.99999760 -0.09725869
v 0.41813523 0.99983127 -0.09445367
v 0.41542432 0.96233656 -0.08604583
v 0.41053542 0.96227745 -0.08220508
v 0.41936082 0.96431374 -0.08698922
v 0.41753938 0.96951125 -0.08320375
v 0.41796389 0.96275263 -0.08757405
v 0.41865060 1.00000000 -0.09828033
v 0.41986711 0.96546953 -0.08652648
v 0.41939814 0.99501440 -0.08621633
v 0.41999999 0.92000002 -0.13000000
v 0.41999999 0.92000002 0.17000000
v 0.42025872 0.96676591 -0.08618968
v 0.42281967 0.99255368 -0.08825562
v 0.42229918 0.99044638 -0.08727667
v 0.41860624 0.99922931 -0.09231241
v 0.42118530 0.96782027 -0.08668715
v 0.42113221 0.96089637 -0.08993073
v 0.42162898 0.96922115 -0.08681966
v 0.42190297 0.99999686 -0.10220371
v 0.42168042 0.96130562 -0.08987825
v 0.41697032 0.99875829 -0.08913364
v 0.42187101 0.95439917 -0.09560084
v 0.42256883 0.95581162 -0.09433914
v 0.42120678 0.96755264 -0.08673287
v 0.42314610 0.96687430 -0.08850336
v 0.42085239 0.99724706 -0.09025112
v 0.42297905 0.95722064 -0.09324207
v 0.42388660 0.99626923 -0.09240025
v 0.42313811 0.99991806 -0.10150670
v 0.42409599 1.00000000 -0.10643017
v 0.42431301 0.96394175 -0.09021803
v 0.42649585 0.95562071 -0.09584310
v 0.42544793 0.96545162 -0.09092539
v 0.42762475 0.99255335 -0.09383370
v 0.42458402 0.96727439 -0.08983766
v 0.42605561 0.94653600 -0.10346401
v 0.42619401 1.00000000 -0.11086582
v 0.42473453 0.95920282 -0.09262195
v 0.42638060 0.99000001 -0.09193639
v 0.42640018 0.96220964 -0.09256527
v 0.42521002 0.95974436 -0.09260315
v 0.42623865 0.96375583 -0.09198739
v 0.42631879 0.99991716 -0.10702843
v 0.42576392 0.96059516 -0.09256582
v 0.42830265 0.96331948 -0.09440055
v 0.42758837 0.94695419 -0.10323320
v 0.42784700 1.00000000 -0.11548577
v 0.42817459 0.99626923 -0.09807838
v 0.42714675 0.99898235 -0.10257906
v 0.42818668 0.94849712 -0.10201225
v 0.42838019 0.94276422 -0.10729469
v 0.42923151 0.95961344 -0.09614349
v 0.42960761 0.95394281 -0.09892041
v 0.42978190 0.96018301 -0.09666695
v 0.42900398 0.93700141 -0.11299866
v 0.42903918 1.00000000 -0.12024548
v 0.42878511 0.99991740 -0.11288117
v 0.43031014 0.96065924 -0.09730705
v 0.42888810 0.99501436 -0.09714893
v 0.43213853 0.94168676 -0.10944180
v 0.43170935 0.99255222 -0.09996167
v 0.43161966 0.92000002 -0.13012510
v 0.43000001 0.92707098 -0.12292895
v 0.43063591 0.99998866 -0.12968701
v 0.42462387 0.99833998 -0.09603784
v 0.42802813 0.95113066 -0.09973682
v 0.43080185 0.99997847 -0.13083442
v 0.43157546 0.95570244 -0.10001641
v 0.43098018 0.92710519 -0.12296298
v 0.43118060 0.94872004 -0.10348101
v 0.43105519 0.99981257 -0.11961934
v 0.43268397 0.95546788 -0.10159869
v 0.42995911 0.99700728 -0.10203034
v 0.43166570 0.94909146 -0.10359890
v 0.43278853 0.99962718 -0.13126448
v 0.43195099 0.92720705 -0.12306480
v 0.43224756 0.95724765 -0.10061297
v 0.43226914 0.94956828 -0.10382422
v 0.43247245 0.99967731 -0.12664007
v 0.43184255 0.99922926 -0.11506161
v 0.43268439 0.95358545 -0.10226152
v 0.43290278 0.92737556 -0.12323341
v 0.43283376 0.95007484 -0.10409337
v 0.43337164 0.95059834 -0.10442993
v 0.43325817 0.99241761 -0.10212664
v 0.43372970 0.94424469 -0.10871976
v 0.43387414 0.99930561 -0.13160712
v 0.43344716 0.99837337 -0.11465489
v 0.43461952 0.92000002 -0.13155036
v 0.43283699 0.93794869 -0.11296386
v 0.43330820 0.95718394 -0.10241929
v 0.43436137 0.94472943 -0.10900956
v 0.43540663 0.94936593 -0.10778344
v 0.43450561 0.99626923 -0.11079294
v 0.43607803 0.94950196 -0.10897613
v 0.43471402 0.92790604 -0.12376387
v 0.43480293 0.93865692 -0.11388122
v 0.43564652 0.99819434 -0.12594605
v 0.43494632 0.94524910 -0.10934496
v 0.43572824 0.93681536 -0.11640436
v 0.43473662 0.95366561 -0.10543868
v 0.43547821 0.94579311 -0.10972353
v 0.43618748 0.99038268 -0.10886586
v 0.43750009 0.99686764 -0.13464347
v 0.43555582 0.92826277 -0.12412062
v 0.43542519 0.99501322 -0.11006618
v 0.43670338 0.93756616 -0.11696780
v 0.43640132 0.99183546 -0.10879931
v 0.43645278 0.99626923 -0.11763664
v 0.43728594 0.93814778 -0.11738600
v 0.43650226 0.92869322 -0.12469699
v 0.43650491 0.99705119 -0.11928005
v 0.43818028 0.92000030 -0.13563548
v 0.43718100 0.94865035 -0.11191454
v 0.43781041 0.93878678 -0.11784480
v 0.43663611 0.93497828 -0.11891053
v 0.43842124 0.99017209 -0.11606854
v 0.43745843 0.94220928 -0.11471440
v 0.43825901 0.93938806 -0.11838150
v 0.43814957 0.99469654 -0.12037210
v 0.43716519 0.93561461 -0.11905417
v 0.43751702 0.93565609 -0.11958092
v 0.43793857 0.99597473 -0.12623742
v 0.43859941 0.94069350 -0.11848702
v 0.43898645 0.99254951 -0.12025668
v 0.43876600 0.94294908 -0.11829286
v 0.43902663 0.94337717 -0.11905372
v 0.43815406 0.93605811 -0.12035603
v 0.43915431 0.93128798 -0.12714707
v 0.43898266 0.99420888 -0.12607751
v 0.43932912 0.93894750 -0.12211724
v 0.43963348 0.93896200 -0.12385953
v 0.43971100 0.99000001 -0.12411898
v 0.43976610 0.93656552 -0.12610479
v 0.43965077 0.99224275 -0.12591569
v 0.43985429 0.99204733 -0.14054806
v 0.43992501 0.93664014 -0.12700222
v 0.43980362 0.93251193 -0.12859828
v 0.43988745 0.99083796 -0.12622878
v 0.44000000 0.88000000 -0.13000000
v 0.44000000 0.88000000 0.17000000
v 0.44000000 0.92000002 -0.21799999
v 0.43995330 0.92001567 -0.14234400
v 0.44000000 0.92000002 0.17000000
v 0.44000018 0.93426907 -0.12977566
v 0.44000000 0.96800005 -0.17000000
v 0.47999999 0.88000000 -0.25799999
v 0.47999999 0.88000000 0.17000000
v 0.68000001 -0.89999998 -0.23000000
v 0.68455204 -0.86274113 -0.26712142
v 0.68000001 -0.86220175 -0.26773012
v 0.68000001 -0.86141360 -0.26831469
v 0.68000001 -0.86057180 -0.26881921
v 0.68000001 -0.86000001 -0.19000000
v 0.68000001 -0.85968459 -0.26923880
v 0.68000001 -0.85876083 -0.26956940
v 0.68000001 -0.85780883 -0.26980785
v 0.68000001 -0.85585779 -0.27000001
v 0.68000001 -0.81999999 -0.23000000
v 0.68000001 0.69999999 -0.23000000
v 0.68000001 0.73585778 -0.27000001
v 0.68000001 0.73683798 -0.26995185
v 0.68000001 0.73780882 -0.26980785
v 0.68000001 0.73876083 -0.26956940
v 0.68000001 0.73968458 -0.26923880
v 0.68000001 0.74000001 -0.19000000
v 0.68000001 0.74057180 -0.26881921
v 0.68000001 0.74141359 -0.26831469
v 0.68000001 0.74220175 -0.26773012
v 0.68637779 0.74250100 -0.26730512
v 0.68746789 0.73639605 -0.26995817
v 0.68642491 0.73775161 -0.26977057
v 0.68681339 0.73990309 -0.26901776
v 0.68196034 -0.81990355 -0.23000000
v 0.68196034 0.69990355 -0.23000000
v 0.68390185 -0.81961578 -0.23000000
v 0.68390185 0.69961578 -0.23000000
v 0.68547499 -0.85558885 -0.27000001
v 0.68547499 0.73558885 -0.27000001
v 0.68580556 -0.81913877 -0.23000000
v 0.68580556 0.69913882 -0.23000000
v 0.68588096 -0.85971099 -0.19000000
v 0.68588096 0.73971099 -0.19000000
v 0.68917162 0.74226040 -0.26714210
v 0.68765360 -0.81847763 -0.23000000
v 0.68765360 0.69847763 -0.23000000
v 0.68268044 -0.85651018 -0.26998229
v 0.68681200 -0.85705595 -0.26987637
v 0.68688613 -0.85891184 -0.26942891
v 0.68711299 -0.86058492 -0.26861394
v 0.68942803 -0.81763840 -0.23000000
v 0.68942803 0.69763839 -0.23000000
v 0.68838868 -0.86227707 -0.26727099
v 0.68980181 -0.89951843 -0.23000000
v 0.69089735 -0.85478461 -0.27000001
v 0.69089735 0.73478460 -0.27000001
v 0.69111139 -0.81662941 -0.23000000
v 0.69111139 0.69662941 -0.23000000
v 0.69170541 -0.85884720 -0.19000000
v 0.69170541 0.73884720 -0.19000000
v 0.69268781 -0.81546021 -0.23000000
v 0.69268781 0.69546020 -0.23000000
v 0.69414222 -0.81414223 -0.23000000
v 0.69414222 0.69414222 -0.23000000
v 0.69636088 -0.85521689 -0.26989001
v 0.70080819 0.73292414 -0.26996667
v 0.69546020 -0.81268781 -0.23000000
v 0.69546020 0.69268781 -0.23000000
v 0.69563091 0.73584628 -0.26978859
v 0.69621462 -0.85345262 -0.27000001
v 0.69621462 0.73345262 -0.27000001
v 0.69662941 -0.81111139 -0.23000000
v 0.69662941 0.69111139 -0.23000000
v 0.69645018 0.73803286 -0.26897062
v 0.69628131 -0.85943752 -0.26825008
v 0.69741702 -0.85741639 -0.19000000
v 0.69741702 0.73741639 -0.19000000
v 0.69763839 -0.80942804 -0.23000000
v 0.69763839 0.68942803 -0.23000000
v 0.69735892 0.74029093 -0.26728427
v 0.69847763 -0.80765361 -0.23000000
v 0.69847763 0.68765360 -0.23000000
v 0.69913882 -0.80580556 -0.23000000
v 0.69913882 0.68580556 -0.23000000
v 0.69086609 0.77963323 -0.23000077
v 0.69961578 -0.80390185 -0.23000000
v 0.69961578 0.68390185 -0.23000000
v 0.69990355 -0.80196035 -0.23000000
v 0.69990355 0.68196034 -0.23000000
v 0.69999999 -0.80000001 -0.23000000
v 0.69999999 0.68000001 -0.23000000
v 0.70137578 -0.85160601 -0.27000001
v 0.70137578 0.73160601 -0.27000001
v 0.70337525 -0.85321685 -0.26983102
v 0.70296097 -0.85543281 -0.19000000
v 0.70296097 0.73543280 -0.19000000
v 0.70296818 0.73454346 -0.26945120
v 0.70128381 -0.85973737 -0.26666448
v 0.70708181 0.73696030 -0.26697877
v 0.70396195 -0.85651957 -0.26835357
v 0.70687067 -0.85704400 -0.26703454
v 0.70457600 0.73691361 -0.26791547
v 0.70633119 -0.84926224 -0.27000001
v 0.70633119 0.72926223 -0.27000001
v 0.71058377 0.72722230 -0.26999534
v 0.70828378 -0.85291517 -0.19000000
v 0.70828378 0.73291516 -0.19000000
v 0.72173459 0.77151795 -0.23000200
v 0.71001270 -0.85103518 -0.26952283
v 0.70919136 0.73150939 -0.26952283
v 0.71103305 -0.84644419 -0.27000001
v 0.71103305 0.72644418 -0.27000001
v 0.71253248 -0.85383373 -0.26717832
v 0.71333420 -0.84988821 -0.19000000
v 0.71333420 0.72988820 -0.19000000
v 0.71410716 -0.84554760 -0.26996061
v 0.71543580 -0.84317881 -0.27000001
v 0.71543580 0.72317880 -0.27000001
v 0.71658612 -0.84799753 -0.26903872
v 0.71529978 0.72753178 -0.26952281
v 0.71888751 -0.84939989 -0.26715208
v 0.71493283 0.73223055 -0.26730619
v 0.71806359 -0.84638059 -0.19000000
v 0.71806359 0.72638059 -0.19000000
v 0.71029692 -0.89562129 -0.23000125
v 0.71909899 -0.84032220 -0.26999524
v 0.71949738 -0.83949739 -0.27000001
v 0.71949738 0.71949738 -0.27000001
v 0.71742354 0.73062316 -0.26714513
v 0.72054892 -0.84145974 -0.26978860
v 0.71994632 0.72229667 -0.26981316
v 0.72245412 -0.84459593 -0.26828457
v 0.72242635 -0.84242636 -0.19000000
v 0.72242635 0.72242635 -0.19000000
v 0.72335516 0.72460569 -0.26777481
v 0.72317880 -0.83543581 -0.27000001
v 0.72317880 0.71543580 -0.27000001
v 0.72375762 -0.83521158 -0.26999524
v 0.72375762 0.71521157 -0.26999524
v 0.72899855 -0.84050757 -0.26664716
v 0.72638059 -0.83806360 -0.19000000
v 0.72638059 0.71806359 -0.19000000
v 0.72644418 -0.83103299 -0.27000001
v 0.72644418 0.71103305 -0.27000001
v 0.72582774 0.71748588 -0.26952276
v 0.72704539 -0.83251103 -0.26993515
v 0.72839251 -0.83881709 -0.26788431
v 0.72764427 0.72157760 -0.26686607
v 0.72926223 -0.82633120 -0.27000001
v 0.72926223 0.70633119 -0.27000001
v 0.72988820 -0.83333421 -0.19000000
v 0.72988820 0.71333420 -0.19000000
v 0.72853342 -0.83403095 -0.26945780
v 0.72907430 0.71125513 -0.26981198
v 0.73102462 0.70347506 -0.26999524
v 0.73160601 -0.82137579 -0.27000001
v 0.73160601 0.70137578 -0.27000001
v 0.73174238 -0.83203757 -0.26866025
v 0.73194631 -0.82346612 -0.26994510
v 0.73043243 0.71528181 -0.26831888
v 0.73291516 -0.82828379 -0.19000000
v 0.73291516 0.70828378 -0.19000000
v 0.73358670 0.70517595 -0.26952278
v 0.73293411 0.71391000 -0.26715833
v 0.73345262 -0.81621462 -0.27000001
v 0.73345262 0.69621462 -0.27000001
v 0.73381047 -0.82463721 -0.26945106
v 0.73467261 0.69809404 -0.26989018
v 0.73478460 -0.81089735 -0.27000001
v 0.73478460 0.69089735 -0.27000001
v 0.73650000 0.68834019 -0.26994298
v 0.73750155 -0.82361791 -0.26786728
v 0.73543280 -0.82296097 -0.19000000
v 0.73543280 0.70296097 -0.19000000
v 0.73410199 -0.83207402 -0.26718196
v 0.74103851 -0.87994807 -0.23000158
v 0.73558885 -0.80547500 -0.27000001
v 0.73558885 0.68547499 -0.27000001
v 0.73504100 -0.81677491 -0.26990204
v 0.73585778 -0.80000001 -0.27000001
v 0.73585778 0.68000001 -0.27000001
v 0.73663040 0.68056012 -0.26997425
v 0.73683798 -0.80000001 -0.26995185
v 0.73694384 0.69811523 -0.26920906
v 0.73656468 0.70745658 -0.26719400
v 0.73741639 -0.81741697 -0.19000000
v 0.73741639 0.69741702 -0.19000000
v 0.73877350 0.68812010 -0.26942989
v 0.73780882 -0.80000001 -0.26980785
v 0.73780882 0.68000001 -0.26980785
v 0.73749860 -0.81822949 -0.26897072
v 0.73994313 -0.82008048 -0.26705106
v 0.73748985 -0.80296281 -0.26989036
v 0.73732319 -0.80993252 -0.26981347
v 0.73876083 -0.80000001 -0.26956940
v 0.73876083 0.68000001 -0.26956940
v 0.73884720 -0.81170541 -0.19000000
v 0.73884720 0.69170541 -0.19000000
v 0.74192331 -0.81310090 -0.26700610
v 0.73848914 0.69864481 -0.26835361
v 0.73968458 -0.80000001 -0.26923880
v 0.73968458 0.68000001 -0.26923880
v 0.73971099 -0.80588096 -0.19000000
v 0.73971099 0.68588096 -0.19000000
v 0.74035076 -0.81124487 -0.26835338
v 0.74045056 0.68842070 -0.26860600
v 0.73927585 0.70135098 -0.26705348
v 0.74000001 -0.97000003 -0.27000001
v 0.74000001 -0.96901977 -0.26995185
v 0.74000001 -0.96804899 -0.26980785
v 0.74000001 -0.96709716 -0.26956940
v 0.74000001 -0.96617317 -0.26923880
v 0.74857681 -0.96575413 -0.26921673
v 0.74000001 -0.96444422 -0.26831469
v 0.74000001 -0.96365601 -0.26773012
v 0.74000001 -0.96292901 -0.26707107
v 0.74000001 -0.96226984 -0.26634392
v 0.74763983 -0.96150817 -0.26564974
v 0.74000001 -0.96118081 -0.26471397
v 0.74000001 -0.96076119 -0.26382685
v 0.74000001 -0.96043062 -0.26290286
v 0.74000001 -0.96019220 -0.26195091
v 0.74000001 -0.95999998 -0.25999999
v 0.74000001 -0.95999998 -0.23000000
v 0.74000001 -0.95999998 0.23000000
v 0.74000001 -0.95999998 0.25999999
v 0.74000001 -0.95980781 0.26195100
v 0.74000001 -0.95956939 0.26290280
v 0.74000001 -0.95923883 0.26382679
v 0.74000001 -0.95881921 0.26471400
v 0.74000001 -0.95773017 0.26634398
v 0.74000001 -0.95707101 0.26707101
v 0.74000001 -0.95634401 0.26773021
v 0.74000001 -0.95555580 0.26831460
v 0.74715474 -0.95458911 0.26876661
v 0.74000001 -0.95382684 0.26923883
v 0.74000001 -0.95290285 0.26956940
v 0.74000001 -0.95195097 0.26980782
v 0.74000001 -0.95098025 0.26995179
v 0.74000001 -0.94999999 0.27000001
v 0.74000001 -0.93000001 0.27000001
v 0.74000001 -0.92901975 0.26995179
v 0.74000001 -0.92804903 0.26980782
v 0.74000001 -0.92709714 0.26956940
v 0.74000001 -0.92617315 0.26923883
v 0.74000001 -0.92528605 0.26881921
v 0.74000001 -0.92365599 0.26773021
v 0.74000001 -0.92292899 0.26707101
v 0.74000001 -0.92226982 0.26634398
v 0.74000001 -0.92168540 0.26555580
v 0.74891187 -0.92110358 0.26542306
v 0.74000001 -0.92076117 0.26382679
v 0.74000001 -0.92043060 0.26290280
v 0.74000001 -0.92019218 0.26195100
v 0.74000001 -0.92004824 0.26098019
v 0.74000001 -0.92000002 0.23000000
v 0.74000001 -0.92000002 0.25999999
v 0.74000001 -0.80000001 -0.19000000
v 0.74000001 0.68000001 -0.19000000
v 0.74000001 0.80000001 0.23000000
v 0.74000001 0.80000001 0.25999999
v 0.74000001 0.80019218 0.26195100
v 0.74000001 0.80043060 0.26290280
v 0.74000001 0.80076116 0.26382679
v 0.74000001 0.80118078 0.26471400
v 0.74464453 0.80161980 0.26567686
v 0.74000001 0.80226982 0.26634398
v 0.74000001 0.80292898 0.26707101
v 0.74000001 0.80365598 0.26773021
v 0.74000001 0.80444419 0.26831460
v 0.74932024 0.80494522 0.26892742
v 0.74000001 0.80617315 0.26923883
v 0.74000001 0.80709720 0.26956940
v 0.74000001 0.80804902 0.26980782
v 0.74000001 0.80901980 0.26995179
v 0.74000001 0.81000000 0.27000001
v 0.74000001 0.82999998 0.27000001
v 0.74780790 0.83100570 0.26992158
v 0.74000001 0.83195096 0.26980782
v 0.74000001 0.83290285 0.26956940
v 0.74000001 0.83382684 0.26923883
v 0.74000001 0.83471400 0.26881921
v 0.74000001 0.83634400 0.26773021
v 0.74000001 0.83707100 0.26707101
v 0.74000001 0.83773017 0.26634398
v 0.74000001 0.83831459 0.26555580
v 0.74000001 0.83923882 0.26382679
v 0.74000001 0.83956939 0.26290280
v 0.74000001 0.83980781 0.26195100
v 0.74000001 0.83995175 0.26098019
v 0.74000001 0.83999997 -0.25999999
v 0.74000001 0.83999997 -0.23000000
v 0.74000001 0.83999997 0.19000000
v 0.74000001 0.83999997 0.23000000
v 0.74000001 0.83999997 0.25999999
v 0.74000001 0.84004819 -0.26098016
v 0.74000001 0.84019220 -0.26195091
v 0.74000001 0.84043062 -0.26290286
v 0.74000001 0.84076118 -0.26382685
v 0.74766483 0.84098961 -0.26480738
v 0.74000001 0.84168541 -0.26555571
v 0.74000001 0.84226984 -0.26634392
v 0.74000001 0.84292901 -0.26707107
v 0.74000001 0.84365600 -0.26773012
v 0.74794210 0.84426557 -0.26836265
v 0.74000001 0.84528601 -0.26881921
v 0.74000001 0.84617317 -0.26923880
v 0.74000001 0.84709716 -0.26956940
v 0.74000001 0.84804899 -0.26980785
v 0.74000001 0.84901977 -0.26995185
v 0.74000001 0.85000002 -0.27000001
v 0.74161729 0.69512251 -0.26663899
v 0.74057180 -0.80000001 -0.26881921
v 0.74057180 0.68000001 -0.26881921
v 0.74186960 0.68890375 -0.26753310
v 0.74141359 -0.80000001 -0.26831469
v 0.74141359 0.68000001 -0.26831469
v 0.74220175 -0.80000001 -0.26773012
v 0.74220175 0.68000001 -0.26773012
v 0.74183802 -0.80196415 -0.26817034
v 0.74292898 -0.80000001 -0.26707107
v 0.74292898 0.01853982 -0.26707107
v 0.74269204 0.68456856 -0.26716659
v 0.74658076 0.75475889 -0.23000019
v 0.74557011 0.80021264 0.26308543
v 0.74915952 -0.91947476 0.26174322
v 0.74961782 -0.92197832 0.26680706
v 0.75175054 -0.91907289 0.22991480
v 0.74713109 0.79969129 0.26076119
v 0.75233980 -0.92475366 0.26902944
v 0.74626555 0.80701377 0.26964835
v 0.75902157 -0.92456465 0.26959208
v 0.74833262 -0.94992280 0.26999518
v 0.74833262 0.82992280 0.26999518
v 0.75622520 0.83256461 0.26928590
v 0.74815877 -0.95234376 0.26968112
v 0.74699006 0.83513231 0.26845778
v 0.74882156 -0.94956660 0.27000001
v 0.74882156 0.82956660 0.27000001
v 0.74882571 -0.95610675 0.26761750
v 0.74897079 0.83702604 0.26671064
v 0.74915491 -0.95913870 0.26310041
v 0.74812108 0.83889681 0.26402004
v 0.75412673 0.83912941 0.26074875
v 0.75361521 -0.95973090 -0.26341257
v 0.75489034 0.83953963 -0.26317864
v 0.74980181 -0.95951843 -0.23000000
v 0.74654854 -0.95994621 0.18994657
v 0.74801032 -0.95967640 0.26107907
v 0.76446618 0.83767515 0.23000000
v 0.75610641 0.84451117 -0.26901769
v 0.75659012 0.84730942 -0.26988931
v 0.75078177 0.84947038 -0.27000001
v 0.75271532 0.79885367 0.26230379
v 0.75672629 -0.91817532 0.26293020
v 0.75507071 0.80065754 0.26646249
v 0.75221854 0.80260815 0.26766630
v 0.75031725 -0.92931059 0.27000034
v 0.75171514 0.80781839 0.26994641
v 0.76994356 -0.92040981 0.26962611
v 0.76408168 -0.85469635 -0.23000088
v 0.75741696 -0.91741639 0.25999999
v 0.75173343 0.79898727 0.23008873
v 0.75755823 -0.94827056 0.27000001
v 0.75755823 0.82827055 0.27000001
v 0.75903521 -0.94975031 0.26988636
v 0.75200775 -0.95943201 -0.26036387
v 0.75950897 -0.95807862 -0.23000000
v 0.75950897 -0.95807862 0.25999999
v 0.75339518 0.83914225 -0.25954602
v 0.75434736 0.83908724 0.25817955
v 0.76764047 0.82895603 0.26957223
v 0.76422106 -0.91506100 0.26042567
v 0.76029324 0.79656040 0.26100460
v 0.76501059 0.79542187 0.26374222
v 0.76610394 -0.95247842 0.26806772
v 0.76215138 0.83402240 0.26783602
v 0.76515612 -0.95401999 0.26700140
v 0.76075644 -0.91903199 0.26677302
v 0.75304894 -0.95773076 0.26549353
v 0.75676601 0.83721315 0.26531342
v 0.76655011 -0.95523006 0.26501963
v 0.76119745 0.83679062 0.26417962
v 0.76683880 -0.95574645 0.26385621
v 0.76650637 0.83653343 0.26104384
v 0.76130772 -0.95781176 -0.26161815
v 0.75654582 0.84017019 -0.26507000
v 0.76776863 -0.95806864 -0.26562784
v 0.76178658 0.83948034 -0.26577774
v 0.75643635 0.84195858 -0.26726512
v 0.75476892 -0.96257349 -0.26763561
v 0.76272232 -0.96305058 -0.26899921
v 0.76962686 0.84260362 -0.26940235
v 0.77655418 -0.91706846 0.26973774
v 0.76296097 -0.91543281 0.23000000
v 0.75629285 -0.96749522 -0.26992112
v 0.76044399 0.73966291 -0.23000025
v 0.76878846 -0.96556995 -0.26997553
v 0.77099291 0.84477744 -0.26995740
v 0.76612556 -0.94612455 0.27000001
v 0.76612556 0.82612455 0.27000001
v 0.76719009 0.79355483 0.26111659
v 0.76333205 0.80395731 0.26988149
v 0.77570694 -0.90868548 0.26119272
v 0.76828378 -0.91291517 0.23000000
v 0.76569135 0.79432376 0.22995081
v 0.77230656 0.79591542 0.26801677
v 0.77384485 -0.95422973 -0.26094715
v 0.76902843 -0.95569396 -0.23000000
v 0.76460578 0.83698910 -0.26031554
v 0.75958327 0.83845574 -0.23000000
v 0.75955494 0.83831253 0.19000116
v 0.76996545 -0.94610967 0.26994023
v 0.77001417 0.82517439 0.26999518
v 0.76574488 0.82770861 0.26993082
v 0.77579060 -0.94567483 0.26963570
v 0.76390911 -0.95126632 0.26909652
v 0.77835354 0.82732023 0.26857725
v 0.77851747 0.82836057 0.26787253
v 0.77184540 0.84565520 -0.26999890
v 0.77238798 -0.83826846 -0.23000000
v 0.77046381 0.72278550 -0.23000035
v 0.77250123 -0.95223182 0.26626918
v 0.77250123 0.83223182 0.26626918
v 0.77130613 0.80177106 0.26997582
v 0.78210317 -0.94940974 0.26559063
v 0.76733751 0.83585780 0.26314909
v 0.76665515 -0.95642559 0.26144411
v 0.77492203 -0.90886780 0.26046942
v 0.77333421 -0.90988821 0.23000000
v 0.76780578 0.83666237 -0.26285204
v 0.77339009 -0.95474110 -0.26303762
v 0.77023151 -0.91258134 0.26237803
v 0.77310524 0.79017189 0.26198690
v 0.76724007 -0.95723701 -0.26395502
v 0.77405062 0.83675855 -0.26677342
v 0.77391099 -0.95839636 -0.26774293
v 0.77444160 -0.94314921 0.27000001
v 0.77444160 0.82314920 0.27000001
v 0.77237900 -0.91417985 0.26718028
v 0.77108079 0.79479772 0.26705216
v 0.77493844 -0.95901045 -0.26867857
v 0.77639182 0.83841243 -0.26841162
v 0.77579989 -0.96111510 -0.26963823
v 0.77930902 -0.81532833 -0.23000227
v 0.77845391 0.69958285 -0.23000187
v 0.78267673 0.83921527 -0.26975553
v 0.77806360 -0.90638059 0.23000000
v 0.77576705 0.78822715 0.23005021
v 0.77828672 -0.91772928 0.26995409
v 0.77826846 -0.95238799 -0.23000000
v 0.76441661 -0.95747884 0.23000000
v 0.77826846 -0.95238799 0.25999999
v 0.77826846 0.83238798 -0.23000000
v 0.77329589 0.83442786 0.26020997
v 0.77376875 0.79857685 0.26977491
v 0.77668003 -0.90955513 0.26486789
v 0.77894239 0.78580233 0.26200833
v 0.77999997 -1.00000000 -0.25999999
v 0.77999997 -1.00000000 0.20999999
v 0.77999997 -0.99995178 -0.26098016
v 0.77999997 -0.99990356 0.21196041
v 0.77999997 -0.99980783 -0.26195091
v 0.77999997 -0.99961579 0.21390179
v 0.77999997 -0.99956942 -0.26290286
v 0.77999997 -0.99923879 -0.26382685
v 0.77999997 -0.99913877 0.21580559
v 0.78286616 -0.99894855 -0.26441185
v 0.77999997 -0.99847764 0.21765362
v 0.77999997 -0.99831462 -0.26555571
v 0.77999997 -0.99773020 -0.26634392
v 0.77999997 -0.99763840 0.21942799
v 0.77999997 -0.99707103 -0.26707107
v 0.77999997 -0.99634397 -0.26773012
v 0.78278972 -0.99580848 -0.26812446
v 0.77999997 -0.99546021 0.22268780
v 0.77999997 -0.99471396 -0.26881921
v 0.77999997 -0.99414223 0.22414219
v 0.77999997 -0.99382681 -0.26923880
v 0.77999997 -0.99290282 -0.26956940
v 0.77999997 -0.99268782 0.22546020
v 0.77999997 -0.99195099 -0.26980785
v 0.77999997 -0.99111140 0.22662941
v 0.77999997 -0.99000001 -0.27000001
v 0.78614548 -0.98824811 0.22816151
v 0.77999997 -0.98765355 0.22847760
v 0.77999997 -0.98580557 0.22913879
v 0.77999997 -0.98390180 0.22961578
v 0.77999997 -0.98196036 0.22990361
v 0.77999997 -0.98000002 0.23000000
v 0.77999997 -0.95999998 -0.15000001
v 0.77999997 -0.95999998 0.19000000
v 0.77999997 -0.95980746 -0.15392068
v 0.77999997 -0.95923144 -0.15780362
v 0.77999997 -0.95827758 -0.16161138
v 0.77999997 -0.95695519 -0.16530734
v 0.77999997 -0.95527679 -0.16885586
v 0.78388340 -0.95268543 -0.17290684
v 0.77999997 -0.95092040 -0.17537574
v 0.77999997 -0.94828421 -0.17828429
v 0.77999997 -0.94537580 -0.18092042
v 0.77999997 -0.94222283 -0.18325879
v 0.77999997 -0.93530738 -0.18695517
v 0.77999997 -0.93161142 -0.18827762
v 0.77999997 -0.92780358 -0.18923143
v 0.77999997 -0.92392057 -0.18980737
v 0.77999997 -0.92000002 -0.19000000
v 0.77999997 0.68000001 -0.23000000
v 0.77999997 0.80000001 -0.19000000
v 0.77999997 0.80392057 -0.18980737
v 0.77999997 0.80780357 -0.18923143
v 0.77999997 0.81161141 -0.18827762
v 0.77999997 0.81530738 -0.18695517
v 0.77999997 0.81885582 -0.18527687
v 0.78311438 0.82204132 -0.18331847
v 0.77999997 0.82537580 -0.18092042
v 0.77999997 0.82828420 -0.17828429
v 0.77999997 0.83092040 -0.17537574
v 0.77999997 0.83325881 -0.17222279
v 0.78721713 0.83432618 -0.17004029
v 0.77999997 0.83695519 -0.16530734
v 0.77999997 0.83827758 -0.16161138
v 0.77999997 0.83923143 -0.15780362
v 0.77999997 0.83980745 -0.15392068
v 0.77999997 0.83999997 -0.15000001
v 0.77999997 0.83999997 0.19000000
v 0.77999997 0.86000001 0.23000000
v 0.79250426 0.86194199 0.22983116
v 0.77999997 0.86390185 0.22961578
v 0.77999997 0.86580557 0.22913879
v 0.77999997 0.86765361 0.22847760
v 0.77999997 0.86942804 0.22763839
v 0.77999997 0.87000000 -0.27000001
v 0.77999997 0.87098020 -0.26995185
v 0.77999997 0.87195098 -0.26980785
v 0.77999997 0.87268782 0.22546020
v 0.77999997 0.87290281 -0.26956940
v 0.77999997 0.87382680 -0.26923880
v 0.77999997 0.87414223 0.22414219
v 0.78929454 0.87423950 -0.26892914
v 0.77999997 0.87546021 0.22268780
v 0.77999997 0.87555581 -0.26831469
v 0.77999997 0.87634397 -0.26773012
v 0.77999997 0.87662941 0.22111142
v 0.77999997 0.87707102 -0.26707107
v 0.77999997 0.87773019 -0.26634392
v 0.78965295 0.87799475 -0.26566423
v 0.77999997 0.87847763 0.21765362
v 0.77999997 0.87881923 -0.26471397
v 0.77999997 0.87913877 0.21580559
v 0.77999997 0.87923884 -0.26382685
v 0.77999997 0.87956941 -0.26290286
v 0.77999997 0.87961578 0.21390179
v 0.77999997 0.87980783 -0.26195091
v 0.77999997 0.87990355 0.21196041
v 0.77999997 0.87995178 -0.26098016
v 0.77999997 0.88000000 -0.25999999
v 0.77999997 0.88000000 0.20999999
v 0.78025383 -0.94084036 0.26999518
v 0.78025383 0.82084036 0.26999518
v 0.78765479 -0.93873109 0.26983676
v 0.78174683 0.78870524 0.26796868
v 0.78850275 0.81952736 0.26957227
v 0.77522776 -0.94745663 0.26914579
v 0.77786083 -0.91058043 0.26730299
v 0.78292609 -0.91980006 -0.19000001
v 0.78209519 -0.96162683 -0.27000001
v 0.78454081 0.80628370 -0.18951768
v 0.78745944 0.82103434 0.26953001
v 0.78242576 -0.93937302 0.27000001
v 0.78242576 0.81937301 0.27000001
v 0.78242636 -0.90242636 0.23000000
v 0.78263497 -0.92843556 -0.18907395
v 0.78249624 -0.99115230 -0.26993881
v 0.78172627 0.87096271 -0.26997245
v 0.78679169 -0.94430517 0.26782034
v 0.78287441 -0.99333859 -0.26943088
v 0.78943404 -0.99963360 -0.26055775
v 0.78330243 -0.93276142 -0.18802272
v 0.78358918 -0.94753885 0.26626918
v 0.78358918 0.82753885 0.26626918
v 0.77780287 -0.95284072 0.26068531
v 0.78989739 0.82663927 0.26189819
v 0.78442219 -0.94754045 -0.17890870
v 0.78781359 -0.94792342 -0.26120846
v 0.78534374 -0.90044071 0.26318458
v 0.78597072 0.77888417 0.26201212
v 0.78553073 0.83025130 -0.26377224
v 0.79789263 -0.89341024 0.26937630
v 0.78510253 0.79118917 0.26991984
v 0.78365507 -0.92291024 -0.18988904
v 0.78510414 -0.95053307 -0.26475649
v 0.78807440 -0.95551603 -0.16754459
v 0.78515719 0.83921840 -0.15817941
v 0.78568330 0.83184029 -0.26677312
v 0.78964929 -0.95819311 -0.15992702
v 0.78395790 0.79966010 -0.19000003
v 0.78588098 -0.95971102 -0.15000001
v 0.78588098 -0.95971102 0.19000000
v 0.78588098 0.83971101 0.19000000
v 0.77936363 -0.95514390 -0.26694752
v 0.78638059 -0.89806360 0.23000000
v 0.79035203 0.78201929 0.26905245
v 0.79308648 0.83132957 -0.26889942
v 0.79071800 -0.94631117 -0.23000000
v 0.77385406 -0.95461379 0.19000214
v 0.79038171 -0.94651003 0.26082773
v 0.78047198 0.83170033 -0.26092174
v 0.78713959 0.82819223 -0.23000000
v 0.79050303 0.82698721 0.19000199
v 0.78038704 0.83169085 0.26100334
v 0.79327842 -0.97947578 0.22999803
v 0.79375946 0.83227785 -0.26940240
v 0.78647563 -0.90249664 0.26724919
v 0.78764017 0.86019657 0.22999424
v 0.78567153 -0.92234650 -0.18990979
v 0.79572659 0.86642983 0.22853981
v 0.78594043 -0.93695465 -0.18629446
v 0.79100316 0.81606978 -0.18617765
v 0.79872848 0.87122123 0.22574916
v 0.79281064 0.87335000 0.22428844
v 0.79560782 0.83403411 -0.26995429
v 0.79309932 -0.99192423 0.22548464
v 0.78882158 -0.98956656 -0.27000001
v 0.78785639 -0.99605260 0.22158813
v 0.78801688 0.87742544 0.21933927
v 0.78900546 0.82112002 -0.18334410
v 0.78740131 -0.89702764 0.26088223
v 0.79949324 -0.99475107 0.22184435
v 0.78913999 0.87863618 0.21606301
v 0.79368924 0.87911159 0.21202296
v 0.79474741 -0.89366534 0.26792747
v 0.78927439 0.78491956 0.26943162
v 0.79201255 -0.91612810 -0.19000007
v 0.78618505 -0.92509075 -0.18970810
v 0.78949118 0.80693400 -0.18907395
v 0.78686585 -0.91211986 0.26999993
v 0.79199229 -0.89132863 0.26238099
v 0.78934417 0.77492452 0.26303839
v 0.78980178 -0.99951845 0.20999999
v 0.78980178 0.87951845 -0.25999999
v 0.78988296 -0.93528098 0.26999518
v 0.78988296 0.81528097 0.26999518
v 0.79161179 -0.89073320 0.23000623
v 0.78830817 0.77617957 0.23001390
v 0.79000139 -0.93483222 0.27000001
v 0.79000139 0.81483221 0.27000001
v 0.79213960 0.77284342 0.26481728
v 0.78643239 0.81903631 0.26988757
v 0.78790933 0.82744794 -0.17863788
v 0.79130113 0.78570213 0.26994599
v 0.79046470 -0.94858668 -0.17709232
v 0.79126322 0.83142900 -0.17311096
v 0.79170537 -0.95884722 -0.15000001
v 0.79170537 -0.95884722 0.19000000
v 0.79170537 0.83884722 -0.15000001
v 0.79170537 0.83884722 0.19000000
v 0.79439830 0.77351214 0.26749479
v 0.78935800 -0.95754279 -0.26998292
v 0.79632168 0.83462343 -0.27000025
v 0.78570656 -0.94246608 0.26914556
v 0.79849387 0.81532899 0.26857661
v 0.78803168 -0.93610798 -0.18662234
v 0.79127953 0.81349847 -0.18705838
v 0.79257756 0.83743078 -0.15975654
v 0.79292102 -0.89277936 0.26649732
v 0.79027250 0.79728939 -0.19000007
v 0.79272902 -0.92556345 -0.18907395
v 0.79371525 0.80199870 -0.18969009
v 0.80341368 0.83551641 -0.15501622
v 0.79385639 -0.88659250 0.26049029
v 0.79202681 0.77002972 0.26059305
v 0.79523615 0.76514238 0.26347434
v 0.79433913 -0.99003764 -0.26994063
v 0.79380371 0.86920718 -0.26999812
v 0.79490617 0.86990092 -0.26995831
v 0.79039443 0.87279382 -0.26947018
v 0.79277133 -0.94355799 0.26559065
v 0.78295433 0.82929452 0.26519991
v 0.80079747 -0.99484655 -0.26728922
v 0.79101745 0.87582512 -0.26774761
v 0.80076608 -0.93885356 0.26351892
v 0.78922010 -0.99746302 -0.26630251
v 0.79265879 -0.99859643 -0.26377349
v 0.79884610 0.82090100 0.26166387
v 0.79670065 -0.88401644 0.26519508
v 0.79126057 0.87819490 -0.26491713
v 0.79531306 -0.99864823 -0.26183748
v 0.79110631 0.87917174 -0.26262842
v 0.79183761 0.87944624 -0.26018505
v 0.79525045 -0.94342337 -0.26143903
v 0.79470232 0.79883953 -0.18983093
v 0.79543281 -0.88296098 0.23000000
v 0.79488422 -0.91757929 -0.18991717
v 0.79555702 -0.94314694 0.25999999
v 0.78628763 0.82922282 -0.26145887
v 0.79555702 0.82314700 -0.23000000
v 0.79221066 0.82541654 0.23000000
v 0.78669399 -0.94843465 0.23016350
v 0.79737424 0.85863833 0.22999613
v 0.79736579 0.80271828 -0.18907741
v 0.80096628 -0.94090091 -0.26458167
v 0.78144449 0.78401728 0.26296535
v 0.79866023 0.75446086 0.26088852
v 0.79635590 -0.94693218 -0.17709256
v 0.79619725 -0.93141703 -0.18705836
v 0.80055625 0.81403917 -0.18531743
v 0.79709542 -0.92957097 0.27000001
v 0.79709542 0.80957103 0.27000001
v 0.79075823 -0.94958562 -0.26694808
v 0.79740221 0.82668102 -0.26799684
v 0.79898728 -0.87173342 0.23008873
v 0.79649822 0.76040247 0.23000626
v 0.79741699 -0.95741636 -0.15000001
v 0.79741699 -0.95741636 0.19000000
v 0.79741699 0.83741641 -0.15000001
v 0.79741699 0.83741641 0.19000000
v 0.79668028 0.82681770 -0.17709272
v 0.79898980 -0.90663251 -0.19000005
v 0.79605773 0.79211588 -0.19000005
v 0.79992800 0.77117874 0.26982405
v 0.79350007 -0.98319333 0.22959864
v 0.79376031 -0.90315805 0.26996451
v 0.80601407 0.86241354 0.22903996
v 0.79835939 -0.95210040 -0.16892374
v 0.79710039 -0.92291900 -0.18907736
v 0.79870903 -0.92856223 0.26999857
v 0.80034421 -0.93861641 -0.18249818
v 0.79807287 -0.98689580 0.22817076
v 0.79927210 0.75130064 0.26236614
v 0.80083346 -0.95127126 -0.16938676
v 0.79833334 -0.88264441 0.26677247
v 0.80112371 0.79096048 -0.18983041
v 0.79938182 -0.87312119 0.26344997
v 0.79950899 -0.99807858 -0.25999999
v 0.79950899 -0.99807858 0.20999999
v 0.79950899 0.87807864 -0.25999999
v 0.79950899 0.87807864 0.20999999
v 0.79617910 0.83595405 -0.16231409
v 0.80331147 -0.92629014 0.26988757
v 0.79914495 -0.94876884 -0.26948132
v 0.79957843 0.82991302 -0.26976848
v 0.80009795 -0.95600343 -0.15778944
v 0.80318703 -0.90159669 -0.18987477
v 0.79987342 0.78255600 -0.18999999
v 0.80000001 -0.89999998 -0.19000000
v 0.80000001 -0.86000001 0.23000000
v 0.80000001 -0.86000001 0.25999999
v 0.79968025 0.74747431 0.22997342
v 0.80000001 0.74000001 0.25999999
v 0.80000001 0.77999997 -0.19000000
v 0.79936905 -0.87046379 0.26099741
v 0.80004823 0.74000001 0.26098019
v 0.80019218 -0.86000001 0.26195100
v 0.80019218 0.74000001 0.26195100
v 0.80643542 0.80529593 0.26957213
v 0.80043060 -0.86000001 0.26290280
v 0.80043060 0.74000001 0.26290280
v 0.80044800 -0.99336886 0.22253841
v 0.80127655 -0.94290560 -0.17877687
v 0.80191703 -0.87179629 0.26715634
v 0.80063589 0.87411691 0.22158023
v 0.80076116 -0.86000001 0.26382679
v 0.80076116 0.74000001 0.26382679
v 0.80005202 -0.91268215 -0.18983025
v 0.79993457 -0.92918926 -0.18705829
v 0.80458361 0.81125469 -0.18531758
v 0.80652200 -0.99470537 0.21854896
v 0.79527915 -0.93584693 0.26936408
v 0.80238184 0.79779756 -0.18907737
v 0.79102657 -0.95537798 -0.26988466
v 0.80118078 -0.86000001 0.26471400
v 0.79358051 -0.99883241 0.21412148
v 0.81255683 0.87467454 0.21295354
v 0.80116639 0.74933875 0.26567105
v 0.80096084 0.75465509 0.26663949
v 0.80147547 -0.86587893 0.26560537
v 0.80168539 0.74000001 0.26555580
v 0.79939992 -0.89892300 0.27010836
v 0.80579251 0.80700930 0.26953016
v 0.80226264 0.76383134 0.26948119
v 0.80226982 -0.86000001 0.26634398
v 0.80226982 0.74000001 0.26634398
v 0.79726088 -0.93753765 0.26787383
v 0.80292898 -0.86000001 0.26707101
v 0.80292898 0.74000001 0.26707101
v 0.80296099 -0.95543283 -0.15000001
v 0.80296099 -0.95543283 0.19000000
v 0.80296099 0.83543283 -0.15000001
v 0.80296099 0.83543283 0.19000000
v 0.80279664 0.78314824 -0.18991567
v 0.80308479 0.81363297 0.26717919
v 0.80431180 -0.87824694 0.26940707
v 0.80217313 -0.91805684 -0.18907739
v 0.79964123 -0.94036253 0.23012180
v 0.80111394 -0.93926469 0.26097237
v 0.80378501 0.81717992 -0.25989548
v 0.80787043 0.81359023 -0.23000000
v 0.80782283 0.81363973 0.23012244
v 0.79932138 0.82064628 0.25838814
v 0.80177828 0.82288405 -0.17899814
v 0.80630626 -0.90547783 -0.18947579
v 0.79821244 0.81834047 0.26672021
v 0.79877004 0.80850923 0.26999854
v 0.80365598 -0.86000001 0.26773021
v 0.80365598 0.74000001 0.26773021
v 0.80392057 0.77999997 -0.18980737
v 0.81204940 -0.92675195 0.26625098
v 0.80444419 -0.86000001 0.26831460
v 0.80402961 0.75003553 0.26840639
v 0.79394087 0.82382791 0.26406744
v 0.80337127 -0.92651789 -0.18705821
v 0.80725298 0.80501237 -0.18662192
v 0.80564025 -0.88081058 0.26995023
v 0.80545319 -0.98854897 -0.26978856
v 0.80913598 -0.93253721 -0.26089342
v 0.80156433 -0.91435573 -0.18969315
v 0.80515939 0.79351020 -0.18907395
v 0.81535338 -0.92796431 -0.26473772
v 0.80514766 -0.86617237 0.26888093
v 0.80528605 0.74000001 0.26881921
v 0.80543545 0.86979149 -0.26945107
v 0.80550116 -0.93645340 -0.26361242
v 0.80616878 0.81641972 -0.26377133
v 0.81090311 -0.94728873 -0.16702771
v 0.80550081 0.83040789 -0.16702739
v 0.79986321 -0.99140851 -0.26943309
v 0.80631679 0.87290924 -0.26766807
v 0.80493591 -0.98673579 -0.26999941
v 0.80521319 0.86737916 -0.26998656
v 0.80617315 -0.86000001 0.26923883
v 0.80617315 0.74000001 0.26923883
v 0.80293225 0.83354222 -0.16231328
v 0.80625761 -0.93733644 -0.26577774
v 0.80176096 0.82159367 -0.26621255
v 0.79717059 -0.99467074 -0.26817017
v 0.80662900 -0.91031599 -0.18907395
v 0.80662900 0.79031599 -0.18907395
v 0.80681438 0.85596905 0.22999463
v 0.80695641 -0.99474198 -0.26526433
v 0.80717934 0.87562433 -0.26364822
v 0.80749826 -0.87050435 0.26991119
v 0.80508896 0.76399132 0.26998343
v 0.80709720 -0.86000001 0.26956940
v 0.80709720 0.74000001 0.26956940
v 0.80717286 -0.99596968 -0.26251587
v 0.80138031 -0.94266939 -0.26694699
v 0.80733496 0.81859380 -0.26759404
v 0.80606337 0.75214183 0.26963151
v 0.80736125 0.87616438 -0.26061562
v 0.80433550 0.80493767 0.26993187
v 0.80780357 -0.89999998 -0.18923143
v 0.80780357 0.77999997 -0.18923143
v 0.80415994 -0.92801097 -0.18662216
v 0.80578580 0.80417645 -0.18705824
v 0.80378061 -0.94344564 -0.26858737
v 0.80804902 -0.86000001 0.26980782
v 0.80804902 0.74000001 0.26980782
v 0.81021245 -0.95150508 -0.15635015
v 0.80828375 -0.95291519 0.19000000
v 0.80828375 0.83291519 -0.15000001
v 0.80828375 0.83291519 0.19000000
v 0.80834085 0.78350937 -0.18907395
v 0.81298930 -0.97896421 0.22925265
v 0.81594591 0.85859126 0.22904002
v 0.81267490 0.81582549 -0.26858739
v 0.80901980 -0.86000001 0.26995179
v 0.80902839 -0.99569398 -0.25999999
v 0.80902839 -0.99569398 0.20999999
v 0.80902839 0.87569398 -0.25999999
v 0.80902839 0.87569398 0.20999999
v 0.80824446 -0.94272531 -0.17513016
v 0.80833675 0.82266410 -0.17513023
v 0.80418192 -0.92847826 0.26936399
v 0.80984981 -0.86504020 0.27000007
v 0.80893959 0.74742337 0.26997891
v 0.81000000 0.74000001 0.27000001
v 0.80990860 -0.94135471 -0.26963811
v 0.81017613 0.82191002 -0.26976848
v 0.81510105 0.79878429 0.26857746
v 0.80976354 -0.98804358 0.22560123
v 0.81719863 0.86510813 0.22549884
v 0.80620158 -0.97764284 0.22994369
v 0.80658129 -0.93475863 -0.23000000
v 0.81071061 -0.93071061 0.23000000
v 0.81071061 0.81071061 0.25999999
v 0.81048276 -0.92553406 -0.18531769
v 0.80856140 0.80082447 -0.18705823
v 0.80635907 -0.92991253 0.26787223
v 0.81243307 -0.94200551 -0.26998581
v 0.81161141 -0.89999998 -0.18827762
v 0.81161141 0.77999997 -0.18827762
v 0.81569532 0.80069617 0.26729546
v 0.81176698 0.87014818 0.22253841
v 0.80791941 0.87398977 0.21903906
v 0.81355003 0.80619962 0.26519278
v 0.81812367 -0.99111814 0.21749042
v 0.80720910 0.87540431 0.21617999
v 0.81577248 -0.94747229 -0.15763865
v 0.81338921 -0.92159504 -0.18531771
v 0.81090359 0.79715715 -0.18705825
v 0.81333423 -0.94988823 -0.15000001
v 0.81333423 -0.94988823 0.19000000
v 0.81333423 0.82988822 -0.15000001
v 0.81333423 0.82988822 0.19000000
v 0.81355321 -0.92705262 0.26303160
v 0.80943518 0.81151692 0.26315159
v 0.80982375 -0.91747993 0.26999617
v 0.81225052 -0.92943893 0.26044439
v 0.81348379 0.80821358 0.26115300
v 0.80958912 0.81213759 -0.26145515
v 0.81412399 -0.92757303 -0.26243913
v 0.81220571 -0.93785413 -0.17709263
v 0.81336471 0.81885859 -0.17513017
v 0.81756800 -0.90884571 0.26988759
v 0.80133487 0.77544086 0.27009230
v 0.81520081 -0.98316497 -0.26999524
v 0.81577480 0.80913560 -0.26677283
v 0.81313532 -0.91230605 -0.18705834
v 0.81584373 0.78914076 -0.18662213
v 0.81530738 -0.89999998 -0.18695517
v 0.81530738 0.77999997 -0.18695517
v 0.81574400 0.86442639 -0.26990753
v 0.82035611 0.78711765 0.26957223
v 0.80468236 -0.93916011 -0.26582894
v 0.81709543 0.86807839 -0.26841731
v 0.81211007 -0.92007209 0.26936416
v 0.81587544 -0.91168004 -0.18616685
v 0.81675276 0.78646842 -0.18636571
v 0.81702662 -0.97435921 0.22976342
v 0.81299783 0.85530282 0.22993406
v 0.81797167 0.80152445 -0.18249785
v 0.81702578 0.82266626 -0.16702605
v 0.80761901 -0.93460700 0.19000240
v 0.81730103 -0.92343938 0.23000000
v 0.82037808 0.79961311 -0.23000000
v 0.81748313 0.80321956 0.23018733
v 0.82324863 0.79590400 0.26016015
v 0.82330302 -0.98690997 -0.26728873
v 0.82014912 0.78893920 0.26953012
v 0.81265582 0.78419255 -0.18802644
v 0.81581812 -0.97215284 0.22999507
v 0.81379994 0.82176026 -0.26999986
v 0.82303310 0.80443769 -0.26864400
v 0.81806356 -0.94638062 -0.15000001
v 0.81806356 -0.94638062 0.19000000
v 0.81806356 0.82638061 -0.15000001
v 0.81806356 0.82638061 0.19000000
v 0.82532910 0.85357941 0.22904009
v 0.81312990 -0.99150872 -0.26704064
v 0.81851034 0.87108574 -0.26477727
v 0.81826842 -0.99238801 -0.25999999
v 0.81826842 -0.99238801 0.20999999
v 0.81826842 0.87238801 -0.25999999
v 0.81826842 0.87238801 0.20999999
v 0.81444648 -0.92122824 0.26787267
v 0.81852862 -0.99100634 -0.26474105
v 0.81881719 -0.99197422 -0.26194466
v 0.81883478 -0.93186736 -0.26943153
v 0.81856412 0.82534514 -0.15770958
v 0.81885582 -0.89999998 -0.18527687
v 0.81781174 -0.93454588 -0.17513081
v 0.81684433 0.81335633 -0.17709251
v 0.81903759 0.87199510 -0.26113944
v 0.81793168 -0.98029615 0.22816720
v 0.81956238 0.78272420 0.26999518
v 0.81539582 0.81646096 -0.26961305
v 0.81633076 0.80124550 0.26640752
v 0.82183487 0.86075087 0.22701292
v 0.82222949 0.80258581 -0.17877820
v 0.82095940 -0.93259035 -0.26995164
v 0.81803762 0.78716556 0.26996857
v 0.82082319 -0.91026741 -0.18334410
v 0.81772044 -0.92137684 0.26467229
v 0.82230398 -0.91726239 0.26120450
v 0.82323229 -0.91583622 -0.26045611
v 0.81789370 0.80302634 -0.26133509
v 0.82170218 -0.90387321 0.26961818
v 0.82485025 -0.91403877 -0.26295998
v 0.81892877 0.80298587 -0.26395401
v 0.82198746 -0.90399471 -0.18331053
v 0.82222283 0.77999997 -0.18325879
v 0.82150483 -0.93832260 -0.16702701
v 0.82554281 0.85779876 -0.26999989
v 0.82242638 -0.94242638 -0.15000001
v 0.82242638 -0.94242638 0.19000000
v 0.82242638 0.82242638 -0.15000001
v 0.82242638 0.82242638 0.19000000
v 0.82260436 -0.98556119 0.22253841
v 0.81928203 -0.91102967 0.26914581
v 0.82177122 -0.92963737 -0.17512998
v 0.82183516 0.80954686 -0.17513014
v 0.82340395 0.79905757 -0.26628289
v 0.82044465 -0.91966242 -0.23000000
v 0.82741584 -0.90911496 0.23000746
v 0.82314700 -0.91555703 0.25999999
v 0.81994790 0.80103825 0.19000187
v 0.82314700 0.79555702 0.23000000
v 0.81956060 -0.90263708 0.26999859
v 0.82754592 -0.98375991 0.22189053
v 0.82717185 0.77869177 0.26857673
v 0.82419777 -0.93983658 -0.15778797
v 0.82903147 -0.98574292 0.21749036
v 0.82420957 0.77262300 0.26999518
v 0.81400512 -0.99415582 0.21297927
v 0.82803574 -0.96483466 0.22999605
v 0.82891831 -0.91599678 -0.26813923
v 0.82447141 0.79979599 -0.26759404
v 0.82454391 0.84713773 0.22999384
v 0.82140672 -0.91161674 0.26787200
v 0.81731006 0.81742949 -0.26997409
v 0.82515407 -0.97820902 -0.26999524
v 0.82176858 -0.92608648 -0.26864563
v 0.82825836 -0.88607739 0.26983677
v 0.82537580 -0.89999998 -0.18092042
v 0.82537580 0.77999997 -0.18092042
v 0.82821380 0.78040164 0.26729464
v 0.82647639 0.85839368 -0.26995775
v 0.82415876 -0.89263161 0.26999855
v 0.82689618 0.76466750 0.27000245
v 0.82640625 0.79779339 -0.17709256
v 0.82701172 0.86196875 -0.26903885
v 0.82638061 -0.93806356 -0.15000001
v 0.82638061 -0.93806356 0.19000000
v 0.82638061 0.81806356 -0.15000001
v 0.82638061 0.81806356 0.19000000
v 0.82219301 -0.92308847 -0.17899815
v 0.82485390 -0.91169271 0.26408184
v 0.82260450 -0.98339620 -0.26939364
v 0.83108108 -0.91563479 -0.26941907
v 0.83108395 0.79674755 -0.26959525
v 0.82713962 -0.98819220 -0.25999999
v 0.83017118 -0.98653028 0.21235345
v 0.82713962 0.86819220 0.20999999
v 0.83025585 -0.96813341 0.22952128
v 0.83402856 0.84745006 0.22904018
v 0.82458494 -0.90066919 0.26936404
v 0.82867240 -0.87770475 0.26999726
v 0.83017153 -0.90191353 0.26385668
v 0.82766664 0.78730343 0.26388386
v 0.83065668 0.78242407 0.26120874
v 0.81815777 -0.98840501 -0.26818732
v 0.82726613 -0.90903226 -0.17863281
v 0.82641170 -0.91056173 -0.26030444
v 0.82535454 0.79250954 -0.26130652
v 0.82576621 0.79243372 -0.25814797
v 0.83274266 0.77841668 -0.23000000
v 0.82950022 0.78518603 0.23001346
v 0.82828420 -0.89999998 -0.17828429
v 0.82828420 0.77999997 -0.17828429
v 0.82906993 0.86510400 -0.26583453
v 0.82966545 0.76790961 0.26953038
v 0.82884956 0.78714667 -0.26263102
v 0.82606216 0.81750953 -0.15772874
v 0.82905636 0.76562167 0.26973872
v 0.82961007 -0.92261498 -0.26998297
v 0.83347552 0.79654264 -0.26995435
v 0.82628218 -0.91811365 -0.17709252
v 0.82738226 0.78588356 -0.17890835
v 0.82958001 -0.98584004 -0.26420211
v 0.83071016 -0.89552623 0.26727839
v 0.82956660 -0.86882156 0.27000001
v 0.82988822 -0.93333417 0.19000000
v 0.82988822 0.81333423 -0.15000001
v 0.82988822 0.81333423 0.19000000
v 0.83377141 -0.98444534 -0.26072387
v 0.83197148 0.75479384 0.26955426
v 0.82982807 0.86670386 -0.26117767
v 0.82999998 -0.86000001 0.27000001
v 0.82964066 0.75053225 0.26999919
v 0.83307447 -0.89021671 0.26649488
v 0.82959811 -0.92704195 -0.16702771
v 0.82631485 0.81234448 -0.16702791
v 0.83084023 0.75124842 0.26988161
v 0.82550084 -0.98097450 0.22549851
v 0.83092040 -0.89999998 -0.17537574
v 0.83092040 0.77999997 -0.17537574
v 0.83075940 -0.87003597 0.26993007
v 0.83098024 0.74000001 0.26995179
v 0.83105779 -0.91284156 -0.17311096
v 0.82824140 0.79195592 -0.17709222
v 0.82933374 -0.89015078 0.26914594
v 0.82203894 -0.92099046 -0.26582942
v 0.83148979 0.78928674 -0.26805815
v 0.82885010 -0.90102726 0.26640634
v 0.82646863 0.78682151 0.26609466
v 0.83430298 0.79686142 -0.27000031
v 0.83151019 0.79995519 -0.16892374
v 0.83187956 0.85829425 0.22435822
v 0.83195096 -0.86000001 0.26980782
v 0.83195096 0.74000001 0.26980782
v 0.83272189 -0.89824865 -0.26097906
v 0.83406418 -0.89445731 0.23027913
v 0.83131908 -0.90097277 0.26097554
v 0.83403542 0.77437610 0.26013434
v 0.83167339 -0.93031920 -0.15378740
v 0.82697013 0.86386780 0.22210758
v 0.83464014 -0.89051275 0.26385498
v 0.83290285 -0.86000001 0.26956940
v 0.83290285 0.74000001 0.26956940
v 0.83291519 -0.92828375 -0.15000001
v 0.83291519 -0.92828375 0.19000000
v 0.83087244 0.81130128 -0.15636205
v 0.83291519 0.80828375 0.19000000
v 0.83222648 -0.87821464 0.26930049
v 0.83325881 -0.89999998 -0.17222279
v 0.83256510 0.78494716 -0.17296521
v 0.83339764 -0.91474437 -0.16955274
v 0.83060431 0.80240371 -0.16938754
v 0.83576051 -0.89076799 -0.26285177
v 0.83382684 -0.86000001 0.26923883
v 0.83382684 0.74000001 0.26923883
v 0.83165094 0.78360170 -0.26507813
v 0.83403283 0.76365018 0.26717919
v 0.83477373 0.84234894 0.22984492
v 0.83504603 -0.86896143 0.26841996
v 0.83435270 0.74915132 0.26881157
v 0.83408828 -0.89644231 -0.26418932
v 0.83435678 0.77655405 -0.26473093
v 0.83317441 -0.97297246 -0.27000120
v 0.83471400 -0.86000001 0.26881921
v 0.83919745 -0.97906696 0.21749026
v 0.83356462 -0.92520869 -0.16083218
v 0.83169333 -0.90373862 -0.26517844
v 0.83609965 -0.91081182 -0.26994709
v 0.83837906 0.78457039 -0.26975551
v 0.83902767 0.86050087 0.21395764
v 0.82443118 -0.98089615 -0.26984810
v 0.83565590 0.85215707 -0.26995840
v 0.83507452 -0.90527539 -0.16883610
v 0.83527678 0.77999997 -0.16885586
v 0.83581585 -0.87189370 0.26757832
v 0.83543283 -0.92296100 -0.15000001
v 0.83543283 -0.92296100 0.19000000
v 0.83543283 0.80296099 -0.15000001
v 0.83543283 0.80296099 0.19000000
v 0.83518530 0.76437354 0.26619853
v 0.83555579 0.74000001 0.26831460
v 0.83555704 -0.98314697 0.20999999
v 0.83555704 0.86314696 -0.25999999
v 0.83083568 0.86606884 0.21325205
v 0.84190800 0.84029916 0.22904020
v 0.83542324 0.80171293 -0.15771440
v 0.83563260 0.77709419 -0.26677292
v 0.83260882 -0.89836130 -0.23000000
v 0.83151764 -0.90173453 0.19000230
v 0.83767087 0.76446569 0.19000426
v 0.83454643 0.77290736 0.23000000
v 0.84258420 -0.96853792 -0.26967325
v 0.83643540 0.85506200 -0.26925798
v 0.83462591 0.75489533 0.26833207
v 0.83634400 -0.86000001 0.26773021
v 0.83634400 0.74000001 0.26773021
v 0.82890998 -0.91044845 -0.26582828
v 0.83811793 -0.87728863 0.26329432
v 0.83500815 0.77015834 0.26314898
v 0.83658624 -0.97493219 -0.26920906
v 0.83570017 -0.88927363 0.26088488
v 0.83699899 0.76542268 0.26107024
v 0.83909420 -0.90644984 -0.15817304
v 0.83529613 0.78938946 -0.16759687
v 0.83695519 -0.89999998 -0.16530734
v 0.83695519 0.77999997 -0.16530734
v 0.83628645 0.76752888 -0.26045034
v 0.83707100 -0.86000001 0.26707101
v 0.83707100 0.74000001 0.26707101
v 0.84175855 0.84560936 -0.27000013
v 0.83203728 -0.97183949 0.22813236
v 0.83864407 -0.87834925 -0.26203538
v 0.83741641 -0.91741699 -0.15000001
v 0.83741641 -0.91741699 0.19000000
v 0.83741641 0.79741699 -0.15000001
v 0.83741641 0.79741699 0.19000000
v 0.83959926 0.77241080 -0.26844703
v 0.83773017 -0.86000001 0.26634398
v 0.83773017 0.74000001 0.26634398
v 0.83815214 -0.87494176 0.26451149
v 0.84319312 -0.97372322 -0.26728873
v 0.83866779 0.85782057 -0.26680290
v 0.83708451 -0.91689358 -0.15699796
v 0.83912746 -0.87397869 -0.26075964
v 0.83807862 -0.87950897 0.25999999
v 0.83908003 0.75456035 0.26019187
v 0.83827758 -0.89999998 -0.16161138
v 0.83827758 0.77999997 -0.16161138
v 0.83831459 -0.86000001 0.26555580
v 0.83745453 0.75545379 0.26551745
v 0.84026734 0.84810855 0.22701270
v 0.83910573 0.76494020 -0.26628251
v 0.83881921 0.74000001 0.26471400
v 0.83884722 -0.91170537 -0.15000001
v 0.83884722 -0.91170537 0.19000000
v 0.83884722 0.79170537 -0.15000001
v 0.83884722 0.79170537 0.19000000
v 0.83445094 -0.98066498 -0.26703901
v 0.83886710 -0.87590470 0.26082626
v 0.83923143 -0.89999998 -0.15780362
v 0.83923143 0.77999997 -0.15780362
v 0.83923882 -0.86000001 0.26382679
v 0.83923882 0.74000001 0.26382679
v 0.83796499 0.79090809 -0.16001403
v 0.83867271 0.75789840 -0.26180178
v 0.83993074 -0.97931607 -0.26364792
v 0.83956270 -0.89828060 -0.26948150
v 0.84189538 0.77197773 -0.26940236
v 0.83907035 -0.87469725 -0.23000000
v 0.83951843 0.74980181 -0.25999999
v 0.83898841 0.75468516 -0.23000000
v 0.83898841 0.75468516 0.23000000
v 0.83956939 -0.86000001 0.26290280
v 0.83956939 0.74000001 0.26290280
v 0.83202941 -0.96321889 0.22996769
v 0.83958180 0.83422561 0.22999454
v 0.83971101 -0.90588099 0.19000000
v 0.83971101 0.78588098 -0.15000001
v 0.83971101 0.78588098 0.19000000
v 0.84027479 0.85953648 -0.26229778
v 0.83980745 -0.89999998 -0.15392068
v 0.83980745 0.77999997 -0.15392068
v 0.83980781 -0.86000001 0.26195100
v 0.83980781 0.74000001 0.26195100
v 0.83422121 -0.97229588 0.22762043
v 0.83948090 0.75699411 -0.26387072
v 0.83995175 -0.86000001 0.26098019
v 0.83939501 0.75065695 0.26161483
v 0.83999997 -0.89999998 -0.15000001
v 0.83999997 -0.89999998 0.19000000
v 0.83999997 -0.86000001 -0.25999999
v 0.83999997 -0.86000001 -0.23000000
v 0.83982452 -0.87011244 0.18993090
v 0.83899217 -0.87747458 0.23000000
v 0.83999997 -0.86000001 0.25999999
v 0.83999997 0.74000001 -0.25999999
v 0.83999997 0.74000001 -0.23000000
v 0.83999997 0.74000001 0.19000000
v 0.83999997 0.74000001 0.23000000
v 0.83999997 0.74000001 0.25999999
v 0.83999997 0.77999997 -0.15000001
v 0.83999997 0.77999997 0.19000000
v 0.84004819 -0.86000001 -0.26098016
v 0.84004819 0.74000001 -0.26098016
v 0.84019220 -0.86000001 -0.26195091
v 0.84019220 0.74000001 -0.26195091
v 0.84085711 -0.86976394 -0.26486204
v 0.84043062 -0.86000001 -0.26290286
v 0.84043062 0.74000001 -0.26290286
v 0.84076118 -0.86000001 -0.26382685
v 0.84076118 0.74000001 -0.26382685
v 0.83986069 -0.87892878 -0.26521264
v 0.84110779 0.85132539 0.22435822
v 0.84118080 0.74000001 -0.26471397
v 0.83915765 -0.89062682 -0.26774791
v 0.84138781 -0.95596236 0.22976342
v 0.84168541 -0.86000001 -0.26555571
v 0.84127067 0.74967241 -0.26553212
v 0.84253168 -0.89809752 -0.26998271
v 0.84446127 0.77204022 -0.26995733
v 0.84063267 -0.87901959 -0.26630648
v 0.84217914 0.75610401 -0.26751322
v 0.84226984 -0.86000001 -0.26634392
v 0.84226984 0.74000001 -0.26634392
v 0.84235495 0.76574320 -0.26895162
v 0.84154243 -0.87913239 -0.26728961
v 0.84284609 -0.96479177 -0.26999863
v 0.84292901 -0.86000001 -0.26707107
v 0.84292901 0.74000001 -0.26707107
v 0.84209803 -0.97371387 0.22204702
v 0.84252836 0.85350972 0.22187713
v 0.84316558 -0.95758301 0.22923660
v 0.84884870 0.83223459 0.22904020
v 0.84343940 -0.97730100 -0.25999999
v 0.84343940 -0.97730100 0.20999999
v 0.84343940 0.85730100 -0.25999999
v 0.84343940 0.85730100 0.20999999
v 0.84365600 -0.86000001 -0.26773012
v 0.84365600 0.74000001 -0.26773012
v 0.84401368 0.84478496 -0.26996691
v 0.83349517 0.86324056 0.21785800
v 0.84412560 -0.87012067 -0.26838139
v 0.84444422 0.74000001 -0.26831469
v 0.84846602 -0.97119290 0.21748908
v 0.84488747 0.84707444 -0.26945127
v 0.84413171 -0.88549858 -0.26969602
v 0.84460294 0.76630861 -0.26976848
v 0.85346848 0.84800954 0.21295773
v 0.84363373 0.77729071 -0.26999977
v 0.84528601 -0.86000001 -0.26881921
v 0.84557190 0.75085219 -0.26922071
v 0.84571637 -0.94660882 0.22999417
v 0.84579101 0.82647089 0.22999572
v 0.84713916 0.84940439 -0.26766833
v 0.84617317 -0.86000001 -0.26923880
v 0.84617317 0.74000001 -0.26923880
v 0.83856805 -0.97642751 -0.26818760
v 0.84579887 -0.87288272 -0.26944626
v 0.84709716 -0.86000001 -0.26956940
v 0.84709716 0.74000001 -0.26956940
v 0.84897737 -0.87596883 -0.26999984
v 0.84788644 0.76146007 -0.27000001
v 0.84787518 -0.96348623 0.22560115
v 0.84804899 -0.86000001 -0.26980785
v 0.84804899 0.74000001 -0.26980785
v 0.84922374 -0.97135007 -0.26364775
v 0.84918459 0.85138788 -0.26364807
v 0.84859884 -0.87086702 -0.26995446
v 0.84901977 0.74000001 -0.26995185
v 0.84940964 0.84327525 0.22435822
v 0.84781318 0.75370067 -0.26993913
v 0.85155686 0.83468436 -0.27000022
v 0.84960020 -0.97177756 -0.26061562
v 0.85474547 0.82337854 0.22904019
v 0.85000002 -0.86000001 -0.27000001
v 0.85000002 0.74000001 -0.27000001
v 0.85026235 -0.95666453 -0.26999860
v 0.85071063 -0.97071058 -0.25999999
v 0.85071063 -0.97071058 0.20999999
v 0.85071063 0.85071063 -0.25999999
v 0.85071063 0.85071063 0.20999999
v 0.85102361 -0.93813878 0.22999062
v 0.85193605 -0.95756779 -0.26978851
v 0.85418918 0.83340357 -0.26993077
v 0.84450807 -0.95778414 0.22919344
v 0.85224938 0.83813882 -0.26961824
v 0.85434992 0.84004904 -0.26841755
v 0.85043135 0.82241829 0.22993354
v 0.85669549 -0.96224092 0.21748785
v 0.85299366 0.84681597 0.21749704
v 0.85505987 0.83135106 0.22701283
v 0.84505928 -0.97602994 0.21351126
v 0.85926662 -0.95608274 -0.26728876
v 0.85689734 -0.94705527 -0.26999987
v 0.85950975 0.81386337 0.22904029
v 0.85248110 -0.96494575 -0.26704061
v 0.85701995 0.84202888 -0.26477745
v 0.85715029 0.80366508 0.22999487
v 0.85665941 0.83426595 0.22435822
v 0.85746691 -0.96230276 -0.26364794
v 0.85771167 -0.94767195 -0.26994116
v 0.85730100 -0.96343940 -0.25999999
v 0.85730100 -0.96343940 0.20999999
v 0.85730100 0.84343940 -0.25999999
v 0.85730100 0.84343940 0.20999999
v 0.85735303 -0.94362263 0.22816679
v 0.85373216 -0.93896981 0.22979711
v 0.85506152 0.84622431 -0.26107604
v 0.86497923 -0.95348356 -0.26057960
v 0.85751293 -0.92169745 0.23000065
v 0.86139516 -0.90990591 0.22993800
v 0.85979821 0.79038961 0.22999775
v 0.86253032 -0.94387818 -0.26946230
v 0.86019675 0.82997470 -0.26903877
v 0.85820190 -0.95634114 0.22204726
v 0.85571519 0.84078772 0.22067366
v 0.85937303 0.82242578 -0.27000001
v 0.86142902 -0.92632355 0.22925270
v 0.86306861 0.80383534 0.22904034
v 0.86000001 -0.89999998 0.23000000
v 0.86055899 -0.92026138 0.22976342
v 0.85789570 -0.95312221 -0.26914570
v 0.86126141 -0.95763435 0.21582890
v 0.86131008 -0.94501311 0.22560132
v 0.85544080 -0.95983345 -0.26818769
v 0.86196035 0.77999997 0.22990361
v 0.86266915 0.81844389 -0.26994083
v 0.86169480 0.79523946 0.22977772
v 0.86349313 0.83176335 -0.26583447
v 0.86154824 0.82921263 0.22318810
v 0.86380224 0.79476526 0.22951024
v 0.86314696 -0.95555705 -0.25999999
v 0.86509556 -0.95255959 0.21240051
v 0.86314696 0.83555704 0.20999999
v 0.86297434 -0.93778069 -0.26994087
v 0.86453607 -0.95231047 -0.26364801
v 0.86390185 -0.89999998 0.22961578
v 0.86390185 0.77999997 0.22961578
v 0.86531736 0.81149047 0.22701357
v 0.86523196 0.81943087 -0.26925790
v 0.86490247 0.83285177 -0.26114698
v 0.86482537 -0.91050363 0.22923660
v 0.86602115 -0.92274119 0.22809823
v 0.86580557 -0.89999998 0.22913879
v 0.86580557 0.77999997 0.22913879
v 0.86605817 -0.92737699 -0.26999524
v 0.86599691 0.80743270 -0.26999837
v 0.86969226 0.78932826 -0.27000295
v 0.86874467 -0.93411622 -0.26871986
v 0.86839407 0.80306375 -0.26994046
v 0.86850316 0.82080534 -0.26680321
v 0.86956039 -0.94165229 0.21748978
v 0.86438092 0.83217474 0.21617958
v 0.86758018 0.81392884 0.22435822
v 0.86765361 -0.89999998 0.22847760
v 0.86765361 0.77999997 0.22847760
v 0.86819220 -0.94713956 0.20999999
v 0.86819220 0.82713962 -0.25999999
v 0.86548616 0.83180200 0.21325656
v 0.86614958 -0.92654774 -0.27000050
v 0.86849372 -0.92774693 -0.26966880
v 0.86996401 0.80890461 -0.26903876
v 0.86877024 -0.91659403 -0.26999524
v 0.86613304 -0.94530520 -0.26704055
v 0.87010951 -0.92369625 0.22539735
v 0.87027779 -0.90834399 0.22696696
v 0.86912998 0.79331408 0.22742111
v 0.86942804 -0.89999998 0.22763839
v 0.87006333 -0.94141621 -0.26420197
v 0.87000000 -0.89999998 -0.27000001
v 0.87000000 0.77999997 -0.27000001
v 0.87024643 0.82152588 -0.26362034
v 0.87009058 -0.90567818 -0.26999774
v 0.86958248 -0.93556540 0.22204686
v 0.87069184 -0.94172478 -0.26183748
v 0.87089144 0.82165733 -0.26083612
v 0.87098020 -0.89999998 -0.26995185
v 0.87116504 0.78547551 -0.26991995
v 0.87108896 0.80783491 0.22318823
v 0.87111139 0.77999997 0.22662941
v 0.87130029 -0.91257762 -0.26980567
v 0.87227526 0.79745078 -0.26925791
v 0.87390343 -0.91870827 -0.26849810
v 0.86888476 0.82079598 0.21955054
v 0.87195098 -0.89999998 -0.26980785
v 0.87195098 0.77999997 -0.26980785
v 0.87399928 -0.93033282 0.21748999
v 0.87238801 -0.93826842 -0.25999999
v 0.87238801 -0.93826842 0.20999999
v 0.87238801 0.81826842 -0.25999999
v 0.87238801 0.81826842 0.20999999
v 0.87073981 -0.93430518 -0.26736224
v 0.87359727 0.80983449 -0.26583452
v 0.87320650 0.78573700 -0.26943092
v 0.87268782 -0.89999998 0.22546020
v 0.87268782 0.77999997 0.22546020
v 0.87290281 -0.89999998 -0.26956940
v 0.87290281 0.77999997 -0.26956940
v 0.87313242 0.81673611 0.21303364
v 0.87321085 -0.91154200 0.22435822
v 0.87321085 0.79154199 0.22435822
v 0.87358890 -0.91260166 -0.26905131
v 0.87382680 -0.89999998 -0.26923880
v 0.87382680 0.77999997 -0.26923880
v 0.87474214 -0.93011102 -0.26364795
v 0.87414223 -0.89999998 0.22414219
v 0.87414223 0.77999997 0.22414219
v 0.87439138 0.79764479 -0.26798016
v 0.87471396 -0.89999998 -0.26881921
v 0.87471396 0.77999997 -0.26881921
v 0.87544906 0.78549972 -0.26830946
v 0.87672401 0.80588344 -0.26122025
v 0.87700261 -0.92490456 -0.26077614
v 0.87610111 -0.91269923 -0.26735218
v 0.87615600 0.79801115 -0.26630283
v 0.87546021 -0.89999998 0.22268780
v 0.87546021 0.77999997 0.22268780
v 0.87555581 -0.89999998 -0.26831469
v 0.87569398 -0.92902839 -0.25999999
v 0.87569398 -0.92902839 0.20999999
v 0.87569398 0.80902839 -0.25999999
v 0.87569398 0.80902839 0.20999999
v 0.87751481 -0.91720320 0.21676954
v 0.87455851 0.81001673 0.21618019
v 0.87651354 -0.91454407 0.22009090
v 0.87576658 0.79477167 0.22114608
v 0.87634397 -0.89999998 -0.26773012
v 0.87634397 0.77999997 -0.26773012
v 0.87662941 -0.89999998 0.22111142
v 0.87329287 -0.93621663 0.21345442
v 0.87836748 0.79645312 0.21426984
v 0.87725766 0.78597513 -0.26670966
v 0.87731261 -0.91332861 -0.26591546
v 0.87707102 -0.89999998 -0.26707107
v 0.87707102 0.77999997 -0.26707107
v 0.87806109 -0.91343586 -0.26469875
v 0.87787952 0.79830851 -0.26304757
v 0.87636970 0.79798348 0.21903878
v 0.87763840 0.77999997 0.21942799
v 0.87773019 -0.89999998 -0.26634392
v 0.87773019 0.77999997 -0.26634392
v 0.87807864 -0.91950899 -0.25999999
v 0.87807864 -0.91950899 0.20999999
v 0.87807864 0.79950899 -0.25999999
v 0.87807864 0.79950899 0.20999999
v 0.87891364 -0.91332837 -0.26267385
v 0.87831461 -0.89999998 -0.26555571
v 0.87831461 0.77999997 -0.26555571
v 0.87871790 0.78561193 -0.26467361
v 0.87847763 -0.89999998 0.21765362
v 0.87847763 0.77999997 0.21765362
v 0.87881923 -0.89999998 -0.26471397
v 0.87913877 -0.89999998 0.21580559
v 0.87913877 0.77999997 0.21580559
v 0.87883977 -0.91582253 0.21185029
v 0.87923884 -0.89999998 -0.26382685
v 0.87923884 0.77999997 -0.26382685
v 0.87980089 0.78648776 -0.26114299
v 0.87951845 -0.90980178 -0.25999999
v 0.87951845 0.78980178 0.20999999
v 0.87956941 -0.89999998 -0.26290286
v 0.87956941 0.77999997 -0.26290286
v 0.87961578 -0.89999998 0.21390179
v 0.87961578 0.77999997 0.21390179
v 0.87986625 -0.90507172 -0.26082082
v 0.87980783 -0.89999998 -0.26195091
v 0.87980783 0.77999997 -0.26195091
v 0.87990355 -0.89999998 0.21196041
v 0.87990355 0.77999997 0.21196041
v 0.87995178 0.77999997 -0.26098016
v 0.88000000 -0.89999998 -0.25999999
v 0.88000000 -0.89999998 0.20999999
v 0.88000000 0.77999997 -0.25999999
v 0.88000000 0.77999997 0.20999999
f 2865 2857 2832
f 2857 2847 2832
f 2233 2322 2234
f 2233 2232 2322
f 2322 2232 2231
f 2348 2322 2231
f 2322 2348 2350
f 2847 2834 2832
f 2804 2832 2783
f 2234 2320 2235
f 2234 2322 2320
f 2834 2821 2832
f 2832 2821 2810
f 2235 2320 2236
f 2579 2751 2622
f 2622 2656 2604
f 2384 2604 2555
f 2810 2799 2783
f 2783 2799 2795
f 2751 2795 2775
f 2751 2775 2772
f 2724 2767 2762
f 2753 2724 2762
f 2753 2747 2724
f 2243 2316 2244
f 2243 2242 2316
f 2316 2242 2241
f 2747 2744 2724
f 2724 2744 2742
f 2656 2742 2628
f 2576 2661 2618
f 2423 2618 2394
f 2345 2423 2363
f 2244 2316 2245
f 2628 2742 2661
f 2363 2423 2419
f 2245 2316 2247
f 2317 2240 2239
f 2317 2239 2238
f 2317 2238 2237
f 2320 2317 2237
f 2317 2320 2369
f 2447 2423 2369
f 2348 2440 2350
f 2350 2440 2384
f 2769 2783 2713
f 2724 2742 2676
f 2767 2724 2751
f 2722 2622 2751
f 2767 2751 2772
f 2751 2783 2795
f 2832 2810 2783
f 2676 2742 2656
f 2751 2724 2722
f 2622 2676 2656
f 2783 2751 2579
f 2722 2724 2676
f 2804 2783 2769
f 2628 2661 2576
f 2676 2622 2722
f 2783 2579 2713
f 2576 2618 2447
f 2555 2430 2322
f 2447 2618 2423
f 2656 2628 2604
f 2604 2628 2555
f 2322 2430 2320
f 2622 2604 2384
f 2579 2622 2440
f 2627 2713 2579
f 2628 2576 2555
f 2555 2576 2447
f 2430 2447 2369
f 2320 2430 2369
f 2384 2555 2350
f 2440 2622 2384
f 2627 2579 2440
f 2394 2419 2423
f 2447 2430 2555
f 2345 2363 2316
f 2241 2423 2345
f 2369 2423 2241
f 2350 2555 2322
f 2241 2345 2316
f 2241 2317 2369
f 2316 2363 2352
f 2240 2317 2241
f 2865 2867 2857
f 2857 2867 2866
f 2848 2857 2866
f 2848 2847 2857
f 2848 2835 2847
f 2847 2835 2834
f 2834 2835 2822
f 2821 2822 2811
f 2810 2811 2799
f 2810 2821 2811
f 2811 2800 2799
f 2799 2800 2796
f 2795 2796 2776
f 2775 2776 2773
f 2772 2773 2768
f 2767 2768 2762
f 2767 2772 2768
f 2768 2765 2762
f 2762 2765 2754
f 2753 2754 2748
f 2747 2748 2745
f 2744 2745 2743
f 2742 2743 2738
f 2742 2744 2743
f 2743 2740 2738
f 2744 2747 2745
f 2747 2753 2748
f 2753 2762 2754
f 2772 2775 2773
f 2775 2795 2776
f 2795 2799 2796
f 2821 2834 2822
f 2247 1255 2245
f 2245 1255 1169
f 1253 2245 1169
f 1253 2244 2245
f 1253 1252 2244
f 2244 1252 2243
f 2243 1252 1251
f 2242 1251 1250
f 2241 1250 2240
f 2241 2242 1250
f 1250 1193 2240
f 2240 1193 1249
f 2239 1249 1248
f 2238 1248 1247
f 2237 1247 1246
f 2320 1246 2236
f 2320 2237 1246
f 1246 1245 2236
f 2236 1245 1244
f 2235 1244 1243
f 2234 1243 1242
f 2233 1242 1241
f 2232 1241 2231
f 2232 2233 1241
f 1241 1240 2231
f 2233 2234 1242
f 2234 2235 1243
f 2235 2236 1244
f 2237 2238 1247
f 2238 2239 1248
f 2239 2240 1249
f 2242 2243 1251
f 2266 2265 2349
f 2349 2265 2264
f 2321 2264 2263
f 2321 2263 2262
f 2347 2261 2260
f 2259 2347 2260
f 2259 2258 2347
f 2776 2766 2773
f 2776 2796 2766
f 2766 2796 2800
f 2258 2257 2347
f 2347 2257 2256
f 2431 2346 2365
f 2593 2365 2693
f 2773 2765 2768
f 2773 2766 2765
f 2766 2663 2765
f 2256 2255 2346
f 2346 2255 2254
f 2315 2254 2253
f 2315 2253 2252
f 2319 2315 2252
f 2319 2344 2315
f 2319 2364 2344
f 2693 2365 2424
f 2365 2392 2424
f 2693 2448 2638
f 2693 2424 2448
f 2638 2448 2577
f 2754 2720 2748
f 2754 2765 2720
f 2720 2694 2745
f 2748 2720 2745
f 2745 2694 2743
f 2694 2740 2743
f 2839 2811 2822
f 2839 2822 2835
f 2839 2835 2848
f 2593 2648 2711
f 2711 2648 2771
f 2866 2839 2848
f 2866 2833 2839
f 2771 2833 2711
f 2552 2623 2397
f 2446 2415 2393
f 2393 2347 2446
f 2346 2344 2365
f 2346 2315 2344
f 2315 2346 2254
f 2347 2256 2346
f 2262 2261 2321
f 2349 2261 2393
f 2321 2261 2349
f 2321 2349 2264
f 2347 2393 2261
f 2364 2365 2344
f 2397 2346 2431
f 2392 2365 2364
f 2431 2365 2552
f 2346 2446 2347
f 2552 2365 2593
f 2397 2431 2552
f 2346 2397 2446
f 2580 2397 2623
f 2641 2623 2593
f 2906 2593 2711
f 2638 2577 2629
f 2593 2693 2648
f 2397 2580 2446
f 2638 2629 2663
f 2623 2641 2580
f 2623 2552 2593
f 2629 2577 2663
f 2693 2638 2648
f 2593 2906 2641
f 2577 2662 2663
f 2765 2663 2720
f 2648 2638 2766
f 2662 2694 2663
f 2663 2694 2720
f 2638 2663 2766
f 2800 2648 2766
f 2771 2648 2839
f 2833 2771 2839
f 2648 2800 2839
f 2811 2839 2800
f 756 754 768
f 1248 1192 1247
f 1248 1249 1192
f 754 748 768
f 768 748 746
f 768 746 739
f 727 738 732
f 727 721 738
f 738 721 713
f 719 713 698
f 684 670 692
f 684 675 670
f 670 675 665
f 670 665 655
f 1110 947 1120
f 1246 1192 1245
f 1246 1247 1192
f 1241 1153 1240
f 1241 1242 1153
f 947 1153 1120
f 1242 1243 1153
f 1243 1244 1153
f 1153 1244 1245
f 1120 1153 1245
f 1249 1193 1192
f 1113 1162 1165
f 1193 1250 1251
f 1163 1251 1252
f 1163 1252 1253
f 927 1165 1114
f 1165 1163 1169
f 1169 1114 1165
f 738 824 732
f 910 828 859
f 824 828 797
f 824 797 768
f 732 824 768
f 645 670 655
f 692 719 698
f 719 738 713
f 732 768 739
f 670 645 744
f 888 878 927
f 692 670 744
f 805 792 839
f 719 692 744
f 824 744 805
f 738 719 824
f 783 768 797
f 645 680 744
f 744 680 792
f 839 807 878
f 927 1064 1082
f 744 824 719
f 792 805 744
f 828 824 859
f 1113 1110 1162
f 807 839 792
f 805 859 824
f 924 901 1064
f 878 888 839
f 859 805 910
f 910 805 945
f 878 897 901
f 901 897 1064
f 1162 1160 1192
f 901 924 878
f 924 927 878
f 805 839 945
f 945 839 1071
f 897 947 1064
f 1064 947 1082
f 1160 1245 1192
f 1064 927 924
f 839 888 1071
f 1071 888 927
f 1084 927 1114
f 927 1084 1071
f 947 1110 1082
f 1110 1113 1082
f 1082 1165 927
f 1120 1126 1110
f 1126 1162 1110
f 1113 1165 1082
f 1169 1163 1253
f 1120 1245 1126
f 1245 1160 1126
f 1160 1162 1126
f 1165 1162 1163
f 1192 1193 1162
f 1251 1163 1193
f 1193 1163 1162
f 2266 1274 2265
f 2265 1274 1273
f 1272 2265 1273
f 1272 2264 2265
f 1272 1271 2264
f 2264 1271 2263
f 2263 1271 1270
f 2262 1270 1269
f 2261 1269 2260
f 2261 2262 1269
f 1269 1155 2260
f 2260 1155 1268
f 2259 1268 1267
f 2258 1267 1266
f 2257 1266 1265
f 2256 1265 2255
f 2256 2257 1265
f 1265 1264 2255
f 2255 1264 1263
f 2254 1263 1262
f 2253 1262 1261
f 2252 1261 1260
f 2319 1260 2251
f 2319 2252 1260
f 1260 1259 2251
f 2252 2253 1261
f 2253 2254 1262
f 2254 2255 1263
f 2257 2258 1266
f 2258 2259 1267
f 2259 2260 1268
f 2262 2263 1270
f 756 758 754
f 754 758 780
f 749 754 780
f 749 748 754
f 749 747 748
f 748 747 746
f 746 747 740
f 739 740 733
f 732 733 727
f 732 739 733
f 733 734 727
f 727 734 722
f 721 722 714
f 713 714 699
f 698 699 693
f 692 693 684
f 692 698 693
f 693 673 684
f 684 673 676
f 675 676 666
f 665 666 656
f 655 656 646
f 645 646 635
f 645 655 646
f 646 649 635
f 655 665 656
f 665 675 666
f 675 684 676
f 698 713 699
f 713 721 714
f 721 727 722
f 739 746 740
f 1259 1260 1166
f 749 750 747
f 749 780 750
f 1260 1261 1166
f 1166 1261 1164
f 1164 1261 1262
f 1264 1262 1263
f 1265 1161 1264
f 1265 1266 1161
f 1161 1266 1267
f 1161 1267 1268
f 1269 1270 1155
f 1155 1270 1154
f 1154 1270 1271
f 1154 1271 1272
f 693 699 673
f 673 699 729
f 791 718 770
f 676 673 666
f 646 656 649
f 649 656 673
f 671 649 673
f 656 666 673
f 699 714 729
f 851 879 825
f 714 722 729
f 722 734 729
f 825 734 750
f 798 825 750
f 734 733 740
f 750 740 747
f 750 734 740
f 827 804 857
f 1154 1129 1155
f 857 804 899
f 1155 1129 1161
f 1164 1125 1166
f 1273 1154 1272
f 1155 1161 1268
f 1264 1164 1262
f 1154 1273 1121
f 946 933 899
f 1264 1161 1129
f 1164 1129 1115
f 1085 1083 1072
f 1116 1115 1085
f 1065 1051 879
f 895 879 851
f 780 777 750
f 1121 1109 1154
f 1154 1109 1115
f 1129 1154 1115
f 1129 1164 1264
f 1115 1116 1164
f 1164 1116 1125
f 1109 1081 1115
f 1115 1081 1083
f 1109 1075 1081
f 1081 1075 1051
f 879 1051 862
f 1081 1065 1083
f 1083 1065 1072
f 1083 1085 1115
f 1075 898 1051
f 1051 898 836
f 862 1051 836
f 1051 1065 1081
f 1065 928 1072
f 1072 928 933
f 879 928 1065
f 928 895 933
f 933 895 899
f 933 946 1072
f 862 836 811
f 787 770 729
f 879 811 787
f 879 895 928
f 895 851 899
f 899 851 857
f 836 791 811
f 811 791 770
f 811 879 862
f 851 825 857
f 857 825 827
f 770 787 811
f 825 798 827
f 827 798 804
f 718 729 770
f 787 825 879
f 777 780 798
f 798 780 804
f 671 673 718
f 673 729 718
f 729 825 787
f 750 777 798
f 729 734 825
f 758 756 757
f 757 756 767
f 767 756 768
f 783 767 768
f 783 797 803
f 803 797 828
f 844 828 870
f 844 819 828
f 828 910 870
f 941 910 945
f 1068 945 1071
f 1078 1068 1071
f 1071 1084 1078
f 1078 1084 1114
f 1124 1114 1169
f 1151 1169 1254
f 1169 1255 1254
f 1151 1124 1169
f 1124 1078 1114
f 1068 941 945
f 941 909 910
f 909 870 910
f 819 803 828
f 1255 2247 1254
f 1254 2247 2246
f 2246 2247 2318
f 2318 2247 2316
f 2316 2352 2318
f 2318 2352 2363
f 2395 2363 2420
f 2395 2385 2363
f 2363 2419 2420
f 2438 2419 2394
f 2562 2394 2618
f 2634 2592 2618
f 2618 2661 2634
f 2683 2661 2742
f 2702 2742 2737
f 2742 2738 2737
f 2702 2683 2742
f 2683 2634 2661
f 2592 2562 2618
f 2562 2438 2394
f 2438 2420 2419
f 2385 2318 2363
f 2267 1275 2329
f 2329 1275 1168
f 2355 1168 1123
f 2391 1123 1107
f 2429 1107 1077
f 2561 1077 944
f 2637 944 868
f 2266 868 1274
f 2266 2637 868
f 2266 2349 2637
f 2349 2393 2637
f 2637 2393 2415
f 2446 2637 2415
f 2446 2580 2637
f 2637 2580 2699
f 2794 2580 2641
f 2962 2641 2906
f 591 553 791
f 791 553 517
f 718 517 473
f 718 473 649
f 649 455 635
f 591 791 836
f 455 466 635
f 635 466 645
f 680 466 497
f 680 497 552
f 878 552 700
f 700 897 878
f 897 700 715
f 947 715 867
f 1239 2230 1167
f 1167 2230 2328
f 1122 2328 2354
f 1106 2354 2390
f 1076 2390 2428
f 943 2428 2560
f 867 2560 2636
f 1240 2636 2231
f 1240 867 2636
f 1240 1153 867
f 1153 947 867
f 943 1076 2428
f 1076 1106 2390
f 1106 1122 2354
f 1122 1167 2328
f 2769 2713 2898
f 2804 2989 3009
f 2832 3009 3028
f 2832 3028 3052
f 2865 2832 3052
f 2898 2713 2717
f 3052 3059 2865
f 2865 3059 2867
f 2867 3059 3060
f 2833 3060 3010
f 2906 2711 3010
f 2962 2794 2641
f 2794 2699 2580
f 2637 2561 944
f 2561 2429 1077
f 2429 2391 1107
f 2391 2355 1123
f 2355 2329 1168
f 2832 2804 3009
f 2804 2769 2989
f 2713 2627 2717
f 2717 2627 2698
f 2636 2627 2440
f 2348 2636 2440
f 2636 2348 2231
f 947 897 715
f 878 807 552
f 807 792 552
f 792 680 552
f 680 645 466
f 671 718 649
f 718 791 517
f 591 836 831
f 831 836 898
f 1075 868 898
f 1075 1109 868
f 868 1109 1121
f 1121 1273 868
f 868 1273 1274
f 2711 2833 3010
f 2833 2866 3060
f 2866 2867 3060
f 2627 2636 2698
f 943 2560 867
f 831 898 868
f 1716 1722 1715
f 1656 1651 1668
f 1710 1696 1711
f 1726 1727 1725
f 1712 1727 1728
f 1712 1728 1729
f 1711 1729 1730
f 1731 1711 1730
f 1731 1732 1711
f 1711 1732 1710
f 1710 1732 1733
f 1710 1733 1734
f 1709 1734 1735
f 1736 1709 1735
f 1736 1721 1709
f 1725 1714 1724
f 1725 1727 1714
f 1708 1689 1694
f 1682 1689 1667
f 1637 1656 1635
f 1637 1651 1656
f 1635 1656 1627
f 1689 1655 1667
f 1656 1655 1645
f 1645 1627 1656
f 1642 1645 1655
f 1651 1652 1668
f 1696 1684 1711
f 1696 1695 1684
f 1684 1695 1670
f 1663 1670 1659
f 1657 1663 1659
f 1716 1702 1701
f 1716 1715 1702
f 1666 1669 1678
f 1699 1700 1727
f 1712 1699 1727
f 1701 1702 1686
f 1678 1702 1700
f 1702 1678 1686
f 1686 1678 1669
f 1709 1710 1734
f 1711 1712 1729
f 1723 1724 1715
f 1715 1722 1723
f 1724 1714 1715
f 1721 1708 1709
f 1709 1708 1694
f 1683 1682 1667
f 1668 1667 1656
f 1710 1709 1694
f 1695 1694 1683
f 1696 1710 1695
f 1687 1684 1663
f 1699 1698 1687
f 1699 1712 1698
f 1698 1712 1711
f 1684 1698 1711
f 1714 1727 1700
f 1702 1714 1700
f 1702 1715 1714
f 1694 1695 1710
f 1700 1699 1678
f 1689 1682 1694
f 1682 1683 1694
f 1684 1687 1698
f 1670 1663 1684
f 1663 1672 1687
f 1687 1672 1699
f 1699 1672 1676
f 1678 1699 1676
f 1667 1668 1683
f 1695 1683 1670
f 1670 1683 1652
f 1659 1670 1652
f 1672 1663 1676
f 1676 1663 1666
f 1678 1676 1666
f 1655 1656 1667
f 1668 1652 1683
f 1663 1657 1666
f 1722 1754 1723
f 1723 1754 1782
f 1755 1723 1782
f 1755 1724 1723
f 1755 1756 1724
f 1724 1756 1725
f 1725 1756 1757
f 1726 1757 1758
f 1727 1758 1728
f 1727 1726 1758
f 1758 1784 1728
f 1728 1784 1759
f 1729 1759 1760
f 1730 1760 1761
f 1731 1761 1762
f 1732 1762 1733
f 1732 1731 1762
f 1762 1786 1733
f 1733 1786 1763
f 1734 1763 1764
f 1735 1764 1765
f 1736 1765 1766
f 1721 1766 1737
f 1721 1736 1766
f 1766 1767 1737
f 1736 1735 1765
f 1735 1734 1764
f 1734 1733 1763
f 1731 1730 1761
f 1730 1729 1760
f 1729 1728 1759
f 1726 1725 1757
f 1856 1853 1852
f 1853 1856 1854
f 1866 1862 1874
f 1866 1841 1862
f 1841 1866 1868
f 1788 1767 1766
f 1797 1766 1765
f 1764 1797 1765
f 1764 1763 1797
f 1862 1840 1858
f 1824 1818 1805
f 1824 1831 1818
f 1824 1837 1831
f 1831 1837 1843
f 1852 1848 1856
f 1763 1786 1797
f 1827 1786 1811
f 1858 1839 1854
f 1858 1840 1839
f 1840 1810 1826
f 1854 1826 1853
f 1762 1761 1786
f 1786 1761 1760
f 1785 1760 1759
f 1783 1758 1757
f 1756 1783 1757
f 1756 1755 1783
f 1783 1755 1782
f 1795 1783 1782
f 1782 1794 1818
f 1795 1818 1806
f 1852 1836 1848
f 1758 1783 1784
f 1784 1783 1796
f 1826 1810 1809
f 1809 1810 1811
f 1796 1811 1784
f 1796 1783 1795
f 1807 1795 1806
f 1823 1807 1806
f 1823 1853 1807
f 1823 1836 1853
f 1759 1784 1785
f 1785 1784 1811
f 1811 1786 1785
f 1785 1786 1760
f 1797 1786 1812
f 1797 1798 1788
f 1788 1766 1797
f 1818 1795 1782
f 1809 1796 1807
f 1853 1809 1807
f 1853 1836 1852
f 1853 1826 1809
f 1796 1809 1811
f 1812 1786 1827
f 1797 1812 1798
f 1788 1813 1808
f 1788 1798 1813
f 1794 1805 1818
f 1818 1831 1823
f 1823 1806 1818
f 1840 1826 1839
f 1798 1812 1829
f 1827 1840 1841
f 1829 1841 1842
f 1829 1827 1841
f 1829 1812 1827
f 1813 1798 1829
f 1827 1811 1840
f 1811 1810 1840
f 1843 1846 1831
f 1831 1846 1823
f 1836 1846 1848
f 1836 1823 1846
f 1839 1826 1854
f 1840 1862 1841
f 1842 1841 1855
f 1855 1841 1868
f 1807 1796 1795
f 1782 1754 1794
f 1913 1912 1919
f 1912 1926 1919
f 1926 1912 1932
f 1932 1912 1939
f 1946 1939 1955
f 1946 1940 1939
f 1955 1939 1963
f 1961 1955 1963
f 1961 1963 1966
f 1966 1963 1971
f 1972 1971 1963
f 1988 1963 1993
f 1988 1993 1995
f 1988 1979 1963
f 1979 1978 1963
f 1972 1963 1978
f 1940 1932 1939
f 1913 1919 1905
f 1905 1919 1901
f 1886 1901 1872
f 1886 1905 1901
f 1919 1926 1901
f 1901 1926 1896
f 1873 1896 1900
f 1877 1900 1916
f 1894 1903 1918
f 1866 1874 1875
f 1892 1890 1902
f 1904 1892 1902
f 1904 1908 1892
f 1926 1932 1896
f 1896 1932 1900
f 1900 1932 1940
f 1920 1947 1936
f 1924 1936 1942
f 1928 1942 1949
f 1933 1949 1952
f 1934 1952 1968
f 1951 1941 1927
f 1902 1927 1904
f 1902 1922 1927
f 1902 1918 1922
f 1910 1946 1955
f 1977 1964 1976
f 1976 1964 1945
f 1974 1945 1943
f 1974 1943 1968
f 1978 1952 1949
f 1972 1949 1942
f 1971 1942 1936
f 1950 1936 1947
f 1955 1961 1947
f 1950 1961 1966
f 1957 1971 1972
f 1960 1972 1978
f 1965 1978 1979
f 1969 1979 1988
f 1981 1988 1984
f 1982 1984 1987
f 1982 1977 1976
f 1984 1988 1995
f 1987 1984 1995
f 1927 1941 1908
f 1904 1927 1908
f 1895 1885 1883
f 1875 1885 1868
f 1866 1875 1868
f 1874 1862 1881
f 1881 1862 1894
f 1903 1894 1891
f 1862 1858 1894
f 1894 1858 1891
f 1903 1891 1888
f 1858 1854 1891
f 1891 1854 1888
f 1903 1888 1882
f 1888 1854 1870
f 1854 1856 1870
f 1870 1856 1867
f 1882 1867 1916
f 1867 1856 1877
f 1877 1856 1873
f 1900 1877 1873
f 1856 1848 1873
f 1873 1848 1872
f 1901 1873 1872
f 1901 1896 1873
f 1946 1910 1940
f 1955 1947 1910
f 1961 1950 1947
f 1979 1968 1965
f 1979 1969 1968
f 1988 1974 1969
f 1988 1981 1974
f 1981 1984 1982
f 1976 1981 1982
f 1936 1950 1966
f 1936 1966 1971
f 1942 1971 1957
f 1942 1957 1972
f 1949 1972 1960
f 1949 1960 1978
f 1952 1978 1965
f 1952 1965 1968
f 1968 1969 1974
f 1945 1974 1976
f 1976 1974 1981
f 1910 1900 1940
f 1910 1916 1900
f 1910 1947 1916
f 1964 1951 1945
f 1945 1951 1922
f 1943 1945 1918
f 1931 1943 1918
f 1934 1931 1918
f 1934 1918 1903
f 1931 1934 1943
f 1943 1934 1968
f 1903 1933 1934
f 1934 1933 1952
f 1949 1933 1928
f 1928 1933 1903
f 1903 1924 1928
f 1928 1924 1942
f 1936 1924 1920
f 1920 1924 1903
f 1882 1920 1903
f 1882 1916 1920
f 1920 1916 1947
f 1922 1951 1927
f 1922 1918 1945
f 1894 1890 1881
f 1890 1894 1902
f 1902 1894 1918
f 1908 1895 1892
f 1892 1895 1883
f 1892 1883 1875
f 1874 1892 1875
f 1874 1881 1892
f 1890 1892 1881
f 1916 1867 1877
f 1882 1870 1867
f 1882 1888 1870
f 1885 1875 1883
f 1540 1528 1520
f 1540 1538 1528
f 1554 1540 1553
f 1554 1553 1569
f 1570 1554 1569
f 1583 1569 1588
f 1595 1588 1602
f 1595 1589 1588
f 1588 1601 1602
f 1589 1583 1588
f 1583 1576 1569
f 1576 1570 1569
f 1528 1519 1520
f 1517 1520 1519
f 1524 1519 1522
f 1532 1522 1527
f 1565 1527 1547
f 1558 1542 1537
f 1567 1549 1573
f 1598 1564 1582
f 1628 1646 1652
f 1652 1651 1628
f 1628 1651 1625
f 1575 1592 1571
f 1565 1547 1574
f 1519 1528 1522
f 1522 1528 1529
f 1547 1529 1552
f 1547 1522 1529
f 1547 1527 1522
f 1529 1528 1534
f 1552 1534 1542
f 1552 1529 1534
f 1528 1538 1534
f 1534 1538 1537
f 1542 1534 1537
f 1537 1538 1539
f 1539 1538 1541
f 1537 1541 1549
f 1537 1539 1541
f 1541 1538 1544
f 1549 1541 1544
f 1538 1540 1544
f 1549 1544 1573
f 1540 1554 1544
f 1544 1554 1546
f 1573 1544 1546
f 1546 1554 1551
f 1573 1551 1564
f 1573 1546 1551
f 1551 1554 1556
f 1564 1551 1556
f 1556 1554 1560
f 1564 1556 1560
f 1554 1570 1560
f 1560 1570 1564
f 1564 1570 1582
f 1582 1570 1576
f 1582 1576 1583
f 1582 1583 1589
f 1616 1589 1595
f 1617 1595 1611
f 1621 1617 1611
f 1621 1641 1617
f 1617 1641 1639
f 1616 1639 1634
f 1582 1616 1634
f 1582 1589 1616
f 1595 1602 1611
f 1641 1657 1639
f 1639 1657 1659
f 1646 1659 1652
f 1646 1634 1659
f 1625 1651 1638
f 1598 1638 1609
f 1592 1598 1609
f 1638 1651 1637
f 1609 1638 1604
f 1571 1609 1604
f 1571 1592 1609
f 1638 1635 1604
f 1584 1571 1604
f 1562 1604 1596
f 1562 1584 1604
f 1630 1635 1627
f 1633 1626 1642
f 1633 1622 1615
f 1562 1585 1558
f 1562 1596 1585
f 1626 1627 1645
f 1642 1626 1645
f 1639 1616 1617
f 1617 1616 1595
f 1592 1579 1564
f 1592 1575 1579
f 1579 1575 1564
f 1571 1573 1575
f 1575 1573 1564
f 1584 1567 1571
f 1571 1567 1573
f 1567 1584 1549
f 1562 1549 1584
f 1549 1562 1537
f 1562 1558 1537
f 1558 1557 1542
f 1557 1552 1542
f 1543 1527 1565
f 1598 1592 1564
f 1582 1605 1598
f 1598 1605 1613
f 1552 1557 1585
f 1593 1586 1585
f 1585 1586 1547
f 1552 1585 1547
f 1574 1547 1586
f 1585 1557 1558
f 1613 1605 1634
f 1628 1634 1646
f 1613 1628 1625
f 1613 1634 1628
f 1634 1639 1659
f 1613 1638 1598
f 1630 1627 1619
f 1604 1619 1606
f 1615 1606 1619
f 1633 1619 1626
f 1633 1615 1619
f 1606 1615 1608
f 1593 1606 1608
f 1593 1596 1606
f 1593 1585 1596
f 1596 1604 1606
f 1619 1627 1626
f 1635 1630 1604
f 1637 1635 1638
f 1625 1638 1613
f 1604 1630 1619
f 1634 1605 1582
f 1532 1527 1543
f 1524 1522 1532
f 1669 1837 1686
f 1686 1837 1824
f 1701 1824 1805
f 1716 1805 1794
f 1722 1794 1754
f 1722 1716 1794
f 1716 1701 1805
f 1701 1686 1824
f 1514 1520 1516
f 1516 1520 1517
f 1603 1590 1599
f 1536 1545 1533
f 1531 1536 1533
f 1738 1739 1707
f 1707 1739 1697
f 1517 1525 1521
f 1517 1530 1525
f 1517 1518 1530
f 1530 1518 1523
f 1739 1740 1697
f 1697 1740 1741
f 1717 1741 1742
f 1704 1743 1744
f 1745 1704 1744
f 1745 1746 1704
f 1563 1548 1559
f 1563 1545 1548
f 1548 1545 1536
f 1521 1526 1533
f 1521 1525 1526
f 1746 1691 1704
f 1653 1705 1680
f 1653 1680 1664
f 1618 1664 1643
f 1594 1643 1610
f 1548 1610 1559
f 1563 1568 1580
f 1563 1559 1568
f 1691 1747 1705
f 1559 1597 1568
f 1580 1568 1578
f 1747 1748 1705
f 1705 1748 1749
f 1719 1749 1750
f 1664 1671 1643
f 1664 1681 1671
f 1681 1664 1706
f 1713 1706 1720
f 1713 1681 1706
f 1713 1693 1681
f 1713 1692 1693
f 1681 1692 1671
f 1643 1671 1649
f 1692 1685 1675
f 1671 1675 1665
f 1632 1658 1640
f 1631 1640 1644
f 1631 1620 1640
f 1580 1578 1587
f 1620 1614 1612
f 1612 1614 1591
f 1587 1578 1590
f 1578 1599 1590
f 1673 1660 1654
f 1680 1706 1664
f 1680 1705 1706
f 1706 1705 1719
f 1720 1719 1750
f 1720 1706 1719
f 1719 1705 1749
f 1704 1703 1718
f 1697 1717 1688
f 1697 1741 1717
f 1704 1718 1743
f 1718 1717 1742
f 1691 1705 1679
f 1704 1691 1703
f 1718 1677 1717
f 1717 1690 1673
f 1688 1717 1673
f 1718 1703 1677
f 1679 1705 1653
f 1691 1679 1677
f 1717 1674 1690
f 1673 1690 1660
f 1703 1691 1677
f 1717 1677 1674
f 1692 1681 1693
f 1679 1653 1677
f 1677 1662 1674
f 1690 1661 1647
f 1660 1690 1647
f 1690 1674 1661
f 1675 1671 1692
f 1643 1649 1610
f 1653 1664 1636
f 1661 1648 1623
f 1647 1661 1623
f 1677 1653 1662
f 1661 1674 1648
f 1654 1660 1647
f 1665 1658 1671
f 1671 1658 1649
f 1610 1649 1632
f 1636 1664 1618
f 1653 1636 1662
f 1662 1629 1674
f 1648 1624 1600
f 1623 1648 1600
f 1648 1674 1624
f 1658 1632 1649
f 1610 1620 1597
f 1610 1632 1620
f 1618 1643 1594
f 1636 1618 1662
f 1662 1618 1629
f 1624 1607 1577
f 1600 1624 1577
f 1674 1629 1607
f 1624 1674 1607
f 1632 1640 1620
f 1618 1594 1629
f 1607 1581 1550
f 1577 1607 1550
f 1597 1612 1591
f 1568 1591 1578
f 1568 1597 1591
f 1594 1610 1561
f 1629 1572 1566
f 1629 1594 1572
f 1629 1566 1607
f 1607 1566 1555
f 1581 1555 1535
f 1550 1581 1535
f 1581 1607 1555
f 1612 1597 1620
f 1610 1597 1559
f 1561 1610 1548
f 1594 1561 1572
f 1566 1525 1555
f 1555 1525 1530
f 1535 1555 1530
f 1561 1548 1536
f 1566 1536 1531
f 1566 1531 1526
f 1525 1566 1526
f 1572 1561 1536
f 1566 1572 1536
f 1599 1578 1591
f 1526 1531 1533
f 1738 1768 1739
f 1739 1768 1769
f 1770 1739 1769
f 1770 1740 1739
f 1770 1771 1740
f 1740 1771 1741
f 1741 1771 1772
f 1742 1772 1773
f 1718 1773 1743
f 1718 1742 1773
f 1773 1791 1743
f 1743 1791 1774
f 1744 1774 1775
f 1745 1775 1776
f 1746 1776 1777
f 1691 1777 1747
f 1691 1746 1777
f 1777 1801 1747
f 1747 1801 1778
f 1748 1778 1779
f 1749 1779 1780
f 1750 1780 1781
f 1720 1781 1751
f 1720 1750 1781
f 1781 1787 1751
f 1750 1749 1780
f 1749 1748 1779
f 1748 1747 1778
f 1746 1745 1776
f 1745 1744 1775
f 1744 1743 1774
f 1742 1741 1772
f 1770 1793 1771
f 1770 1769 1793
f 1793 1769 1803
f 1833 1804 1834
f 1863 1834 1864
f 1911 1864 1935
f 1975 1953 1967
f 1985 1967 1989
f 1985 1980 1975
f 1958 1980 1970
f 1935 1970 1956
f 1884 1956 1909
f 1849 1909 1859
f 1821 1859 1832
f 1803 1832 1820
f 1772 1792 1773
f 1772 1793 1792
f 1772 1771 1793
f 1793 1819 1792
f 1773 1792 1791
f 1980 1973 1970
f 1956 1973 1959
f 1956 1959 1944
f 1909 1944 1923
f 1909 1923 1898
f 1859 1898 1878
f 1859 1878 1832
f 1791 1817 1790
f 1791 1790 1774
f 1780 1789 1781
f 1780 1799 1789
f 1780 1779 1799
f 1799 1779 1778
f 1802 1777 1776
f 1790 1776 1775
f 1774 1790 1775
f 1929 1914 1921
f 1851 1879 1869
f 1851 1869 1850
f 1838 1850 1847
f 1828 1847 1835
f 1814 1835 1825
f 1800 1825 1815
f 1781 1789 1787
f 1906 1907 1914
f 1906 1897 1907
f 1907 1897 1893
f 1893 1897 1887
f 1879 1887 1880
f 1857 1850 1869
f 1847 1850 1835
f 1815 1789 1799
f 1768 1803 1769
f 1935 1864 1889
f 1967 1983 1989
f 1921 1914 1907
f 1929 1921 1930
f 1937 1930 1938
f 1948 1938 1962
f 1973 1962 1959
f 1938 1948 1937
f 1937 1929 1930
f 1970 1973 1956
f 1975 1980 1958
f 1967 1985 1975
f 1921 1907 1930
f 1959 1962 1944
f 1958 1970 1935
f 1953 1975 1958
f 1907 1893 1899
f 1938 1899 1915
f 1938 1915 1923
f 1944 1962 1923
f 1930 1907 1899
f 1938 1930 1899
f 1962 1938 1923
f 1956 1944 1909
f 1935 1956 1911
f 1893 1879 1899
f 1911 1956 1884
f 1879 1893 1887
f 1879 1851 1865
f 1899 1865 1871
f 1899 1871 1915
f 1923 1876 1878
f 1898 1923 1878
f 1899 1879 1865
f 1923 1915 1876
f 1909 1898 1859
f 1884 1909 1863
f 1864 1911 1884
f 1869 1879 1880
f 1851 1850 1838
f 1878 1876 1832
f 1863 1909 1849
f 1864 1884 1863
f 1838 1847 1828
f 1851 1838 1865
f 1865 1838 1871
f 1915 1844 1845
f 1876 1845 1820
f 1832 1876 1820
f 1915 1871 1844
f 1876 1915 1845
f 1849 1859 1833
f 1834 1863 1849
f 1828 1835 1814
f 1838 1828 1830
f 1838 1830 1871
f 1871 1830 1844
f 1820 1845 1819
f 1833 1859 1821
f 1834 1849 1833
f 1814 1825 1800
f 1828 1814 1830
f 1830 1816 1844
f 1844 1816 1845
f 1819 1845 1817
f 1821 1832 1803
f 1804 1833 1821
f 1800 1815 1799
f 1814 1800 1830
f 1816 1801 1802
f 1816 1830 1801
f 1816 1802 1845
f 1845 1802 1817
f 1819 1817 1792
f 1820 1819 1793
f 1803 1820 1793
f 1804 1821 1803
f 1834 1804 1822
f 1800 1799 1801
f 1830 1800 1801
f 1817 1802 1790
f 1792 1817 1791
f 1801 1799 1778
f 1802 1801 1777
f 1790 1802 1776
f 1985 1989 1986
f 1985 1986 1980
f 1980 1986 1954
f 1980 1954 1973
f 1973 1954 1962
f 1948 1962 1954
f 1948 1954 1937
f 1917 1929 1925
f 1917 1914 1929
f 1929 1937 1925
f 1599 1906 1603
f 1906 1599 1591
f 1614 1906 1591
f 1614 1897 1906
f 1614 1620 1897
f 1897 1620 1631
f 1644 1897 1631
f 1644 1887 1897
f 1644 1640 1887
f 1887 1640 1658
f 1665 1887 1658
f 1665 1880 1887
f 1665 1675 1880
f 1880 1675 1685
f 1869 1685 1857
f 1869 1880 1685
f 1857 1685 1751
f 1850 1751 1835
f 1850 1857 1751
f 1685 1692 1751
f 1751 1692 1713
f 1713 1720 1751
f 1789 1815 1787
f 1815 1825 1787
f 1787 1825 1751
f 1835 1751 1825
f 1906 1914 1603
f 1917 1603 1914
f 1521 1603 1517
f 1521 1533 1603
f 1545 1603 1533
f 1545 1563 1603
f 1580 1603 1563
f 1603 1580 1587
f 1587 1590 1603
f 1517 1603 1996
f 1516 1517 1996
f 1925 1996 1917
f 1996 1925 1937
f 1954 1996 1937
f 1954 1986 1996
f 1917 1996 1603
f 1989 1995 1996
f 1986 1989 1996
f 1992 1996 1993
f 1993 1996 1995
f 1837 1669 1872
f 1843 1837 1872
f 1872 1641 1886
f 1872 1669 1641
f 1641 1669 1666
f 1641 1666 1657
f 1872 1848 1846
f 1846 1843 1872
f 1641 1621 1886
f 1886 1621 1905
f 1905 1621 1611
f 1913 1611 1602
f 1860 1602 1601
f 1860 1913 1602
f 1860 1912 1913
f 1611 1913 1905
f 1708 1721 1707
f 1707 1721 1738
f 1738 1721 1737
f 1708 1697 1689
f 1708 1707 1697
f 1689 1697 1688
f 1688 1673 1689
f 1689 1673 1655
f 1655 1673 1654
f 1642 1654 1647
f 1633 1647 1623
f 1622 1623 1615
f 1622 1633 1623
f 1623 1600 1615
f 1615 1600 1608
f 1608 1600 1593
f 1593 1600 1577
f 1586 1577 1574
f 1586 1593 1577
f 1577 1550 1574
f 1574 1550 1565
f 1565 1550 1535
f 1543 1535 1530
f 1532 1530 1524
f 1532 1543 1530
f 1530 1523 1524
f 1524 1523 1519
f 1519 1523 1518
f 1517 1519 1518
f 1543 1565 1535
f 1633 1642 1647
f 1654 1642 1655
f 1737 1767 1738
f 1738 1767 1768
f 1885 1895 1889
f 1889 1895 1935
f 1908 1935 1895
f 1908 1958 1935
f 1908 1941 1958
f 1953 1941 1951
f 1964 1953 1951
f 1964 1967 1953
f 1964 1977 1967
f 1983 1977 1982
f 1987 1983 1982
f 1987 1989 1983
f 1987 1995 1989
f 1983 1967 1977
f 1953 1958 1941
f 1889 1864 1885
f 1885 1864 1868
f 1855 1864 1834
f 1842 1834 1822
f 1813 1822 1804
f 1808 1804 1803
f 1788 1803 1767
f 1788 1808 1803
f 1803 1768 1767
f 1808 1813 1804
f 1813 1829 1822
f 1829 1842 1822
f 1842 1855 1834
f 1855 1868 1864
f 1997 1510 1992
f 1992 1510 1514
f 1996 1514 1516
f 1996 1992 1514
f 1650 1601 1515
f 1515 1601 1588
f 1588 1569 1515
f 1515 1569 1553
f 1553 1540 1515
f 1520 1515 1540
f 1860 1990 1861
f 1861 1990 1991
f 1512 1601 1513
f 1513 1601 1650
f 1860 1601 1990
f 1990 1601 1512
f 1994 1993 1963
f 1939 1994 1963
f 1912 1994 1939
f 1860 1861 1912
f 1861 1994 1912
f 1861 1991 1994
f 1994 1991 1998
f 1515 1520 1511
f 1511 1520 1510
f 1510 1520 1514
f 1994 1998 1993
f 1993 1998 1997
f 1992 1993 1997
f 1650 1515 1513
f 1513 1515 1511
f 3303 3302 3296
f 3296 3302 3295
f 3291 3296 3295
f 3291 3292 3296
f 3291 3286 3292
f 3292 3286 3287
f 3287 3286 3282
f 3283 3282 3277
f 3278 3277 3270
f 3278 3283 3277
f 3277 3269 3270
f 3270 3269 3265
f 3266 3265 3255
f 3256 3255 3250
f 3251 3250 3244
f 3245 3244 3241
f 3245 3251 3244
f 3244 3234 3241
f 3241 3234 3237
f 3238 3237 3235
f 3236 3235 3232
f 3233 3232 3230
f 3231 3230 3223
f 3231 3233 3230
f 3230 3218 3223
f 3233 3236 3232
f 3236 3238 3235
f 3238 3241 3237
f 3251 3256 3250
f 3256 3266 3255
f 3266 3270 3265
f 3283 3287 3282
f 2557 2388 2649
f 2198 2199 2386
f 2386 2199 2200
f 2386 2200 2201
f 2203 2201 2202
f 2381 2203 2204
f 2205 2381 2204
f 2205 2206 2381
f 3255 3248 3250
f 3255 3253 3248
f 3255 3265 3253
f 3253 3265 3269
f 3144 3242 2997
f 2837 3003 2846
f 2591 2846 2427
f 2381 2432 2382
f 2206 2207 2381
f 2381 2207 2208
f 2427 2208 2378
f 2700 2378 2582
f 2837 2582 2915
f 2997 2824 3073
f 3253 3114 3248
f 3250 3239 3244
f 3250 3248 3239
f 2378 2335 2425
f 2915 2582 2692
f 3073 2692 2809
f 3248 3108 3239
f 3244 3239 3234
f 2208 2209 2335
f 2335 2209 2210
f 2335 2210 2211
f 2335 2211 2212
f 2582 2425 2422
f 2376 2425 2335
f 2357 2335 2212
f 2357 2376 2335
f 2357 2398 2376
f 2422 2398 2575
f 2692 2582 2575
f 2575 2681 2813
f 2692 2813 2809
f 2692 2575 2813
f 3237 3159 3235
f 3237 3234 3159
f 3082 3171 3159
f 3159 3171 3232
f 3235 3159 3232
f 3232 3171 3230
f 3171 3218 3230
f 3285 3277 3282
f 3285 3282 3286
f 3285 3286 3291
f 3288 3295 3302
f 3295 3288 3273
f 3003 2997 3020
f 3020 2997 3194
f 3295 3285 3291
f 3295 3273 3285
f 3288 3246 3273
f 3194 3246 3115
f 3003 2949 2846
f 2761 2731 2880
f 2761 2649 2434
f 2381 2382 2203
f 2434 2432 2761
f 2208 2335 2378
f 2381 2208 2427
f 2386 2382 2434
f 2388 2434 2649
f 2388 2386 2434
f 2203 2386 2201
f 2203 2382 2386
f 2376 2422 2425
f 2427 2378 2591
f 2432 2381 2427
f 2432 2434 2382
f 2398 2422 2376
f 2378 2425 2582
f 2591 2378 2700
f 2761 2427 2731
f 2880 2868 2961
f 2575 2582 2422
f 2700 2582 2837
f 2846 2591 2700
f 2427 2761 2432
f 2915 2692 2824
f 2846 2700 2837
f 2427 2846 2731
f 2868 2846 2949
f 2961 2949 3020
f 3046 3020 3115
f 2681 2806 2809
f 2809 2806 2902
f 2809 2902 2969
f 2809 2969 3114
f 2809 2813 2681
f 2824 2692 3073
f 2915 2824 2997
f 3003 2837 2915
f 2846 2868 2731
f 2868 2880 2731
f 2902 2806 2969
f 3114 2969 3108
f 3073 2809 3144
f 3003 2915 2997
f 2949 2961 2868
f 2949 3003 3020
f 2806 2966 2969
f 2969 2966 3108
f 3144 2809 3114
f 3020 3046 2961
f 2966 3034 3100
f 3239 3100 3234
f 3239 3108 3100
f 3144 3114 3242
f 2997 3073 3144
f 3115 3020 3194
f 3034 3082 3100
f 3100 3082 3159
f 3234 3100 3159
f 3100 3108 2966
f 3114 3108 3248
f 3242 3114 3253
f 3194 2997 3273
f 3246 3194 3273
f 3269 3242 3253
f 2997 3242 3273
f 3273 3242 3285
f 3277 3285 3269
f 3269 3285 3242
f 2281 2286 2360
f 2286 2287 2360
f 2360 2287 2336
f 2598 2336 2421
f 2598 2421 2686
f 3233 3192 3236
f 3233 3231 3192
f 3192 3231 3197
f 3154 3192 3197
f 2287 2288 2336
f 2901 2578 2814
f 3035 2814 2970
f 3154 3043 3103
f 3236 3213 3238
f 3236 3192 3213
f 2288 2289 2336
f 2336 2289 2290
f 2421 2290 2377
f 2686 2377 2578
f 3192 3109 3213
f 3238 3213 3241
f 2377 2291 2292
f 2380 2292 2293
f 2380 2293 2294
f 2296 2341 2295
f 2296 2297 2341
f 2433 2341 2383
f 2594 2383 2603
f 2856 2603 2957
f 2934 2957 3021
f 3164 3021 3195
f 3283 3278 3287
f 2594 2856 2701
f 2594 2701 2433
f 2297 2298 2341
f 2341 2298 2342
f 2383 2342 2437
f 2603 2437 2732
f 2957 2732 2869
f 3195 3116 3274
f 3278 3274 3298
f 3287 3298 3292
f 3287 3278 3298
f 2298 2299 2342
f 2437 2389 2612
f 2869 2612 3001
f 3021 3001 3047
f 3116 3047 3247
f 3292 3298 3296
f 2299 2300 2342
f 2342 2300 2301
f 2343 2342 2301
f 2343 2410 2342
f 2342 2410 2389
f 2612 2410 2650
f 2933 2612 2650
f 2933 3001 2612
f 3047 3001 3077
f 3276 3047 3077
f 3276 3247 3047
f 3247 3276 3289
f 3296 3298 3303
f 3278 3270 3249
f 3249 3270 3266
f 3249 3266 3256
f 3249 3256 3251
f 3213 3245 3241
f 3213 3179 3245
f 3179 3213 3134
f 2934 2998 2856
f 2934 3074 2998
f 3231 3223 3197
f 3154 3036 3043
f 3043 3036 3035
f 2901 3036 2787
f 2341 2342 2383
f 2294 2295 2380
f 2578 2585 2814
f 2578 2426 2585
f 2426 2578 2379
f 2292 2380 2377
f 2377 2380 2379
f 2377 2379 2578
f 2377 2290 2291
f 2336 2290 2421
f 2360 2336 2400
f 2342 2389 2437
f 2295 2341 2380
f 2380 2341 2426
f 2814 2585 2825
f 2380 2426 2379
f 2421 2377 2686
f 2400 2336 2598
f 2383 2437 2603
f 2594 2433 2383
f 2341 2433 2426
f 2426 2433 2585
f 2814 2825 2970
f 2437 2612 2732
f 2585 2433 2701
f 2970 2908 3043
f 2970 2825 2908
f 2686 2578 2787
f 2612 2389 2410
f 2732 2612 2869
f 2603 2732 2957
f 2856 2594 2603
f 2825 2838 2908
f 3043 2983 3103
f 3043 2908 2983
f 2701 2825 2585
f 2787 2578 2901
f 2869 3001 2957
f 2934 2856 2957
f 2701 2856 2838
f 2838 2856 2908
f 2838 2825 2701
f 2901 2814 2967
f 2957 3001 3021
f 2908 2856 2998
f 2983 2998 3074
f 3103 3074 3134
f 3109 3134 3213
f 3109 3103 3134
f 2967 2814 3035
f 3036 2901 2967
f 3021 3047 3116
f 3074 2934 3021
f 2998 2983 2908
f 3035 2970 3043
f 3036 2967 3035
f 3021 3116 3195
f 3164 3074 3021
f 3074 3103 2983
f 3116 3247 3274
f 3249 3164 3252
f 3252 3164 3195
f 3074 3164 3134
f 3179 3164 3249
f 3245 3249 3251
f 3245 3179 3249
f 3103 3109 3192
f 3154 3103 3192
f 3274 3247 3298
f 3195 3274 3278
f 3249 3252 3278
f 3278 3252 3195
f 3164 3179 3134
f 3298 3247 3289
f 2198 1204 2199
f 2199 1204 1152
f 1205 2199 1152
f 1205 2200 2199
f 1205 1206 2200
f 2200 1206 2201
f 2201 1206 1207
f 2202 1207 1208
f 2203 1208 2204
f 2203 2202 1208
f 1208 1209 2204
f 2204 1209 1210
f 2205 1210 1211
f 2206 1211 1212
f 2207 1212 1213
f 2208 1213 2209
f 2208 2207 1213
f 1213 1214 2209
f 2209 1214 1215
f 2210 1215 1216
f 2211 1216 1217
f 2212 1217 1218
f 2357 1218 2213
f 2357 2212 1218
f 1218 1219 2213
f 2212 2211 1217
f 2211 2210 1216
f 2210 2209 1215
f 2207 2206 1212
f 2206 2205 1211
f 2205 2204 1210
f 2202 2201 1207
f 2281 1288 2286
f 2286 1288 1292
f 1293 2286 1292
f 1293 2287 2286
f 1293 1294 2287
f 2287 1294 2288
f 2288 1294 1295
f 2289 1295 1296
f 2290 1296 2291
f 2290 2289 1296
f 1296 1297 2291
f 2291 1297 1298
f 2292 1298 1299
f 2293 1299 1300
f 2294 1300 1301
f 2295 1301 2296
f 2295 2294 1301
f 1301 1302 2296
f 2296 1302 1303
f 2297 1303 1304
f 2298 1304 1305
f 2299 1305 1306
f 2300 1306 2301
f 2300 2299 1306
f 1306 1307 2301
f 2299 2298 1305
f 2298 2297 1304
f 2297 2296 1303
f 2294 2293 1300
f 2293 2292 1299
f 2292 2291 1298
f 2289 2288 1295
f 1211 1176 1212
f 1211 1133 1176
f 1211 1210 1133
f 213 215 226
f 226 215 221
f 236 221 228
f 236 228 231
f 255 233 239
f 243 255 239
f 243 260 255
f 243 250 260
f 260 250 269
f 269 250 258
f 316 262 266
f 271 316 266
f 271 273 316
f 316 273 327
f 327 273 276
f 334 276 305
f 703 902 866
f 1053 902 1096
f 1212 1176 1213
f 1214 1176 1215
f 1214 1213 1176
f 902 1087 1096
f 1096 1087 1137
f 1217 1179 1218
f 1217 1216 1179
f 1179 1216 1176
f 1135 1179 1176
f 1135 1137 1179
f 1135 1096 1137
f 1179 1219 1218
f 1216 1215 1176
f 1210 1209 1133
f 1133 1209 1208
f 1173 1208 1207
f 1173 1207 1206
f 1173 1206 1205
f 720 852 1091
f 1086 1091 1130
f 1152 1173 1205
f 1152 1130 1173
f 1152 937 1130
f 1130 937 1086
f 1091 829 720
f 720 829 611
f 573 505 584
f 505 573 436
f 260 264 233
f 255 260 233
f 573 315 436
f 359 315 264
f 233 264 236
f 264 242 236
f 334 327 276
f 262 269 258
f 233 236 231
f 236 226 221
f 327 334 355
f 611 618 720
f 316 327 355
f 484 434 548
f 543 548 611
f 481 484 543
f 262 316 355
f 342 355 414
f 269 262 342
f 325 342 481
f 260 269 325
f 226 236 242
f 334 383 355
f 355 383 442
f 434 442 498
f 434 498 548
f 720 725 852
f 355 342 262
f 342 325 269
f 260 359 264
f 242 264 315
f 442 383 498
f 852 858 949
f 442 434 355
f 434 414 355
f 414 481 342
f 260 325 359
f 359 325 436
f 315 359 436
f 548 565 618
f 434 484 414
f 484 481 414
f 325 481 436
f 436 481 533
f 505 533 584
f 618 636 725
f 949 1095 1133
f 565 548 498
f 548 543 484
f 533 481 543
f 584 543 611
f 681 611 829
f 533 505 436
f 725 745 858
f 636 618 565
f 618 611 548
f 543 584 533
f 636 703 745
f 745 703 866
f 858 866 1053
f 1048 1053 1096
f 1095 1096 1135
f 1134 1135 1176
f 1133 1134 1176
f 745 725 636
f 725 720 618
f 611 681 584
f 866 858 745
f 858 852 725
f 902 1053 866
f 1053 1048 858
f 1048 1095 858
f 1095 949 858
f 829 1091 1086
f 937 829 1086
f 1096 1095 1048
f 852 949 1091
f 1091 949 1130
f 1135 1134 1095
f 1134 1133 1095
f 1130 949 1173
f 1208 1173 1133
f 1133 1173 949
f 287 279 293
f 227 223 254
f 1292 1288 1157
f 279 277 293
f 293 277 274
f 317 274 272
f 263 270 267
f 263 259 270
f 270 259 251
f 261 251 244
f 234 237 240
f 234 232 237
f 237 232 229
f 227 229 222
f 227 222 216
f 212 227 216
f 212 223 227
f 223 265 254
f 360 265 465
f 1292 1178 1294
f 1293 1292 1294
f 1294 1178 1295
f 265 439 465
f 465 439 574
f 537 574 589
f 612 589 694
f 726 694 846
f 863 846 948
f 1052 948 1093
f 1097 1093 1177
f 1136 1177 1297
f 1296 1178 1297
f 1296 1295 1178
f 1172 1131 938
f 1303 1174 1304
f 1303 1302 1174
f 830 835 688
f 830 938 835
f 1174 1172 1305
f 1304 1174 1305
f 1172 1307 1306
f 1305 1172 1306
f 1302 1301 1132
f 1132 1301 1300
f 1175 1300 1299
f 1177 1299 1298
f 1297 1177 1298
f 1132 1175 1092
f 1132 1300 1175
f 1292 1157 1119
f 1136 1119 1098
f 1097 1098 1054
f 1052 1054 865
f 863 865 736
f 726 736 621
f 612 621 549
f 537 549 482
f 465 482 360
f 304 326 240
f 237 304 240
f 237 254 304
f 1062 813 865
f 741 813 631
f 240 326 261
f 326 356 270
f 261 326 270
f 813 570 631
f 554 570 502
f 485 502 447
f 403 447 372
f 356 372 270
f 293 328 337
f 227 237 229
f 240 261 244
f 261 270 251
f 267 317 272
f 317 293 274
f 237 227 254
f 1098 1119 1062
f 1054 1062 865
f 736 741 631
f 621 631 554
f 549 554 485
f 482 485 403
f 360 403 304
f 254 360 304
f 267 270 372
f 503 502 570
f 317 267 372
f 293 317 372
f 328 372 447
f 326 304 403
f 356 326 403
f 372 356 403
f 372 328 293
f 265 360 254
f 360 482 403
f 447 403 485
f 465 537 482
f 482 549 485
f 502 503 447
f 502 485 554
f 574 537 465
f 537 612 549
f 549 621 554
f 570 554 631
f 589 574 688
f 694 589 688
f 589 612 537
f 612 726 621
f 621 736 631
f 694 726 612
f 726 863 736
f 736 865 741
f 813 741 865
f 688 835 694
f 846 835 1092
f 846 863 726
f 863 1052 865
f 835 938 1092
f 835 846 694
f 948 1052 863
f 1052 1097 1054
f 1054 1098 1062
f 938 1131 1092
f 1132 1131 1174
f 1302 1132 1174
f 948 846 1093
f 1093 846 1175
f 1177 1093 1175
f 1093 1097 1052
f 1097 1136 1098
f 1131 1132 1092
f 1092 1175 846
f 1177 1136 1097
f 1136 1292 1119
f 1172 1174 1131
f 1299 1177 1175
f 1297 1178 1136
f 1178 1292 1136
f 287 282 279
f 279 282 305
f 276 279 305
f 276 277 279
f 276 273 277
f 277 273 274
f 274 273 271
f 272 271 266
f 267 266 263
f 267 272 266
f 266 262 263
f 263 262 258
f 259 258 250
f 251 250 243
f 244 243 239
f 240 239 234
f 240 244 239
f 239 233 234
f 234 233 231
f 232 231 228
f 229 228 221
f 222 221 215
f 216 215 212
f 216 222 215
f 215 213 212
f 222 229 221
f 229 232 228
f 232 234 231
f 244 251 243
f 251 259 250
f 259 263 258
f 272 274 271
f 308 287 293
f 337 308 293
f 337 328 369
f 369 328 447
f 369 447 519
f 447 503 519
f 519 503 570
f 626 570 813
f 814 813 904
f 814 626 813
f 813 1062 904
f 1090 1062 1119
f 1158 1119 1157
f 1158 1157 1289
f 1157 1288 1289
f 1158 1090 1119
f 1090 904 1062
f 626 519 570
f 1288 2281 1289
f 1289 2281 2282
f 2282 2281 2401
f 2401 2281 2360
f 2360 2400 2401
f 2401 2400 2598
f 2599 2598 2687
f 2599 2444 2598
f 2598 2686 2687
f 2687 2686 2787
f 2788 2787 3036
f 2926 3036 3037
f 3037 3036 3154
f 3198 3154 3197
f 3198 3197 3224
f 3197 3223 3224
f 3198 3037 3154
f 2926 2788 3036
f 2788 2687 2787
f 2444 2401 2598
f 3223 3218 3224
f 3224 3218 3219
f 1152 1204 974
f 937 1152 974
f 937 974 678
f 678 829 937
f 829 678 530
f 584 530 351
f 351 573 584
f 351 324 573
f 573 324 198
f 573 198 149
f 573 149 133
f 315 133 108
f 103 315 108
f 103 242 315
f 103 226 242
f 103 213 226
f 103 212 213
f 103 107 212
f 212 107 223
f 223 107 265
f 114 265 107
f 114 134 265
f 265 134 439
f 439 134 150
f 439 150 199
f 574 199 352
f 352 688 574
f 352 830 688
f 793 938 679
f 938 793 1021
f 1172 938 1021
f 2343 2301 2523
f 2410 2343 2523
f 2410 2523 2565
f 2665 2410 2565
f 2665 2650 2410
f 2665 2820 2650
f 2650 2820 2974
f 3157 2933 2974
f 2933 3157 3299
f 3344 3001 3299
f 3344 3077 3001
f 3344 3374 3077
f 3077 3374 3375
f 3398 3276 3375
f 3398 3289 3276
f 3398 3298 3289
f 3398 3303 3298
f 3398 3397 3303
f 3303 3397 3302
f 3302 3397 3288
f 3288 3397 3246
f 3246 3397 3400
f 3387 3246 3400
f 3387 3115 3246
f 3115 3387 3046
f 3321 3046 3387
f 3321 2961 3046
f 2961 3321 3304
f 3254 2880 3304
f 3254 3110 2880
f 2761 3110 2819
f 2819 2557 2649
f 2819 2614 2557
f 2557 2614 2474
f 2388 2557 2474
f 3276 3077 3375
f 3001 2933 3299
f 2933 2650 2974
f 2301 1307 2523
f 2523 1307 1021
f 1021 1307 1172
f 938 830 679
f 574 439 199
f 315 573 133
f 584 681 530
f 681 829 530
f 1204 2198 974
f 974 2198 2474
f 2474 2198 2386
f 2388 2474 2386
f 2649 2761 2819
f 2761 2880 3110
f 2880 2961 3304
f 2449 950 2451
f 2451 950 882
f 953 2451 882
f 953 2453 2451
f 953 955 2453
f 2453 955 2455
f 2455 955 956
f 2456 956 958
f 2458 958 2460
f 2458 2456 958
f 958 735 2460
f 2460 735 960
f 2461 960 962
f 2463 962 964
f 2464 964 965
f 2465 965 2467
f 2465 2464 965
f 965 889 2467
f 2467 889 968
f 2469 968 969
f 2470 969 971
f 2472 971 973
f 2564 973 2474
f 2564 2472 973
f 973 974 2474
f 2472 2470 971
f 2470 2469 969
f 2469 2467 968
f 2464 2463 964
f 2463 2461 962
f 2461 2460 960
f 2456 2455 956
f 1 5 22
f 31 22 46
f 85 46 80
f 115 80 151
f 115 85 80
f 882 950 872
f 771 882 872
f 771 600 882
f 771 641 600
f 5 7 22
f 22 7 13
f 26 13 17
f 35 24 29
f 71 29 37
f 43 71 37
f 43 50 71
f 964 886 965
f 964 962 886
f 886 962 960
f 884 958 956
f 884 956 955
f 953 884 955
f 953 882 884
f 884 882 606
f 50 67 71
f 102 67 125
f 206 147 178
f 409 178 268
f 610 424 531
f 886 617 752
f 886 752 889
f 965 886 889
f 67 65 105
f 178 125 184
f 531 268 536
f 889 752 891
f 889 891 968
f 65 73 105
f 105 73 78
f 97 78 91
f 108 133 124
f 124 133 188
f 184 125 188
f 188 125 124
f 124 111 108
f 97 103 108
f 133 149 168
f 184 275 268
f 184 188 275
f 224 198 324
f 530 462 351
f 530 546 462
f 546 530 633
f 968 891 969
f 530 678 633
f 769 678 893
f 891 893 971
f 969 891 971
f 971 893 973
f 893 678 974
f 973 893 974
f 641 560 600
f 600 560 486
f 486 374 390
f 390 374 245
f 196 245 207
f 196 207 179
f 85 53 46
f 53 31 46
f 97 108 111
f 105 111 124
f 125 105 124
f 97 111 105
f 97 105 78
f 71 67 102
f 71 63 35
f 24 35 26
f 22 26 46
f 22 13 26
f 71 35 29
f 24 26 17
f 67 105 125
f 71 102 63
f 46 26 80
f 35 63 131
f 26 35 80
f 102 125 147
f 35 126 121
f 80 121 151
f 63 102 131
f 35 131 126
f 80 35 121
f 168 188 133
f 147 125 178
f 102 147 131
f 151 121 196
f 149 198 168
f 168 198 188
f 188 198 224
f 147 206 204
f 131 204 126
f 126 201 200
f 121 200 196
f 131 147 204
f 121 126 200
f 179 151 196
f 268 538 536
f 268 275 538
f 224 275 188
f 178 184 268
f 206 178 409
f 196 200 390
f 126 204 201
f 224 324 275
f 275 324 540
f 409 268 424
f 206 409 204
f 204 409 201
f 201 397 393
f 200 393 486
f 390 200 486
f 200 201 393
f 245 196 390
f 351 462 324
f 324 462 540
f 538 540 752
f 536 538 752
f 540 538 275
f 424 268 531
f 409 424 515
f 409 515 201
f 201 515 397
f 393 397 600
f 486 393 600
f 462 546 540
f 540 546 769
f 752 769 891
f 531 536 617
f 610 531 617
f 424 610 515
f 515 606 397
f 397 606 602
f 397 602 600
f 633 769 546
f 769 752 540
f 617 536 752
f 610 617 515
f 606 515 735
f 602 606 882
f 600 602 882
f 678 769 633
f 617 886 735
f 515 617 735
f 606 735 884
f 893 891 769
f 735 886 960
f 884 735 958
f 3390 3400 3408
f 3440 3492 3486
f 3469 3440 3486
f 3469 3446 3440
f 3440 3446 3415
f 3336 3359 3329
f 3300 3329 3305
f 3261 3300 3305
f 3261 3056 3300
f 2461 2673 2460
f 2461 2463 2673
f 3460 3419 3441
f 3430 3429 3424
f 3430 3436 3429
f 3429 3436 3445
f 3410 3445 3454
f 3441 3454 3461
f 3467 3441 3461
f 3467 3460 3441
f 3467 3474 3460
f 3460 3474 3479
f 3463 3479 3483
f 3473 3483 3488
f 3493 3473 3488
f 3493 3492 3473
f 3486 3492 3498
f 3424 3408 3412
f 3424 3429 3408
f 3056 3022 2948
f 2460 2673 2458
f 3022 2942 2948
f 2948 2942 2858
f 2836 2858 2725
f 2451 2568 2449
f 2451 2453 2568
f 2568 2453 2455
f 2674 2455 2456
f 2458 2674 2456
f 2463 2464 2673
f 2673 2464 2465
f 2940 2670 2826
f 3185 2929 3032
f 3323 3168 3284
f 3391 3320 3352
f 3419 3349 3376
f 3410 3376 3429
f 2465 2467 2826
f 2826 2467 2567
f 2826 2567 2817
f 3032 2817 3019
f 3284 3019 3147
f 3352 3147 3139
f 3352 3139 3349
f 3376 3340 3388
f 2467 2469 2567
f 2567 2469 2470
f 2567 2470 2472
f 2614 2564 2474
f 2614 2664 2564
f 2614 2819 2664
f 2805 2819 3118
f 3118 3019 2805
f 2664 2819 2805
f 3019 3118 3139
f 3147 3019 3139
f 2907 2819 3110
f 3321 3328 3304
f 3328 3321 3362
f 3429 3388 3408
f 3362 3340 3328
f 3321 3387 3362
f 3362 3387 3373
f 3388 3373 3408
f 3390 3387 3400
f 3473 3463 3483
f 3463 3460 3479
f 3441 3410 3454
f 3410 3429 3445
f 3404 3412 3408
f 3400 3404 3408
f 3400 3397 3404
f 3492 3440 3473
f 3473 3440 3432
f 3323 3327 3168
f 3320 3363 3323
f 3463 3473 3432
f 3391 3396 3320
f 3460 3463 3432
f 3419 3432 3391
f 3390 3408 3373
f 3387 3390 3373
f 3432 3440 3402
f 3396 3402 3363
f 3168 3293 3185
f 3432 3419 3460
f 3419 3410 3441
f 3376 3388 3429
f 3340 3362 3388
f 3373 3388 3362
f 3415 3336 3440
f 3440 3336 3402
f 3402 3336 3363
f 3185 3193 2929
f 3402 3396 3432
f 3396 3391 3432
f 3419 3376 3410
f 3328 3340 3310
f 3304 3310 3254
f 3363 3336 3327
f 2929 3050 2940
f 3363 3320 3396
f 3391 3352 3419
f 3352 3349 3419
f 3349 3340 3376
f 3254 3139 3110
f 3327 3336 3293
f 2940 2947 2670
f 3327 3323 3363
f 3340 3349 3310
f 3310 3349 3139
f 3110 3118 3002
f 3310 3304 3328
f 3329 3300 3336
f 3336 3300 3293
f 3293 3300 3193
f 2670 2830 2673
f 3293 3168 3327
f 3323 3284 3320
f 3284 3352 3320
f 3002 3118 2907
f 3110 3002 2907
f 3139 3254 3310
f 3300 3056 3193
f 3050 3056 2948
f 2947 2948 2836
f 2830 2836 2674
f 3193 3185 3293
f 3284 3147 3352
f 3118 3110 3139
f 3056 3050 3193
f 3050 2929 3193
f 3185 3032 3168
f 3032 3284 3168
f 2948 2947 3050
f 2947 2940 3050
f 3032 3019 3284
f 2907 3118 2819
f 2858 2836 2948
f 2674 2836 2678
f 2836 2830 2947
f 2830 2670 2947
f 2940 2826 2929
f 2826 3032 2929
f 3019 2817 2805
f 2664 2817 2564
f 2725 2568 2836
f 2836 2568 2678
f 2674 2673 2830
f 2826 2817 3032
f 2564 2567 2472
f 2564 2817 2567
f 2817 2664 2805
f 2455 2674 2568
f 2568 2674 2678
f 2458 2673 2674
f 2673 2465 2670
f 2465 2826 2670
f 1 3 5
f 5 3 19
f 8 5 19
f 8 7 5
f 8 14 7
f 7 14 13
f 13 14 18
f 17 18 25
f 24 25 29
f 24 17 25
f 25 36 29
f 29 36 38
f 37 38 44
f 43 44 51
f 50 51 57
f 67 57 65
f 67 50 57
f 57 68 65
f 65 68 74
f 73 74 79
f 78 79 92
f 91 92 98
f 97 98 103
f 97 91 98
f 98 107 103
f 91 78 92
f 78 73 79
f 73 65 74
f 50 43 51
f 43 37 44
f 37 29 38
f 17 13 18
f 3397 3398 3404
f 3404 3398 3405
f 3413 3404 3405
f 3413 3412 3404
f 3413 3425 3412
f 3412 3425 3424
f 3424 3425 3431
f 3430 3431 3437
f 3436 3437 3445
f 3436 3430 3437
f 3437 3438 3445
f 3445 3438 3455
f 3454 3455 3462
f 3461 3462 3468
f 3467 3468 3475
f 3474 3475 3479
f 3474 3467 3475
f 3475 3476 3479
f 3479 3476 3484
f 3483 3484 3489
f 3488 3489 3494
f 3493 3494 3497
f 3492 3497 3498
f 3492 3493 3497
f 3497 3500 3498
f 3493 3488 3494
f 3488 3483 3489
f 3483 3479 3484
f 3467 3461 3468
f 3461 3454 3462
f 3454 3445 3455
f 3430 3424 3431
f 773 883 730
f 488 730 375
f 1044 731 1045
f 1044 1042 731
f 8 23 14
f 8 19 23
f 118 76 116
f 235 197 391
f 507 375 730
f 731 730 883
f 1045 883 1046
f 1045 731 883
f 1042 1041 731
f 731 1041 1039
f 507 1039 605
f 391 605 509
f 235 509 398
f 197 238 202
f 118 202 162
f 76 127 84
f 23 84 52
f 18 52 25
f 18 23 52
f 18 14 23
f 52 93 36
f 25 52 36
f 1039 1037 885
f 509 885 607
f 238 607 404
f 162 404 205
f 127 205 172
f 84 172 132
f 93 132 64
f 36 64 45
f 36 45 38
f 1037 1036 885
f 885 1036 1034
f 742 1034 1032
f 890 1031 1029
f 765 1029 1027
f 1026 765 1027
f 1026 1024 765
f 440 623 541
f 440 541 230
f 159 191 139
f 92 90 98
f 92 79 90
f 90 79 74
f 96 74 68
f 77 57 51
f 45 51 44
f 38 45 44
f 230 191 219
f 1024 1022 765
f 765 1022 894
f 623 894 776
f 623 776 634
f 541 634 547
f 541 547 463
f 230 463 352
f 191 230 199
f 191 199 169
f 139 169 134
f 139 134 107
f 1022 1021 894
f 894 1021 793
f 793 776 894
f 793 679 776
f 776 679 634
f 547 679 830
f 352 463 830
f 230 352 199
f 150 134 169
f 107 134 114
f 3 16 19
f 19 16 33
f 76 33 55
f 76 55 87
f 153 197 116
f 153 181 197
f 197 181 209
f 391 209 247
f 375 391 247
f 488 562 730
f 562 643 730
f 643 773 730
f 765 894 623
f 765 753 890
f 885 1034 742
f 765 890 1029
f 742 1031 890
f 1031 742 1032
f 1039 885 605
f 731 1039 601
f 765 623 753
f 742 613 607
f 885 742 607
f 742 890 613
f 605 885 509
f 601 1039 507
f 730 731 601
f 623 634 541
f 753 440 890
f 613 523 607
f 753 623 440
f 613 890 523
f 509 607 398
f 507 605 391
f 730 601 507
f 440 435 425
f 890 425 523
f 607 523 404
f 890 440 425
f 398 607 238
f 391 509 235
f 375 507 391
f 547 634 679
f 541 463 230
f 523 257 249
f 523 249 404
f 523 425 257
f 238 404 202
f 235 398 238
f 463 547 830
f 230 219 440
f 440 219 214
f 425 214 257
f 404 249 205
f 435 440 214
f 425 435 214
f 202 404 162
f 197 235 238
f 219 191 214
f 257 174 172
f 205 249 172
f 257 214 174
f 249 257 172
f 162 205 127
f 197 202 118
f 391 197 209
f 191 159 154
f 191 154 214
f 214 154 174
f 172 138 132
f 172 174 138
f 127 172 84
f 118 162 127
f 116 197 118
f 191 169 139
f 154 112 174
f 138 112 132
f 138 174 112
f 84 132 93
f 76 118 127
f 169 199 150
f 159 139 96
f 112 96 77
f 154 159 96
f 112 154 96
f 112 77 64
f 132 112 64
f 84 93 52
f 76 84 23
f 116 76 87
f 139 107 90
f 139 90 96
f 96 68 77
f 64 77 45
f 93 64 36
f 19 76 23
f 90 107 98
f 96 90 74
f 77 68 57
f 45 77 51
f 76 19 33
f 2666 2565 2667
f 2727 2680 2631
f 2727 2840 2680
f 2727 2860 2840
f 2840 2860 2954
f 3413 3421 3425
f 3413 3405 3421
f 2565 2666 2665
f 2528 2667 2527
f 2528 2530 2667
f 2671 2532 2533
f 2671 2533 2535
f 2537 2535 2536
f 2537 2539 2677
f 2677 2539 2541
f 2679 2541 2542
f 2544 2679 2542
f 2544 2546 2679
f 2679 2546 2680
f 2680 2546 2547
f 2631 2680 2547
f 2527 2667 2525
f 2860 2944 2954
f 2954 2944 3058
f 3207 3130 3263
f 3335 3263 3307
f 3335 3307 3331
f 3368 3335 3331
f 3368 3385 3403
f 3475 3459 3476
f 3475 3468 3459
f 3459 3468 3462
f 3459 3462 3455
f 3421 3437 3431
f 3425 3421 3431
f 3385 3417 3403
f 3403 3417 3439
f 3476 3485 3484
f 3417 3448 3439
f 3464 3439 3485
f 3484 3485 3489
f 3448 3471 3439
f 3439 3471 3485
f 3497 3485 3500
f 3497 3494 3485
f 3485 3494 3489
f 3405 3398 3375
f 3375 3374 3377
f 3354 3374 3344
f 3311 3344 3299
f 3157 3267 3299
f 3157 3119 3267
f 3119 3157 3008
f 3008 3157 2974
f 2820 2665 2666
f 2679 2677 2541
f 2537 2671 2535
f 2671 2530 2532
f 2524 2525 2565
f 2565 2523 2524
f 2525 2667 2565
f 2679 2680 2831
f 3377 3409 3405
f 3375 3377 3405
f 2677 2679 2831
f 3354 3367 3377
f 3374 3354 3377
f 2818 2831 2941
f 2916 2941 3041
f 3012 3041 3169
f 3140 3169 3281
f 3272 3281 3314
f 3313 3314 3341
f 3311 3341 3354
f 2537 2677 2818
f 2671 2537 2818
f 3267 3272 3311
f 3119 3140 3267
f 2530 2671 2818
f 2812 2818 2916
f 2913 2916 3012
f 3008 3012 3119
f 2667 2530 2812
f 2820 2812 2913
f 2666 2667 2820
f 2680 2840 2831
f 2831 2840 2954
f 2941 2954 3058
f 3041 3058 3207
f 3169 3207 3294
f 3281 3294 3324
f 3314 3324 3356
f 3341 3356 3378
f 3367 3378 3389
f 3405 3409 3421
f 2831 2818 2677
f 2818 2812 2530
f 2812 2820 2667
f 2954 2941 2831
f 2941 2916 2818
f 2916 2913 2812
f 3389 3420 3435
f 3409 3435 3438
f 3421 3438 3437
f 3421 3409 3438
f 3058 3041 2941
f 3041 3012 2916
f 3012 3008 2913
f 2820 2913 2974
f 3130 3207 3058
f 3435 3442 3438
f 3207 3169 3041
f 3169 3140 3012
f 3140 3119 3012
f 2913 3008 2974
f 3263 3335 3207
f 3207 3335 3294
f 3324 3335 3368
f 3356 3368 3399
f 3378 3399 3420
f 3438 3459 3455
f 3438 3442 3459
f 3294 3281 3169
f 3281 3272 3140
f 3272 3267 3140
f 3335 3324 3294
f 3324 3314 3281
f 3314 3313 3272
f 3313 3311 3272
f 3399 3403 3439
f 3420 3439 3464
f 3442 3464 3476
f 3459 3442 3476
f 3368 3356 3324
f 3356 3341 3314
f 3341 3311 3313
f 3267 3311 3299
f 3403 3399 3368
f 3399 3378 3356
f 3378 3367 3341
f 3367 3354 3341
f 3311 3354 3344
f 3439 3420 3399
f 3420 3389 3378
f 3389 3377 3367
f 3464 3442 3420
f 3442 3435 3420
f 3435 3409 3389
f 3409 3377 3389
f 3485 3476 3464
f 2523 1021 2524
f 2524 1021 1022
f 1024 2524 1022
f 1024 2525 2524
f 1024 1026 2525
f 2525 1026 2527
f 2527 1026 1027
f 2528 1027 1029
f 2530 1029 2532
f 2530 2528 1029
f 1029 1031 2532
f 2532 1031 1032
f 2533 1032 1034
f 2535 1034 1036
f 2536 1036 1037
f 2537 1037 2539
f 2537 2536 1037
f 1037 1039 2539
f 2539 1039 1041
f 2541 1041 1042
f 2542 1042 1044
f 2544 1044 1045
f 2546 1045 2547
f 2546 2544 1045
f 1045 1046 2547
f 2544 2542 1044
f 2542 2541 1042
f 2541 2539 1041
f 2536 2535 1036
f 2535 2533 1034
f 2533 2532 1032
f 2528 2527 1027
f 1047 1046 873
f 873 1046 883
f 773 873 883
f 773 774 873
f 773 643 774
f 774 643 644
f 644 643 562
f 563 562 488
f 489 488 376
f 489 563 488
f 488 375 376
f 376 375 247
f 248 247 209
f 210 209 181
f 182 181 153
f 142 153 117
f 142 182 153
f 153 116 117
f 117 116 87
f 88 87 55
f 56 55 33
f 34 33 16
f 10 16 4
f 10 34 16
f 16 3 4
f 34 56 33
f 56 88 55
f 88 117 87
f 182 210 181
f 210 248 209
f 248 376 247
f 563 644 562
f 3 1 4
f 4 1 2
f 2 1 15
f 15 1 22
f 31 15 22
f 31 32 15
f 31 53 32
f 32 53 54
f 54 53 85
f 86 85 115
f 99 115 152
f 99 86 115
f 115 151 152
f 152 151 179
f 180 179 207
f 208 207 245
f 246 245 374
f 456 374 487
f 456 246 374
f 374 486 487
f 487 486 560
f 561 560 641
f 642 641 771
f 772 771 872
f 820 872 951
f 820 772 872
f 872 950 951
f 772 642 771
f 642 561 641
f 561 487 560
f 246 208 245
f 208 180 207
f 180 152 179
f 86 54 85
f 950 2449 951
f 951 2449 2450
f 2161 2172 2168
f 2160 2161 2168
f 2160 2156 2161
f 2161 2156 2158
f 2119 2112 2089
f 2112 2119 2125
f 2144 2150 2153
f 2192 2178 2304
f 2192 2186 2178
f 2178 2186 2180
f 2161 2180 2172
f 2168 2172 2171
f 2304 2196 2307
f 2304 2178 2196
f 2156 2147 2158
f 2158 2147 2145
f 2153 2145 2144
f 2125 2121 2110
f 2089 2112 2092
f 2147 2140 2145
f 2145 2140 2144
f 2112 2100 2092
f 2070 2089 2092
f 2140 2134 2144
f 2144 2134 2129
f 2135 2129 2121
f 2134 2127 2129
f 2129 2127 2118
f 2121 2118 2108
f 2095 2108 2102
f 2095 2102 2094
f 2056 2094 2083
f 2061 2056 2083
f 2061 2046 2056
f 2056 2046 2021
f 2014 2022 2013
f 2014 2023 2022
f 2014 2015 2023
f 2023 2015 2017
f 2023 2017 2018
f 2020 2018 2019
f 2046 2029 2021
f 2022 2021 2012
f 2013 2022 2012
f 2029 2011 2021
f 2021 2011 2012
f 2119 2138 2125
f 2158 2174 2178
f 2161 2158 2178
f 2313 2305 2302
f 2161 2178 2180
f 2309 2307 2305
f 2313 2309 2305
f 2307 2196 2305
f 2190 2174 2153
f 2175 2153 2150
f 2154 2150 2138
f 2196 2178 2190
f 2305 2196 2190
f 2197 2190 2175
f 2302 2305 2197
f 2174 2190 2178
f 2174 2158 2153
f 2190 2197 2305
f 2145 2153 2158
f 2153 2175 2190
f 2144 2135 2150
f 2150 2154 2175
f 2129 2135 2144
f 2135 2125 2150
f 2138 2150 2125
f 2118 2121 2129
f 2092 2087 2064
f 2070 2064 2020
f 2034 2070 2020
f 2121 2125 2135
f 2108 2095 2121
f 2121 2095 2110
f 2110 2095 2100
f 2020 2064 2023
f 2110 2112 2125
f 2100 2095 2056
f 2087 2056 2059
f 2064 2059 2023
f 2100 2112 2110
f 2094 2056 2095
f 2023 2059 2022
f 2056 2087 2100
f 2087 2092 2100
f 2059 2056 2021
f 2022 2059 2021
f 2059 2064 2087
f 2064 2070 2092
f 2018 2020 2023
f 2311 2308 2312
f 2312 2308 2309
f 2313 2312 2309
f 2308 2306 2309
f 2309 2306 2307
f 2307 2306 2303
f 2304 2303 2191
f 2192 2191 2185
f 2186 2185 2179
f 2180 2179 2173
f 2172 2173 2171
f 2172 2180 2173
f 2173 2170 2171
f 2180 2186 2179
f 2186 2192 2185
f 2192 2304 2191
f 2304 2307 2303
f 2011 1501 2012
f 2012 1501 1483
f 1502 2012 1483
f 1502 2013 2012
f 1502 1503 2013
f 2013 1503 2014
f 2014 1503 1504
f 2015 1504 1506
f 2017 1506 1507
f 2018 1507 1508
f 2019 1508 1752
f 2020 2019 1752
f 1508 1476 1752
f 2019 2018 1508
f 2018 2017 1507
f 2017 2015 1506
f 2015 2014 1504
f 2045 2037 2028
f 2045 2055 2037
f 2045 2060 2055
f 2055 2060 2084
f 2165 2130 2137
f 2005 2039 2003
f 2005 2006 2039
f 2039 2006 2007
f 2038 2007 2037
f 2028 2037 2008
f 2003 2040 2002
f 2003 2039 2040
f 2060 2082 2084
f 2084 2082 2093
f 2106 2093 2101
f 2106 2101 2107
f 2116 2107 2117
f 2128 2117 2126
f 2133 2128 2126
f 2133 2136 2128
f 2133 2139 2136
f 2136 2139 2149
f 2306 2310 2303
f 2306 2308 2310
f 2195 2310 2189
f 2165 2162 2182
f 2165 2148 2162
f 2165 2137 2148
f 2148 2137 2143
f 2139 2146 2149
f 2149 2146 2169
f 2310 2183 2185
f 2191 2310 2185
f 2191 2303 2310
f 2146 2155 2169
f 2169 2155 2159
f 2184 2159 2167
f 2183 2167 2170
f 2173 2183 2170
f 2173 2179 2183
f 2184 2169 2159
f 2179 2185 2183
f 2308 2311 2310
f 2310 2311 2189
f 2122 2130 2111
f 2088 2065 2091
f 2088 2043 2065
f 2043 2040 2065
f 2038 2039 2007
f 2001 2002 2043
f 2000 2001 2043
f 2002 2040 2043
f 2038 2037 2055
f 2130 2122 2137
f 2039 2038 2055
f 2065 2055 2084
f 2090 2084 2099
f 2103 2099 2109
f 2111 2109 2122
f 2040 2039 2065
f 2091 2090 2103
f 2055 2065 2039
f 2090 2091 2065
f 2084 2090 2065
f 2093 2106 2084
f 2084 2106 2099
f 2109 2106 2120
f 2122 2120 2143
f 2137 2122 2143
f 2099 2103 2090
f 2106 2109 2099
f 2109 2111 2103
f 2107 2116 2106
f 2106 2116 2120
f 2120 2116 2136
f 2143 2120 2136
f 2120 2122 2109
f 2117 2128 2116
f 2116 2128 2136
f 2143 2136 2157
f 2162 2157 2181
f 2189 2181 2195
f 2148 2143 2162
f 2136 2149 2157
f 2157 2149 2169
f 2181 2169 2184
f 2195 2184 2310
f 2157 2162 2143
f 2169 2181 2157
f 2181 2189 2162
f 2184 2195 2181
f 2162 2189 2182
f 2167 2183 2184
f 2183 2310 2184
f 1331 1327 1336
f 1336 1327 1326
f 1343 1326 1334
f 1348 1334 1352
f 1358 1352 1363
f 1365 1363 1369
f 1365 1358 1363
f 1363 1334 1359
f 1404 1380 1401
f 1483 1501 1480
f 1466 1483 1480
f 1466 1460 1483
f 1466 1446 1460
f 1460 1446 1435
f 1316 1328 1323
f 1316 1311 1328
f 1503 1482 1504
f 1503 1502 1482
f 1482 1502 1483
f 1456 1483 1435
f 1414 1435 1401
f 1387 1401 1380
f 1367 1380 1359
f 1345 1359 1334
f 1328 1334 1326
f 1323 1326 1327
f 1323 1328 1326
f 1311 1202 1328
f 1328 1202 1197
f 1356 1197 1329
f 1375 1329 1362
f 1400 1362 1384
f 1432 1384 1411
f 1506 1478 1507
f 1506 1482 1478
f 1506 1504 1482
f 1202 1199 1197
f 1482 1423 1478
f 1507 1477 1508
f 1507 1478 1477
f 1199 1191 1197
f 1197 1191 1185
f 1329 1185 1318
f 1362 1318 1354
f 1384 1354 1382
f 1411 1382 1394
f 1411 1394 1423
f 1477 1421 1476
f 1508 1477 1476
f 1185 1195 1203
f 1318 1203 1320
f 1406 1423 1394
f 1406 1421 1423
f 1446 1420 1435
f 1435 1420 1401
f 1420 1413 1401
f 1401 1413 1404
f 1413 1403 1404
f 1404 1403 1393
f 1391 1393 1386
f 1380 1386 1377
f 1359 1377 1369
f 1363 1359 1369
f 1358 1348 1352
f 1348 1343 1334
f 1343 1336 1326
f 1197 1185 1329
f 1328 1197 1345
f 1345 1197 1356
f 1334 1328 1345
f 1329 1318 1362
f 1356 1329 1367
f 1359 1345 1356
f 1352 1334 1363
f 1318 1185 1203
f 1367 1329 1375
f 1359 1356 1367
f 1354 1318 1320
f 1362 1354 1384
f 1375 1362 1387
f 1380 1367 1375
f 1377 1359 1380
f 1387 1362 1400
f 1380 1375 1387
f 1386 1380 1391
f 1384 1382 1411
f 1400 1384 1414
f 1401 1387 1400
f 1393 1391 1404
f 1404 1391 1380
f 1414 1384 1432
f 1401 1400 1414
f 1432 1411 1456
f 1435 1414 1432
f 1423 1421 1478
f 1411 1423 1482
f 1456 1411 1482
f 1435 1432 1456
f 1478 1421 1477
f 1483 1456 1482
f 1460 1435 1483
f 1476 1421 1458
f 1489 1490 1753
f 1753 1490 2001
f 2000 1753 2001
f 1490 1491 2001
f 2001 1491 2002
f 2002 1491 1492
f 2003 1492 1494
f 2005 1494 1495
f 2006 1495 1496
f 2007 1496 1497
f 2037 1497 2008
f 2037 2007 1497
f 1497 1498 2008
f 2007 2006 1496
f 2006 2005 1495
f 2005 2003 1494
f 2003 2002 1492
f 1331 1330 1327
f 1327 1330 1332
f 1322 1327 1332
f 1322 1323 1327
f 1322 1315 1323
f 1323 1315 1316
f 1316 1315 1310
f 1311 1310 1201
f 1202 1201 1198
f 1199 1198 1190
f 1191 1190 1184
f 1185 1191 1184
f 1190 1183 1184
f 1191 1199 1190
f 1199 1202 1198
f 1202 1311 1201
f 1311 1316 1310
f 1479 1498 1481
f 1465 1481 1459
f 1419 1459 1416
f 1402 1416 1392
f 1402 1412 1416
f 1494 1453 1495
f 1494 1492 1453
f 1201 1312 1198
f 1201 1310 1312
f 1312 1310 1315
f 1319 1315 1322
f 1342 1332 1335
f 1342 1346 1332
f 1342 1347 1346
f 1495 1481 1496
f 1495 1453 1481
f 1481 1453 1457
f 1457 1459 1481
f 1492 1491 1453
f 1453 1491 1428
f 1398 1422 1410
f 1398 1410 1395
f 1374 1395 1370
f 1374 1370 1351
f 1198 1196 1190
f 1198 1312 1196
f 1491 1490 1428
f 1428 1490 1452
f 1422 1451 1410
f 1395 1410 1383
f 1321 1370 1339
f 1312 1317 1200
f 1183 1190 1200
f 1490 1489 1452
f 1489 1451 1452
f 1489 1438 1451
f 1451 1438 1410
f 1383 1373 1370
f 1370 1373 1353
f 1317 1194 1200
f 1332 1330 1335
f 1347 1357 1346
f 1346 1357 1355
f 1374 1399 1398
f 1357 1364 1355
f 1355 1364 1368
f 1381 1368 1376
f 1381 1376 1385
f 1390 1385 1392
f 1416 1390 1392
f 1415 1416 1459
f 1431 1459 1457
f 1412 1419 1416
f 1419 1445 1459
f 1445 1465 1459
f 1465 1479 1481
f 1498 1497 1481
f 1481 1497 1496
f 1452 1451 1422
f 1428 1452 1422
f 1453 1428 1431
f 1457 1453 1431
f 1428 1422 1431
f 1459 1431 1415
f 1422 1398 1399
f 1431 1399 1416
f 1415 1431 1416
f 1431 1422 1399
f 1395 1383 1370
f 1398 1395 1374
f 1416 1399 1390
f 1383 1410 1405
f 1390 1381 1385
f 1351 1370 1333
f 1399 1374 1366
f 1399 1366 1390
f 1390 1366 1381
f 1333 1370 1321
f 1374 1351 1355
f 1366 1374 1355
f 1368 1381 1355
f 1355 1381 1366
f 1351 1333 1344
f 1355 1344 1346
f 1355 1351 1344
f 1339 1370 1353
f 1339 1317 1312
f 1321 1339 1312
f 1333 1321 1344
f 1312 1200 1196
f 1321 1312 1319
f 1344 1319 1332
f 1344 1321 1319
f 1346 1344 1332
f 1196 1200 1190
f 1319 1312 1315
f 1332 1319 1322
f 1489 1753 1488
f 1488 1753 1999
f 1999 1753 2000
f 1999 2000 2044
f 2043 2044 2000
f 2043 2115 2044
f 2043 2088 2115
f 2115 2088 2091
f 2166 2115 2091
f 2091 2103 2166
f 2166 2103 2111
f 2166 2111 2130
f 2130 2165 2351
f 2351 2165 2182
f 2435 2182 2189
f 2189 2311 2435
f 2435 2411 2182
f 2411 2351 2182
f 2351 2166 2130
f 2311 2312 2435
f 2435 2312 2498
f 2498 2312 2313
f 2498 2313 2436
f 2302 2436 2313
f 2436 2302 2197
f 2412 2197 2175
f 2412 2175 2387
f 2175 2154 2387
f 2387 2154 2138
f 2314 2138 2119
f 2098 2314 2119
f 2119 2089 2098
f 2098 2089 2070
f 2098 2070 2034
f 2034 2020 2075
f 2075 2098 2034
f 2314 2387 2138
f 2412 2436 2197
f 1501 2011 1480
f 1480 2011 2029
f 1466 2029 2046
f 1446 2046 2061
f 1420 2061 2083
f 1413 2083 2094
f 1403 2094 2102
f 1393 2102 2108
f 1386 2108 2118
f 1377 2118 2127
f 1369 2127 2134
f 1365 2134 2140
f 1358 2140 2147
f 1348 2147 2156
f 1343 2156 2160
f 1336 2160 2168
f 1331 2168 2171
f 1330 2171 2170
f 1335 2170 2167
f 1342 2167 2159
f 1347 2159 2155
f 1357 2155 2146
f 1364 2146 2139
f 1368 2139 2133
f 1376 2133 2126
f 1385 2126 2117
f 1392 2117 2107
f 1402 2107 2101
f 1412 2101 2093
f 1419 2093 2082
f 1445 2082 2060
f 1465 2060 2045
f 1479 2045 2028
f 1498 2028 2008
f 1498 1479 2028
f 1479 1465 2045
f 1465 1445 2060
f 1445 1419 2082
f 1419 1412 2093
f 1412 1402 2101
f 1402 1392 2107
f 1392 1385 2117
f 1385 1376 2126
f 1376 1368 2133
f 1368 1364 2139
f 1364 1357 2146
f 1357 1347 2155
f 1347 1342 2159
f 1342 1335 2167
f 1335 1330 2170
f 1330 1331 2171
f 1331 1336 2168
f 1336 1343 2160
f 1343 1348 2156
f 1348 1358 2147
f 1358 1365 2140
f 1365 1369 2134
f 1369 1377 2127
f 1377 1386 2118
f 1386 1393 2108
f 1393 1403 2102
f 1403 1413 2094
f 1413 1420 2083
f 1420 1446 2061
f 1446 1466 2046
f 1466 1480 2029
f 930 932 1043
f 930 1047 873
f 930 873 774
f 930 774 644
f 489 644 563
f 489 376 278
f 101 109 89
f 101 120 109
f 12 10 6
f 12 21 10
f 10 21 42
f 42 21 28
f 60 40 48
f 89 48 59
f 70 89 59
f 70 82 89
f 89 82 101
f 101 82 95
f 101 95 110
f 144 110 123
f 136 144 123
f 136 146 144
f 144 146 157
f 173 157 164
f 167 173 164
f 171 195 177
f 1040 932 1038
f 1040 1043 932
f 177 195 193
f 1038 932 1035
f 195 253 193
f 211 253 341
f 241 341 437
f 364 437 512
f 483 512 590
f 572 590 685
f 668 685 833
f 823 833 1033
f 1035 932 1033
f 1019 936 1018
f 1019 934 936
f 1019 1020 934
f 833 1023 1025
f 833 1025 1028
f 1033 1028 1030
f 724 940 841
f 936 940 1017
f 1018 936 1017
f 940 1016 1017
f 376 248 278
f 278 248 176
f 187 176 155
f 109 83 89
f 248 210 176
f 89 83 60
f 210 182 176
f 176 182 142
f 61 117 88
f 61 88 56
f 30 56 34
f 10 30 34
f 144 101 110
f 89 60 48
f 40 42 28
f 4 6 10
f 157 173 171
f 120 171 177
f 140 177 193
f 161 193 211
f 189 211 241
f 220 241 364
f 301 364 483
f 464 483 572
f 558 572 668
f 663 668 823
f 822 823 932
f 930 822 932
f 144 157 120
f 930 663 822
f 930 558 663
f 930 489 558
f 930 644 489
f 101 144 120
f 489 464 558
f 464 489 278
f 301 278 218
f 220 218 187
f 189 187 155
f 161 155 129
f 140 129 109
f 120 140 109
f 40 60 83
f 62 83 129
f 61 129 155
f 142 155 176
f 42 40 62
f 117 61 142
f 10 42 62
f 30 10 61
f 56 30 61
f 171 120 157
f 83 109 129
f 83 62 40
f 62 61 10
f 177 140 120
f 140 161 129
f 129 61 62
f 193 161 140
f 161 189 155
f 155 142 61
f 253 211 193
f 211 189 161
f 189 220 187
f 176 187 218
f 1033 833 1028
f 341 241 211
f 241 220 189
f 220 301 218
f 176 218 278
f 437 364 241
f 364 301 220
f 301 464 278
f 437 545 512
f 512 545 590
f 833 934 1023
f 833 838 934
f 512 483 364
f 483 464 301
f 545 619 590
f 590 619 717
f 685 717 841
f 838 841 934
f 590 572 483
f 572 558 464
f 619 724 717
f 717 724 841
f 934 841 936
f 717 685 590
f 685 668 572
f 668 663 558
f 841 838 685
f 838 833 685
f 833 823 668
f 823 822 663
f 940 936 841
f 1033 932 823
f 4 2 6
f 6 2 9
f 11 6 9
f 11 12 6
f 11 20 12
f 12 20 21
f 21 20 27
f 28 27 39
f 40 39 48
f 40 28 39
f 39 47 48
f 48 47 58
f 59 58 69
f 70 69 81
f 82 81 94
f 95 94 110
f 95 82 94
f 94 106 110
f 110 106 122
f 123 122 135
f 136 135 145
f 146 145 156
f 157 156 164
f 157 146 156
f 156 163 164
f 146 136 145
f 136 123 135
f 123 110 122
f 82 70 81
f 70 59 69
f 59 48 58
f 28 21 27
f 1016 2517 1017
f 1017 2517 2518
f 2519 1017 2518
f 2519 1018 1017
f 2519 2520 1018
f 1018 2520 1019
f 1019 2520 2521
f 1020 2521 2522
f 934 2522 1023
f 934 1020 2522
f 2522 2610 1023
f 1023 2610 2526
f 1025 2526 2529
f 1028 2529 2531
f 1030 2531 2534
f 1033 2534 1035
f 1033 1030 2534
f 2534 2616 1035
f 1035 2616 2538
f 1038 2538 2540
f 1040 2540 2543
f 1043 2543 2545
f 930 2545 1047
f 930 1043 2545
f 2545 2548 1047
f 1043 1040 2543
f 1040 1038 2540
f 1038 1035 2538
f 1030 1028 2531
f 1028 1025 2529
f 1025 1023 2526
f 1020 1019 2521
f 20 41 27
f 20 11 41
f 954 821 952
f 954 957 821
f 821 957 959
f 826 961 963
f 832 963 966
f 967 832 966
f 967 970 832
f 832 970 972
f 837 972 975
f 840 975 976
f 977 840 976
f 977 978 840
f 840 978 979
f 939 979 980
f 94 100 106
f 94 81 100
f 165 158 128
f 165 185 158
f 185 165 192
f 190 203 252
f 190 194 160
f 106 141 135
f 122 106 135
f 160 194 170
f 156 141 163
f 156 145 141
f 130 170 141
f 130 160 170
f 145 135 141
f 81 69 100
f 100 69 58
f 41 39 27
f 41 47 39
f 41 49 47
f 47 49 72
f 47 72 119
f 100 47 119
f 100 58 47
f 11 9 41
f 104 9 99
f 217 99 175
f 559 175 456
f 9 2 15
f 9 15 32
f 99 32 54
f 86 99 54
f 175 152 180
f 175 180 208
f 246 175 208
f 246 456 175
f 662 487 561
f 642 662 561
f 642 820 662
f 642 772 820
f 840 837 975
f 832 826 963
f 961 821 959
f 951 952 820
f 820 952 821
f 939 812 979
f 979 812 689
f 66 75 41
f 840 979 689
f 143 148 104
f 837 840 689
f 674 689 585
f 564 585 490
f 471 490 345
f 314 345 225
f 217 225 186
f 183 186 143
f 972 837 674
f 832 972 674
f 300 314 217
f 467 471 300
f 826 832 674
f 667 674 564
f 559 564 467
f 961 826 667
f 662 667 559
f 821 961 662
f 689 812 608
f 585 608 524
f 490 524 419
f 345 419 256
f 225 256 165
f 148 165 128
f 104 128 75
f 689 674 837
f 674 667 826
f 667 662 961
f 662 820 821
f 608 585 689
f 585 564 674
f 564 559 667
f 165 256 192
f 524 490 585
f 490 471 564
f 471 467 564
f 559 456 662
f 662 456 487
f 524 368 419
f 419 368 256
f 192 256 203
f 419 345 490
f 345 314 471
f 314 300 471
f 467 175 559
f 256 368 203
f 256 225 345
f 225 217 314
f 300 175 467
f 368 252 203
f 165 186 225
f 186 183 217
f 217 175 300
f 192 203 166
f 158 166 137
f 119 137 100
f 185 192 158
f 165 148 186
f 148 143 186
f 183 99 217
f 175 99 152
f 203 190 166
f 166 190 160
f 137 160 130
f 113 130 106
f 100 113 106
f 166 158 192
f 128 104 148
f 143 99 183
f 160 137 166
f 137 119 158
f 128 158 75
f 75 158 72
f 49 75 72
f 75 66 104
f 104 99 143
f 130 113 137
f 113 100 137
f 119 72 158
f 49 41 75
f 66 9 104
f 99 9 32
f 141 106 130
f 41 9 66
f 3339 3353 3355
f 3325 3355 3358
f 3203 3315 3105
f 2690 2921 2518
f 2518 2517 2605
f 2921 2690 2829
f 3372 3358 3365
f 3372 3383 3358
f 2520 2607 2521
f 2520 2519 2607
f 2607 2519 2518
f 2855 2518 2921
f 3026 2921 3105
f 3301 3105 3315
f 3346 3315 3358
f 3365 3355 3353
f 3365 3358 3355
f 3383 3394 3358
f 3322 3394 3366
f 3260 3366 3318
f 3026 3318 3178
f 2855 3178 2959
f 2522 2607 2610
f 2522 2521 2607
f 2607 2872 2610
f 2610 2611 2526
f 3407 3423 3394
f 3394 3423 3428
f 3366 3428 3406
f 3366 3406 3381
f 3318 3381 3357
f 3318 3357 3326
f 3178 3326 3297
f 3178 3297 3240
f 2959 3240 3079
f 2959 3079 2872
f 2526 2611 2529
f 3423 3434 3428
f 3428 3434 3444
f 3465 3466 3478
f 3458 3478 3481
f 3491 3458 3481
f 3491 3496 3458
f 2545 2621 2548
f 2545 2543 2621
f 2621 2543 2540
f 2620 2540 2538
f 2611 2534 2531
f 2529 2611 2531
f 3501 3487 3496
f 3496 3487 3458
f 3458 3487 3472
f 3426 3472 3449
f 3426 3449 3418
f 3361 3275 3386
f 3361 3332 3275
f 3275 3332 3308
f 3117 3308 3264
f 3024 2764 3131
f 3024 2945 2764
f 2764 2945 2861
f 2621 2861 2728
f 3105 2921 2999
f 3105 2789 3203
f 3315 3280 2927
f 3458 3451 3465
f 3428 3453 3406
f 3428 3444 3453
f 3458 3465 3478
f 3465 3453 3466
f 3394 3428 3366
f 3358 3394 3346
f 3339 3355 3325
f 3458 3426 3451
f 3453 3411 3406
f 3465 3451 3411
f 3453 3465 3411
f 3346 3394 3322
f 3426 3458 3472
f 3451 3380 3411
f 3381 3406 3357
f 3451 3426 3380
f 3406 3411 3357
f 3366 3381 3318
f 3322 3366 3301
f 3315 3346 3322
f 3325 3358 3315
f 3426 3386 3380
f 3411 3317 3343
f 3411 3343 3357
f 3411 3380 3317
f 3301 3366 3260
f 3315 3322 3301
f 3386 3426 3418
f 3386 3275 3317
f 3357 3258 3297
f 3326 3357 3297
f 3380 3386 3317
f 3357 3343 3258
f 3318 3326 3178
f 3260 3318 3132
f 3105 3301 3260
f 3203 3280 3315
f 3317 3268 3258
f 3297 3258 3240
f 3343 3317 3258
f 3132 3318 3026
f 3105 3260 3132
f 3275 3117 3317
f 3317 3117 3268
f 3258 3087 3079
f 3240 3258 3079
f 3178 3240 2959
f 3026 3178 2939
f 3105 3132 3026
f 2789 3105 2999
f 3117 3275 3308
f 3117 3131 3268
f 3079 3087 2872
f 3258 3268 3087
f 2939 3178 2855
f 2921 3026 2939
f 3131 3117 3264
f 3131 2764 2888
f 3268 2888 2885
f 3268 3131 2888
f 3268 2885 3087
f 3087 2885 2884
f 3087 2884 2610
f 2872 3087 2610
f 2855 2959 2714
f 2921 2939 2855
f 2885 2752 2884
f 2884 2752 2611
f 2610 2884 2611
f 2959 2872 2607
f 2714 2959 2607
f 2518 2855 2714
f 2764 2621 2620
f 2888 2620 2616
f 2752 2616 2611
f 2888 2764 2620
f 2885 2888 2616
f 2752 2885 2616
f 2518 2714 2607
f 2690 2518 2605
f 2621 2764 2861
f 2620 2621 2540
f 2616 2620 2538
f 2611 2616 2534
f 951 2450 952
f 952 2450 2452
f 2454 952 2452
f 2454 954 952
f 2454 2457 954
f 954 2457 957
f 957 2457 2459
f 959 2459 2462
f 961 2462 963
f 961 959 2462
f 2462 2615 963
f 963 2615 2466
f 966 2466 2468
f 967 2468 2471
f 970 2471 2473
f 972 2473 975
f 972 970 2473
f 2473 2475 975
f 975 2475 2476
f 976 2476 2477
f 977 2477 2478
f 978 2478 2479
f 979 2479 980
f 979 978 2479
f 2479 2480 980
f 978 977 2478
f 977 976 2477
f 976 975 2476
f 970 967 2471
f 967 966 2468
f 966 963 2466
f 959 957 2459
f 3339 3347 3353
f 3353 3347 3338
f 3364 3353 3338
f 3364 3365 3353
f 3364 3371 3365
f 3365 3371 3372
f 3372 3371 3382
f 3383 3382 3395
f 3394 3395 3407
f 3394 3383 3395
f 3395 3393 3407
f 3407 3393 3422
f 3423 3422 3433
f 3434 3433 3443
f 3444 3443 3456
f 3453 3456 3466
f 3453 3444 3456
f 3456 3452 3466
f 3466 3452 3477
f 3478 3477 3480
f 3481 3480 3490
f 3491 3490 3495
f 3496 3495 3501
f 3496 3491 3495
f 3495 3499 3501
f 3491 3481 3490
f 3481 3478 3480
f 3478 3466 3477
f 3444 3434 3443
f 3434 3423 3433
f 3423 3407 3422
f 3383 3372 3382
f 2476 2475 2477
f 3395 3370 3393
f 3395 3382 3370
f 3370 3382 3371
f 3369 3371 3364
f 2477 2712 2478
f 2477 2475 2712
f 2873 2602 2712
f 2475 2473 2719
f 2719 2473 2613
f 2955 2613 2871
f 3158 2871 3065
f 3312 3212 3290
f 3333 3290 3351
f 3370 3351 3392
f 3393 3392 3422
f 2473 2471 2613
f 3422 3427 3433
f 3422 3392 3427
f 2471 2468 2613
f 2613 2468 2466
f 2619 2462 2459
f 2763 2459 2457
f 2454 2763 2457
f 2454 2452 2763
f 3499 3495 3482
f 2452 2450 2763
f 2763 2450 2630
f 2726 2763 2630
f 2726 2995 2763
f 2726 2859 2995
f 2995 2859 2943
f 3319 3023 3129
f 3262 3319 3129
f 3262 3306 3319
f 3319 3306 3350
f 3350 3306 3330
f 3457 3360 3384
f 3416 3457 3384
f 3416 3447 3457
f 3457 3447 3482
f 3482 3447 3470
f 3482 3495 3490
f 3480 3482 3490
f 3480 3450 3482
f 3480 3477 3450
f 2763 2758 2619
f 2459 2763 2619
f 3477 3452 3450
f 3379 3452 3401
f 3316 3401 3342
f 3112 3342 3257
f 2887 3257 2990
f 2462 2619 2615
f 2758 2979 2619
f 3456 3443 3452
f 3452 3443 3433
f 3427 3452 3433
f 3427 3401 3452
f 3427 3392 3401
f 3342 3392 3351
f 3257 3351 3290
f 2990 3290 3212
f 2979 3212 3065
f 2619 3065 2871
f 2615 2871 2613
f 2466 2615 2613
f 3338 3347 3083
f 3334 3337 3309
f 3334 3309 3312
f 3212 3259 3158
f 3309 3337 3279
f 2996 2920 3025
f 2996 2932 2920
f 2920 2932 2873
f 2854 2873 2712
f 2719 2712 2475
f 2480 2479 2602
f 2602 2479 2712
f 2712 2479 2478
f 2763 2995 2887
f 2758 2763 2887
f 2619 2749 2615
f 2749 2871 2615
f 2719 2613 2955
f 2712 2719 2854
f 2887 2995 2993
f 2619 2871 2749
f 2719 2955 2854
f 2873 2854 2920
f 2995 3023 3112
f 2993 2995 3112
f 2887 2990 2758
f 2990 2979 2758
f 2979 3065 2619
f 2955 2871 3158
f 2920 2854 3025
f 2854 2955 3025
f 3023 2995 2943
f 3023 3319 3271
f 3112 3023 3271
f 2993 3257 2887
f 2990 3212 2979
f 3158 3065 3212
f 2955 3158 3025
f 3025 3202 2996
f 3271 3319 3316
f 3112 3257 2993
f 3257 3290 2990
f 3158 3259 3025
f 3025 3259 3243
f 3202 3025 3243
f 3316 3319 3350
f 3271 3342 3112
f 3312 3290 3333
f 3259 3212 3312
f 3259 3312 3243
f 3243 3312 3279
f 3202 3243 3279
f 3350 3360 3379
f 3316 3342 3271
f 3342 3351 3257
f 3312 3333 3334
f 3309 3279 3312
f 3360 3350 3330
f 3360 3457 3414
f 3379 3360 3414
f 3350 3401 3316
f 3333 3351 3370
f 3334 3333 3345
f 3414 3457 3450
f 3379 3401 3350
f 3401 3392 3342
f 3333 3370 3345
f 3334 3348 3337
f 3334 3345 3348
f 3457 3482 3450
f 3414 3452 3379
f 3370 3392 3393
f 3345 3369 3338
f 3337 3348 3338
f 3345 3370 3369
f 3348 3345 3338
f 3450 3452 3414
f 3369 3370 3371
f 3338 3369 3364
f 309 164 289
f 309 167 164
f 173 167 171
f 171 167 628
f 195 171 628
f 195 628 253
f 341 628 437
f 341 253 628
f 628 707 437
f 437 707 545
f 545 707 619
f 619 707 816
f 619 816 724
f 816 905 724
f 724 905 1063
f 940 1063 1016
f 940 724 1063
f 1063 1290 1016
f 1016 1290 2284
f 2517 2284 2340
f 2605 2340 2690
f 2605 2517 2340
f 2340 2688 2690
f 2829 2688 2921
f 2829 2690 2688
f 2688 2789 2921
f 2921 2789 2999
f 3203 2789 3280
f 2789 2927 3280
f 3315 2927 2988
f 3325 3315 2988
f 2988 3038 3325
f 3325 3038 3339
f 3339 3038 3138
f 3199 3339 3138
f 3339 3199 3226
f 3347 3226 3221
f 3083 3347 3221
f 3083 2985 3338
f 3338 2985 3337
f 2985 2925 3337
f 3337 2925 3279
f 3279 2925 3202
f 3202 2925 2875
f 2996 2875 2785
f 2996 3202 2875
f 2996 2785 2932
f 2873 2785 2602
f 2873 2932 2785
f 2785 2689 2602
f 2602 2442 2480
f 2602 2689 2442
f 2442 2215 2480
f 2480 2215 1222
f 980 1222 1156
f 939 1156 812
f 939 980 1156
f 1156 705 812
f 812 705 608
f 608 705 524
f 524 705 368
f 368 705 625
f 252 368 625
f 625 194 252
f 252 194 190
f 194 428 170
f 170 428 141
f 335 163 428
f 163 335 285
f 289 163 285
f 289 164 163
f 163 141 428
f 980 2480 1222
f 3347 3339 3226
f 2517 1016 2284
f 473 453 649
f 1180 1291 1139
f 402 426 385
f 402 438 426
f 295 340 292
f 295 303 340
f 340 303 311
f 363 311 323
f 363 323 330
f 385 330 344
f 354 385 344
f 354 366 385
f 385 366 402
f 402 366 378
f 402 378 399
f 441 399 407
f 421 441 407
f 421 433 441
f 441 433 458
f 458 433 453
f 649 453 455
f 473 517 468
f 508 517 551
f 1180 1181 1285
f 1286 1180 1285
f 1286 1287 1180
f 517 553 551
f 1285 1181 1284
f 553 591 551
f 551 591 632
f 594 632 716
f 669 716 810
f 788 810 908
f 887 908 1070
f 1059 1070 1105
f 1103 1105 1146
f 1143 1146 1181
f 716 591 831
f 908 868 944
f 1074 944 1077
f 1107 1074 1077
f 1107 1112 1074
f 1107 1123 1112
f 1112 1123 1189
f 1278 1187 1277
f 1278 1186 1187
f 1278 1279 1186
f 1182 1280 1281
f 1182 1281 1282
f 1181 1282 1283
f 1123 1168 1189
f 1187 1189 1276
f 1277 1187 1276
f 1168 1275 1189
f 1189 1275 1276
f 751 906 629
f 578 575 513
f 426 405 385
f 385 405 363
f 629 504 575
f 441 402 399
f 385 363 330
f 363 340 311
f 290 292 331
f 331 292 340
f 453 473 458
f 458 473 468
f 478 508 551
f 520 551 594
f 580 594 669
f 648 669 788
f 761 788 887
f 869 887 1059
f 1058 1059 1103
f 1139 1103 1143
f 1141 1143 1180
f 1180 1139 1141
f 441 458 468
f 438 468 478
f 1056 1058 1139
f 1099 1056 1139
f 1099 1055 1056
f 402 441 438
f 1055 869 1056
f 1055 906 869
f 869 906 751
f 761 751 575
f 648 575 578
f 580 578 513
f 520 513 472
f 478 472 426
f 438 478 426
f 392 405 472
f 448 472 513
f 504 513 575
f 340 363 392
f 389 392 448
f 331 340 389
f 370 331 389
f 468 438 441
f 405 426 472
f 405 392 363
f 392 389 340
f 517 508 468
f 508 478 468
f 478 520 472
f 472 448 392
f 551 520 478
f 520 580 513
f 513 504 448
f 632 594 551
f 594 580 520
f 580 648 578
f 591 716 632
f 1181 1182 1282
f 1181 1146 1182
f 716 669 594
f 669 648 580
f 648 761 575
f 629 575 751
f 716 831 810
f 810 831 908
f 810 788 669
f 788 761 648
f 761 869 751
f 868 908 831
f 1182 1186 1280
f 1182 1146 1186
f 908 887 788
f 887 869 761
f 944 1074 908
f 908 1074 1070
f 1070 1074 1112
f 1105 1112 1149
f 1146 1149 1186
f 1070 1059 887
f 1059 1058 869
f 1058 1056 869
f 1149 1189 1187
f 1186 1149 1187
f 1112 1105 1070
f 1105 1103 1059
f 1103 1139 1058
f 1189 1149 1112
f 1149 1146 1105
f 1146 1143 1103
f 1143 1141 1139
f 1181 1180 1143
f 290 286 292
f 292 286 394
f 294 292 394
f 294 295 292
f 294 302 295
f 295 302 303
f 303 302 310
f 311 310 322
f 323 322 330
f 323 311 322
f 322 329 330
f 330 329 343
f 344 343 353
f 354 353 365
f 366 365 377
f 378 377 399
f 378 366 377
f 377 396 399
f 399 396 406
f 407 406 420
f 421 420 432
f 433 432 444
f 453 444 455
f 453 433 444
f 444 466 455
f 433 421 432
f 421 407 420
f 407 399 406
f 366 354 365
f 354 344 353
f 344 330 343
f 311 303 310
f 1275 2267 1276
f 1276 2267 2268
f 2269 1276 2268
f 2269 1277 1276
f 2269 2270 1277
f 1277 2270 1278
f 1278 2270 2271
f 1279 2271 2272
f 1186 2272 1280
f 1186 1279 2272
f 2272 2327 1280
f 1280 2327 2273
f 1281 2273 2274
f 1282 2274 2275
f 1283 2275 2276
f 1181 2276 1284
f 1181 1283 2276
f 2276 2333 1284
f 1284 2333 2277
f 1285 2277 2278
f 1286 2278 2279
f 1287 2279 2280
f 1180 2280 1291
f 1180 1287 2280
f 2280 2285 1291
f 1287 1286 2279
f 1286 1285 2278
f 1285 1284 2277
f 1283 1282 2275
f 1282 1281 2274
f 1281 1280 2273
f 1279 1278 2271
f 1150 1188 1167
f 1122 1150 1167
f 1122 1111 1150
f 1122 1106 1111
f 1111 1106 1073
f 302 339 310
f 302 294 339
f 1142 1100 1140
f 1225 1140 1224
f 1225 1226 1140
f 1140 1226 1142
f 1142 1226 1227
f 1144 1228 1229
f 1145 1229 1230
f 1231 1145 1230
f 1231 1232 1145
f 1145 1232 1233
f 1147 1233 1234
f 1148 1234 1235
f 1236 1148 1235
f 1236 1237 1148
f 1148 1237 1188
f 1188 1237 1238
f 1188 1238 1239
f 1167 1188 1239
f 1106 1076 1073
f 1073 1076 943
f 919 943 867
f 808 867 715
f 700 579 571
f 700 552 579
f 579 552 516
f 377 401 396
f 377 365 401
f 525 542 384
f 525 592 542
f 542 592 550
f 579 516 571
f 516 552 497
f 431 457 423
f 396 423 420
f 406 396 420
f 444 423 466
f 444 432 423
f 457 466 423
f 457 497 466
f 432 420 423
f 365 353 401
f 401 353 343
f 339 322 310
f 339 329 322
f 339 350 329
f 329 350 367
f 329 367 384
f 401 329 384
f 401 343 329
f 294 394 339
f 452 336 388
f 577 388 639
f 1057 637 1101
f 1140 1089 1138
f 394 286 336
f 388 429 639
f 639 429 518
f 637 706 1101
f 1101 706 903
f 1089 1100 903
f 1148 1147 1234
f 1145 1144 1229
f 1228 1142 1227
f 1223 1224 1138
f 1138 1224 1140
f 1188 1150 1108
f 394 400 339
f 1148 1188 1108
f 506 583 454
f 452 454 394
f 1147 1148 1108
f 1104 1108 1069
f 1066 1069 892
f 875 892 782
f 766 782 650
f 647 650 577
f 1233 1147 1104
f 639 647 577
f 1145 1233 1104
f 1057 1066 875
f 760 766 639
f 874 875 760
f 1144 1145 1066
f 1102 1066 1057
f 1228 1144 1102
f 1101 1102 1057
f 1142 1228 1101
f 1100 1142 1101
f 1150 1111 1108
f 1108 1111 911
f 892 911 808
f 782 808 677
f 650 677 592
f 583 592 525
f 583 525 384
f 454 384 400
f 1108 1104 1147
f 1104 1066 1145
f 1066 1102 1144
f 1102 1101 1228
f 1100 1089 1140
f 1073 911 1111
f 911 1069 1108
f 1069 1066 1104
f 943 919 1073
f 1073 919 911
f 911 919 808
f 592 677 550
f 911 892 1069
f 892 875 1066
f 875 874 1057
f 1100 1101 903
f 867 808 919
f 677 697 550
f 808 782 892
f 782 766 875
f 766 760 875
f 874 637 1057
f 808 715 697
f 697 715 571
f 550 697 571
f 697 677 808
f 677 650 782
f 650 647 766
f 647 639 766
f 760 637 874
f 700 571 715
f 592 583 650
f 583 577 650
f 550 571 501
f 384 449 401
f 542 550 449
f 384 542 449
f 583 506 577
f 760 639 518
f 571 516 501
f 501 516 457
f 449 457 431
f 412 431 396
f 401 412 396
f 501 449 550
f 384 454 583
f 454 452 506
f 506 388 577
f 497 457 516
f 457 449 501
f 400 384 367
f 350 400 367
f 400 394 454
f 452 388 506
f 431 412 449
f 412 401 449
f 350 339 400
f 394 336 452
f 423 396 431
f 3010 2994 2956
f 3010 2956 2906
f 3060 3069 3064
f 3010 3064 3045
f 2956 3045 2962
f 2633 2841 2639
f 2404 2639 2405
f 2324 2405 2268
f 2268 2267 2324
f 2324 2267 2329
f 2355 2324 2329
f 2355 2405 2324
f 2355 2391 2405
f 2405 2391 2404
f 3090 3057 3081
f 3090 3102 3057
f 2270 2325 2271
f 2270 2269 2325
f 2325 2269 2268
f 2362 2268 2405
f 2553 2405 2639
f 2746 2639 2841
f 2914 2841 2962
f 3057 3045 3064
f 3081 3064 3069
f 3081 3057 3064
f 3102 3107 3057
f 3045 3107 3141
f 2914 3042 2991
f 2746 2930 2870
f 2553 2770 2652
f 2362 2559 2408
f 2272 2325 2327
f 2272 2271 2325
f 3107 3128 3141
f 2325 2409 2367
f 2327 2367 2273
f 3128 3143 3141
f 3042 3141 3104
f 2991 3104 3007
f 2870 3007 2883
f 2652 2883 2782
f 2559 2782 2793
f 2408 2793 2409
f 2273 2331 2274
f 2273 2367 2331
f 3143 3156 3141
f 3141 3156 3166
f 3127 3166 3177
f 3177 3180 3190
f 3215 3190 3201
f 3211 3215 3201
f 2280 2334 2285
f 2280 2279 2334
f 2334 2279 2278
f 2333 2278 2277
f 2371 2333 2276
f 2331 2276 2275
f 2274 2331 2275
f 3227 3173 3215
f 3215 3173 3149
f 3149 3173 3085
f 2928 3085 3038
f 2900 2928 2876
f 2675 2876 2790
f 2601 2573 2790
f 2601 2445 2375
f 2334 2445 2361
f 2285 2334 2361
f 2391 2429 2404
f 2404 2429 2550
f 2639 2404 2550
f 2429 2561 2550
f 2550 2561 2633
f 2639 2550 2633
f 2561 2637 2633
f 2633 2637 2699
f 2841 2794 2962
f 2956 2962 2906
f 3215 3149 3146
f 3215 3146 3177
f 3141 3127 3104
f 3141 3166 3127
f 3215 3177 3190
f 3057 3107 3045
f 3060 3064 3010
f 3177 3030 3127
f 3127 3076 3007
f 3104 3127 3007
f 3177 3146 3030
f 3042 3104 2991
f 3045 3141 3042
f 3010 3045 2994
f 3149 3031 3030
f 3146 3149 3030
f 3127 3030 3076
f 2991 3007 2930
f 2962 3045 3042
f 2994 3045 2956
f 3031 3149 3085
f 3031 2928 3030
f 3030 2886 3076
f 3076 2958 2883
f 3007 3076 2883
f 2930 3007 2870
f 2914 2991 2930
f 2962 3042 2914
f 2928 3031 3085
f 2928 2900 2897
f 3030 2897 2886
f 3076 2886 2958
f 3030 2928 2897
f 2870 2883 2770
f 2841 2914 2930
f 2958 2793 2782
f 2883 2958 2782
f 2886 2897 2801
f 2958 2886 2793
f 2770 2883 2652
f 2746 2870 2770
f 2841 2930 2746
f 2900 2675 2897
f 2897 2675 2801
f 2886 2669 2793
f 2886 2801 2669
f 2652 2782 2559
f 2639 2746 2770
f 2699 2794 2633
f 2633 2794 2841
f 2675 2900 2876
f 2675 2573 2801
f 2793 2571 2409
f 2793 2669 2571
f 2559 2793 2408
f 2553 2652 2559
f 2639 2770 2553
f 2573 2675 2790
f 2573 2601 2417
f 2801 2417 2669
f 2801 2573 2417
f 2571 2414 2367
f 2409 2571 2367
f 2571 2669 2414
f 2405 2553 2559
f 2601 2375 2417
f 2669 2373 2371
f 2669 2417 2373
f 2669 2371 2414
f 2414 2371 2367
f 2408 2409 2325
f 2362 2408 2325
f 2405 2559 2362
f 2375 2334 2333
f 2373 2333 2371
f 2417 2375 2333
f 2373 2417 2333
f 2367 2371 2331
f 2325 2367 2327
f 2268 2362 2325
f 2334 2375 2445
f 2333 2334 2278
f 2331 2371 2276
f 1223 2216 1224
f 1224 2216 2339
f 2217 1224 2339
f 2217 1225 1224
f 2217 2218 1225
f 1225 2218 1226
f 1226 2218 2219
f 1227 2219 2220
f 1228 2220 1229
f 1228 1227 2220
f 2220 2370 1229
f 1229 2370 2221
f 1230 2221 2222
f 1231 2222 2223
f 1232 2223 2224
f 1233 2224 1234
f 1233 1232 2224
f 2224 2225 1234
f 1234 2225 2226
f 1235 2226 2227
f 1236 2227 2228
f 1237 2228 2229
f 1238 2229 1239
f 1238 1237 2229
f 2229 2230 1239
f 1237 1236 2228
f 1236 1235 2227
f 1235 1234 2226
f 1232 1231 2223
f 1231 1230 2222
f 1230 1229 2221
f 1227 1226 2219
f 3060 3059 3069
f 3069 3059 3068
f 3080 3069 3068
f 3080 3081 3069
f 3080 3089 3081
f 3081 3089 3090
f 3090 3089 3101
f 3102 3101 3111
f 3107 3111 3128
f 3107 3102 3111
f 3111 3106 3128
f 3128 3106 3142
f 3143 3142 3155
f 3156 3155 3165
f 3166 3165 3176
f 3177 3176 3180
f 3177 3166 3176
f 3176 3167 3180
f 3180 3167 3189
f 3190 3189 3200
f 3201 3200 3210
f 3211 3210 3214
f 3215 3214 3227
f 3215 3211 3214
f 3214 3222 3227
f 3211 3201 3210
f 3201 3190 3200
f 3190 3180 3189
f 3166 3156 3165
f 3156 3143 3155
f 3143 3128 3142
f 3102 3090 3101
f 2328 2230 2323
f 2354 2323 2356
f 2390 2356 2403
f 2428 2403 2549
f 2560 2549 2632
f 2636 2632 2698
f 2636 2560 2632
f 2226 2326 2227
f 2226 2225 2326
f 3111 3095 3106
f 3111 3101 3095
f 3095 3101 3089
f 3095 3089 3080
f 3028 3068 3052
f 3004 3009 2905
f 2968 2905 2917
f 2227 2326 2228
f 2225 2224 2330
f 2407 2330 2366
f 2651 2366 2566
f 2864 2566 2774
f 2917 2774 2879
f 2980 2879 2946
f 3027 2946 3000
f 3072 3000 3051
f 3106 3051 3122
f 3106 3122 3142
f 2224 2223 2330
f 2366 2330 2368
f 3142 3122 3155
f 2223 2222 2330
f 2330 2222 2221
f 2332 2220 2219
f 2332 2219 2218
f 2217 2332 2218
f 2217 2339 2332
f 3222 3214 3186
f 2359 2418 2339
f 2359 2572 2418
f 2786 2597 2685
f 2965 2899 2986
f 3084 2986 2985
f 3186 3148 3172
f 3186 3214 3210
f 3200 3186 3210
f 3200 3145 3186
f 3200 3189 3145
f 3189 3167 3145
f 3029 3167 3061
f 2374 2416 2372
f 2220 2332 2370
f 2964 3075 2798
f 2372 2570 2413
f 2370 2413 2368
f 3176 3165 3167
f 3167 3165 3155
f 3122 3167 3155
f 3122 3061 3167
f 3075 3061 3051
f 2798 3051 3000
f 2798 3000 2946
f 2668 2946 2879
f 2416 2879 2774
f 2570 2774 2566
f 2413 2566 2368
f 2370 2368 2330
f 2221 2370 2330
f 3068 3059 3052
f 2917 2905 2864
f 2632 2717 2698
f 2632 2551 2717
f 2632 2549 2551
f 2551 2549 2403
f 2406 2403 2356
f 2407 2356 2326
f 2225 2407 2326
f 2560 2428 2549
f 2428 2390 2403
f 2390 2354 2356
f 2354 2328 2323
f 2339 2418 2332
f 2332 2418 2374
f 2332 2374 2372
f 2225 2330 2407
f 2230 2229 2323
f 2323 2229 2326
f 2356 2323 2326
f 2326 2229 2228
f 2374 2418 2416
f 2372 2370 2332
f 2407 2366 2554
f 2356 2407 2406
f 2418 2572 2668
f 2416 2418 2668
f 2372 2413 2370
f 2366 2368 2566
f 2554 2366 2651
f 2407 2554 2406
f 2403 2406 2551
f 2572 2597 2672
f 2668 2572 2672
f 2416 2570 2372
f 2570 2566 2413
f 2651 2566 2759
f 2554 2651 2551
f 2406 2554 2551
f 2597 2572 2443
f 2597 2786 2672
f 2416 2774 2570
f 2759 2566 2864
f 2551 2759 2730
f 2551 2730 2717
f 2551 2651 2759
f 2786 2899 2896
f 2672 2896 2964
f 2672 2786 2896
f 2672 2798 2668
f 2668 2879 2416
f 2864 2774 2917
f 2759 2864 2730
f 2717 2730 2898
f 2899 2965 3018
f 2896 3018 2964
f 2896 2899 3018
f 2964 2798 2672
f 2798 2946 2668
f 2917 2879 2980
f 2864 2905 2730
f 2730 2905 2898
f 3018 2965 3029
f 2980 2946 3027
f 2917 2980 2968
f 2769 2898 2989
f 2989 2898 2905
f 2965 3084 3088
f 3029 2965 3088
f 3018 3075 2964
f 3075 3051 2798
f 3027 3000 3072
f 2968 3027 3004
f 2905 2968 3004
f 2968 2980 3027
f 2989 2905 3009
f 3084 2965 2986
f 3084 3148 3145
f 3088 3084 3145
f 3029 3061 3018
f 3061 3075 3018
f 3072 3051 3095
f 3027 3072 3004
f 3009 3004 3028
f 3148 3186 3145
f 3088 3167 3029
f 3051 3061 3122
f 3095 3051 3106
f 3004 3095 3068
f 3004 3068 3028
f 3004 3072 3095
f 3145 3167 3088
f 3068 3095 3080
f 2216 1223 2215
f 2215 1223 1222
f 1222 1223 1156
f 1156 1223 1138
f 1089 1156 1138
f 1156 1089 903
f 705 1156 903
f 903 706 705
f 705 706 637
f 625 637 760
f 194 760 518
f 428 194 518
f 518 429 428
f 428 429 388
f 428 388 336
f 335 336 285
f 336 286 285
f 335 428 336
f 194 625 760
f 625 705 637
f 286 290 285
f 285 290 289
f 289 290 309
f 309 290 331
f 370 309 331
f 309 370 389
f 309 389 448
f 167 448 628
f 167 309 448
f 448 504 628
f 628 504 629
f 628 629 906
f 816 906 905
f 816 707 906
f 905 906 1055
f 1063 1055 1099
f 1063 1099 1139
f 1063 1139 1290
f 1139 1291 1290
f 1063 905 1055
f 707 628 906
f 3216 3208 3150
f 3181 3150 3170
f 3123 3170 3086
f 3091 3123 3086
f 3208 3187 3150
f 2484 2586 2485
f 2484 2483 2586
f 2586 2483 2588
f 2644 2586 2588
f 2644 2733 2586
f 2644 2704 2733
f 3187 3174 3150
f 3170 3150 3113
f 3113 3098 3062
f 2992 3062 2973
f 2849 2973 2815
f 2733 2815 2721
f 2485 2583 2486
f 2485 2586 2583
f 3174 3152 3150
f 3150 3152 3120
f 3113 3120 3098
f 2586 2715 2583
f 2486 2583 2487
f 3098 3096 3066
f 3033 3066 3039
f 3033 3039 3005
f 2951 2918 2971
f 2951 2911 2918
f 2493 2569 2494
f 2493 2608 2569
f 2802 2718 2844
f 2909 3017 2918
f 2918 2963 2971
f 2911 2881 2918
f 2918 2881 2792
f 2890 2792 2827
f 2877 2827 2807
f 2844 2807 2784
f 2756 2784 2716
f 2653 2716 2658
f 2608 2658 2625
f 2494 2563 2495
f 2494 2569 2563
f 2881 2842 2792
f 2784 2755 2684
f 2716 2684 2625
f 2569 2606 2581
f 2495 2581 2496
f 2495 2563 2581
f 2842 2734 2792
f 2709 2792 2734
f 2709 2807 2792
f 2684 2755 2709
f 2624 2606 2625
f 2497 2581 2556
f 2497 2496 2581
f 2608 2492 2491
f 2574 2491 2490
f 2574 2490 2489
f 2583 2488 2487
f 2583 2642 2488
f 2642 2583 2695
f 2750 2718 2695
f 2483 2481 2588
f 2704 2777 2733
f 2733 2777 2849
f 2849 2892 2889
f 2889 2892 2935
f 2992 2935 2975
f 2992 2975 3013
f 3113 3013 3086
f 3123 3160 3170
f 3160 3181 3170
f 2918 2792 2909
f 3005 2971 3033
f 3062 3017 2973
f 3062 3048 3017
f 3048 3062 3070
f 3066 3033 3098
f 3098 3033 3070
f 3098 3070 3062
f 3098 3120 3096
f 3150 3120 3113
f 2792 2807 2827
f 2909 2792 2890
f 2971 2963 3033
f 3033 2963 3048
f 2973 3017 2981
f 3033 3048 3070
f 2890 2827 2877
f 3017 2909 2890
f 2963 2918 3048
f 3048 2918 3017
f 2973 2952 2815
f 2973 2981 2952
f 3170 3113 3086
f 2807 2755 2784
f 2877 2807 2844
f 2981 2890 2952
f 2815 2952 2903
f 3113 3062 2992
f 2755 2807 2709
f 2844 2784 2802
f 2952 2877 2903
f 2815 2862 2721
f 2815 2903 2862
f 2890 2981 3017
f 3013 3113 2992
f 2784 2684 2716
f 2802 2784 2756
f 2877 2952 2890
f 2992 2973 2889
f 2756 2716 2696
f 2718 2802 2756
f 2877 2844 2903
f 2903 2844 2718
f 2862 2718 2750
f 2721 2750 2695
f 2715 2695 2583
f 2715 2721 2695
f 2889 2973 2849
f 2935 2992 2889
f 2716 2625 2658
f 2696 2716 2653
f 2718 2756 2696
f 2718 2862 2903
f 2849 2815 2733
f 2625 2684 2624
f 2653 2658 2608
f 2718 2696 2653
f 2750 2721 2862
f 2625 2606 2569
f 2608 2625 2569
f 2695 2718 2642
f 2488 2574 2489
f 2488 2642 2574
f 2721 2715 2586
f 2733 2721 2586
f 2569 2581 2563
f 2718 2653 2642
f 2642 2653 2574
f 2491 2574 2608
f 2608 2574 2653
f 3216 3228 3208
f 3208 3228 3209
f 3188 3208 3209
f 3188 3187 3208
f 3188 3175 3187
f 3187 3175 3174
f 3174 3175 3153
f 3152 3153 3121
f 3120 3121 3096
f 3120 3152 3121
f 3121 3097 3096
f 3096 3097 3067
f 3066 3067 3040
f 3039 3040 3006
f 3005 3006 2972
f 2971 2972 2951
f 2971 3005 2972
f 2972 2919 2951
f 2951 2919 2912
f 2911 2912 2882
f 2881 2882 2843
f 2842 2843 2797
f 2734 2797 2736
f 2734 2842 2797
f 2797 2741 2736
f 2842 2881 2843
f 2881 2911 2882
f 2911 2951 2912
f 3005 3039 3006
f 3039 3066 3040
f 3066 3096 3067
f 3152 3174 3153
f 2497 997 2496
f 2496 997 996
f 995 2496 996
f 995 2495 2496
f 995 994 2495
f 2495 994 2494
f 2494 994 993
f 2493 993 992
f 2608 992 2492
f 2608 2493 992
f 992 926 2492
f 2492 926 991
f 2491 991 990
f 2490 990 989
f 2489 989 988
f 2488 988 2487
f 2488 2489 988
f 988 987 2487
f 2487 987 986
f 2486 986 985
f 2485 985 984
f 2484 984 983
f 2483 983 2481
f 2483 2484 983
f 983 981 2481
f 2484 2485 984
f 2485 2486 985
f 2486 2487 986
f 2489 2490 989
f 2490 2491 990
f 2491 2492 991
f 2493 2494 993
f 2515 2514 2584
f 2646 2584 2660
f 2894 2660 2937
f 2894 2851 2660
f 2514 2513 2584
f 2660 2584 2655
f 2660 2655 2729
f 2660 2729 2823
f 2660 2823 2950
f 3188 3191 3175
f 3188 3209 3191
f 3191 3209 3205
f 3183 3191 3205
f 3183 3133 3191
f 3183 3162 3133
f 2513 2512 2584
f 2655 2584 2729
f 2950 2816 2923
f 3093 2923 3063
f 3133 3063 3099
f 3175 3151 3153
f 3175 3191 3151
f 2512 2511 2584
f 2584 2511 2510
f 2823 2510 2816
f 3191 3078 3151
f 3153 3151 3121
f 2510 2509 2508
f 2640 2508 2507
f 2640 2507 2506
f 2504 2609 2505
f 2504 2503 2609
f 2912 2931 2882
f 2912 2919 2931
f 2845 2922 2803
f 2654 2791 2609
f 2609 2617 2505
f 2503 2502 2609
f 2609 2502 2558
f 2697 2558 2626
f 2757 2626 2659
f 2803 2659 2691
f 2878 2691 2760
f 2910 2760 2808
f 2919 2808 2828
f 2882 2853 2843
f 2882 2931 2853
f 2502 2501 2558
f 2760 2682 2723
f 2931 2723 2781
f 2843 2781 2797
f 2843 2853 2781
f 2501 2500 2558
f 2558 2500 2499
f 2587 2558 2499
f 2558 2587 2659
f 2659 2587 2657
f 2657 2710 2682
f 2781 2723 2710
f 2797 2735 2741
f 2797 2781 2735
f 2919 2972 3006
f 3049 3006 3040
f 3049 3040 3067
f 3151 3097 3121
f 3151 3071 3097
f 3071 3151 3011
f 2960 2922 3011
f 3209 3228 3205
f 3162 3125 3133
f 3133 3125 3093
f 3044 3054 3015
f 2950 3015 2977
f 2950 2977 2937
f 2660 2950 2937
f 2851 2779 2660
f 2779 2706 2660
f 2706 2646 2660
f 2609 2558 2654
f 2506 2505 2640
f 2816 2791 2923
f 2816 2708 2791
f 2708 2816 2643
f 2508 2640 2510
f 2510 2640 2643
f 2510 2643 2816
f 2584 2510 2729
f 2558 2659 2626
f 2654 2558 2697
f 2505 2617 2640
f 2640 2617 2708
f 2923 2791 2863
f 2640 2708 2643
f 2729 2510 2823
f 2697 2626 2757
f 2791 2654 2697
f 2617 2609 2708
f 2708 2609 2791
f 2923 2904 3063
f 2923 2863 2904
f 2659 2682 2691
f 2757 2659 2803
f 2863 2697 2904
f 3063 2904 2953
f 2823 2816 2950
f 2682 2659 2657
f 2803 2691 2845
f 2904 2757 2953
f 3063 2982 3099
f 3063 2953 2982
f 2697 2863 2791
f 2691 2682 2760
f 2845 2691 2878
f 2757 2904 2697
f 2950 2923 3044
f 2878 2760 2891
f 2922 2845 2878
f 2757 2803 2953
f 2953 2803 2922
f 2982 2922 2960
f 3099 2960 3011
f 3078 3011 3151
f 3078 3099 3011
f 3044 2923 3093
f 3015 2950 3044
f 2760 2723 2808
f 2891 2760 2910
f 2922 2878 2891
f 2922 2982 2953
f 3093 3063 3133
f 3054 3044 3093
f 2723 2682 2710
f 2808 2723 2828
f 2910 2808 2919
f 2922 2891 2910
f 2960 3099 2982
f 2828 2723 2931
f 2919 2828 2931
f 3011 2922 3071
f 3097 3049 3067
f 3097 3071 3049
f 3099 3078 3191
f 3133 3099 3191
f 2931 2781 2853
f 2922 2910 3071
f 3071 2910 3049
f 3006 3049 2919
f 2919 3049 2910
f 755 695 762
f 762 695 778
f 695 658 778
f 778 658 603
f 778 603 660
f 723 660 686
f 842 686 864
f 995 996 994
f 925 996 997
f 996 925 920
f 876 996 920
f 658 615 603
f 686 620 638
f 686 638 664
f 686 664 691
f 686 691 728
f 864 728 789
f 864 789 876
f 876 861 907
f 996 907 931
f 994 931 993
f 994 996 931
f 615 586 603
f 603 586 556
f 660 556 620
f 993 931 992
f 876 609 861
f 992 931 926
f 556 534 620
f 620 534 499
f 469 499 474
f 469 474 445
f 357 361 386
f 357 332 361
f 361 332 373
f 985 917 984
f 985 986 917
f 917 986 987
f 763 987 614
f 510 630 491
f 361 373 408
f 332 312 373
f 373 312 371
f 491 371 415
f 614 510 682
f 984 912 983
f 984 917 912
f 318 371 297
f 318 346 371
f 371 346 379
f 459 510 415
f 459 493 510
f 510 493 526
f 682 526 566
f 651 763 595
f 651 709 763
f 763 709 799
f 917 799 853
f 983 912 981
f 371 280 297
f 922 988 989
f 871 989 990
f 871 990 991
f 926 871 991
f 926 931 871
f 871 931 796
f 630 614 702
f 702 614 796
f 920 925 864
f 876 920 864
f 925 880 864
f 864 880 842
f 842 880 848
f 794 848 817
f 723 775 817
f 723 686 775
f 817 778 723
f 373 371 410
f 691 664 522
f 522 664 638
f 479 638 469
f 361 469 445
f 361 479 469
f 638 620 469
f 469 620 499
f 603 556 660
f 410 371 450
f 408 373 410
f 361 408 479
f 522 408 514
f 691 514 728
f 479 522 638
f 778 660 723
f 450 371 491
f 728 544 789
f 408 522 479
f 660 620 686
f 491 415 510
f 408 410 514
f 514 410 544
f 789 582 609
f 514 691 522
f 415 371 379
f 410 450 544
f 544 450 582
f 544 728 514
f 817 775 794
f 794 775 686
f 576 510 614
f 630 510 576
f 450 491 582
f 582 491 609
f 861 661 907
f 582 789 544
f 630 576 614
f 491 630 609
f 661 630 702
f 907 702 796
f 834 796 931
f 834 907 796
f 789 609 876
f 686 728 864
f 848 794 842
f 842 794 686
f 682 510 526
f 682 595 763
f 630 661 609
f 661 861 609
f 595 682 566
f 614 682 763
f 702 907 661
f 850 763 917
f 987 763 850
f 796 614 987
f 907 834 931
f 987 850 917
f 871 922 989
f 871 987 922
f 987 871 796
f 876 907 996
f 917 763 799
f 988 922 987
f 912 917 853
f 2515 1014 2514
f 2514 1014 1013
f 1012 2514 1013
f 1012 2513 2514
f 1012 1011 2513
f 2513 1011 2512
f 2512 1011 1010
f 2511 1010 1009
f 2510 1009 2509
f 2510 2511 1009
f 1009 1008 2509
f 2509 1008 1007
f 2508 1007 1006
f 2507 1006 1005
f 2506 1005 1004
f 2505 1004 2504
f 2505 2506 1004
f 1004 896 2504
f 2504 896 1003
f 2503 1003 1002
f 2502 1002 1001
f 2501 1001 1000
f 2500 1000 2499
f 2500 2501 1000
f 1000 999 2499
f 2501 2502 1001
f 2502 2503 1002
f 2503 2504 1003
f 2506 2507 1005
f 2507 2508 1006
f 2508 2509 1007
f 2511 2512 1010
f 755 759 695
f 695 759 696
f 659 695 696
f 659 658 695
f 659 616 658
f 658 616 615
f 615 616 587
f 586 587 557
f 556 557 534
f 556 586 557
f 557 535 534
f 534 535 500
f 499 500 475
f 474 475 446
f 445 446 413
f 361 413 386
f 361 445 413
f 413 387 386
f 386 387 358
f 357 358 333
f 332 333 313
f 312 313 296
f 371 296 280
f 371 312 296
f 296 291 280
f 312 332 313
f 332 357 333
f 357 386 358
f 445 474 446
f 474 499 475
f 499 534 500
f 586 615 587
f 291 296 362
f 320 362 338
f 381 338 422
f 417 381 422
f 296 313 362
f 1012 916 1011
f 1012 1013 916
f 916 1013 914
f 855 916 914
f 855 764 916
f 855 801 764
f 313 333 362
f 338 362 395
f 395 411 451
f 511 451 532
f 653 532 683
f 764 683 781
f 1011 918 1010
f 1011 916 918
f 333 358 362
f 362 358 387
f 395 387 411
f 916 790 918
f 1010 918 1009
f 411 413 446
f 480 446 475
f 480 475 500
f 557 581 535
f 557 587 581
f 1003 929 1002
f 1003 896 929
f 690 785 657
f 588 492 581
f 581 539 535
f 587 616 581
f 581 616 701
f 599 701 672
f 622 672 687
f 657 687 708
f 737 708 786
f 849 786 847
f 896 847 877
f 1002 935 1001
f 1002 929 935
f 616 659 701
f 786 795 843
f 929 843 921
f 1001 921 1000
f 1001 935 921
f 659 696 701
f 701 696 779
f 779 687 701
f 687 779 818
f 795 818 881
f 881 900 843
f 999 921 900
f 999 1000 921
f 696 759 779
f 896 1004 1005
f 923 1005 1006
f 923 1006 1007
f 918 1008 1009
f 918 860 1008
f 860 918 809
f 743 785 809
f 1013 1014 914
f 801 711 764
f 764 711 653
f 653 597 604
f 604 597 568
f 511 568 528
f 511 528 495
f 395 495 422
f 381 348 338
f 348 320 338
f 581 701 588
f 500 535 480
f 451 492 532
f 451 470 492
f 470 451 443
f 446 480 411
f 411 480 443
f 411 443 451
f 411 387 413
f 362 387 395
f 701 687 672
f 588 701 599
f 535 539 480
f 480 539 470
f 532 492 521
f 480 470 443
f 599 672 622
f 492 588 599
f 539 581 470
f 470 581 492
f 532 555 683
f 532 521 555
f 338 395 422
f 687 795 708
f 622 687 657
f 521 599 555
f 683 555 593
f 395 451 511
f 795 687 818
f 657 708 690
f 555 622 593
f 683 640 781
f 683 593 640
f 599 521 492
f 495 395 511
f 708 795 786
f 690 708 737
f 622 555 599
f 511 532 604
f 737 786 806
f 785 690 737
f 622 657 593
f 593 657 785
f 640 785 743
f 781 743 809
f 790 809 918
f 790 781 809
f 604 532 653
f 568 511 604
f 786 843 847
f 806 786 849
f 785 737 806
f 785 640 593
f 653 683 764
f 843 795 881
f 847 843 877
f 849 847 896
f 785 806 849
f 743 781 640
f 877 843 929
f 896 877 929
f 809 785 860
f 1008 923 1007
f 1008 860 923
f 781 790 916
f 764 781 916
f 929 921 935
f 785 849 860
f 860 849 923
f 921 843 900
f 1005 923 896
f 896 923 849
f 1015 1014 1159
f 1159 1014 2515
f 2283 2515 2516
f 2283 1159 2515
f 2516 2515 2590
f 2590 2515 2584
f 2646 2590 2584
f 2646 2647 2590
f 2646 2706 2647
f 2647 2706 2707
f 2707 2706 2779
f 2780 2779 2851
f 2852 2851 2895
f 2852 2780 2851
f 2851 2894 2895
f 2895 2894 2937
f 2938 2937 2977
f 2978 2977 3015
f 3016 3015 3054
f 3055 3054 3094
f 3055 3016 3054
f 3054 3093 3094
f 3094 3093 3125
f 3126 3125 3162
f 3163 3162 3183
f 3184 3183 3205
f 3206 3205 3229
f 3206 3184 3205
f 3205 3228 3229
f 3184 3163 3183
f 3163 3126 3162
f 3126 3094 3125
f 3016 2978 3015
f 2978 2938 2977
f 2938 2895 2937
f 2780 2707 2779
f 3229 3228 3225
f 3225 3228 3216
f 3220 3216 3217
f 3220 3225 3216
f 3217 3216 3204
f 3204 3216 3150
f 3181 3204 3150
f 3181 3182 3204
f 3181 3160 3182
f 3182 3160 3161
f 3161 3160 3123
f 3124 3123 3091
f 3092 3091 3053
f 3092 3124 3091
f 3091 3086 3053
f 3053 3086 3013
f 3014 3013 2975
f 2976 2975 2935
f 2936 2935 2892
f 2893 2892 2850
f 2893 2936 2892
f 2892 2849 2850
f 2850 2849 2777
f 2778 2777 2704
f 2705 2704 2644
f 2645 2644 2588
f 2589 2588 2482
f 2589 2645 2588
f 2588 2481 2482
f 2645 2705 2644
f 2705 2778 2704
f 2778 2850 2777
f 2936 2976 2935
f 2976 3014 2975
f 3014 3053 3013
f 3124 3161 3123
f 1473 1505 999
f 1462 999 1442
f 1462 1473 999
f 2033 2499 2016
f 2033 2050 2499
f 2499 2050 2067
f 2086 2499 2067
f 2086 2097 2499
f 2499 2097 2105
f 2114 2499 2105
f 2114 2124 2499
f 2499 2124 2741
f 2735 2499 2741
f 2499 2735 2781
f 2781 2710 2499
f 2499 2710 2657
f 2587 2499 2657
f 2124 2132 2741
f 2741 2132 2142
f 2152 2741 2142
f 2152 2164 2741
f 2741 2164 2177
f 2188 2741 2177
f 2188 2194 2741
f 2741 2194 2249
f 2736 2249 2248
f 2193 2736 2248
f 2193 2187 2736
f 2736 2187 2176
f 2163 2736 2176
f 2163 2151 2736
f 2736 2151 2141
f 2131 2736 2141
f 2131 2123 2736
f 2736 2123 2497
f 2556 2736 2497
f 2736 2556 2581
f 2606 2736 2581
f 2606 2624 2736
f 2736 2624 2684
f 2684 2709 2736
f 2736 2709 2734
f 2123 2113 2497
f 2497 2113 2104
f 2096 2497 2104
f 2096 2085 2497
f 2497 2085 2066
f 2049 2497 2066
f 2049 2032 2497
f 2497 2032 2004
f 1493 2497 2004
f 1493 997 2497
f 1493 1472 997
f 997 1472 1461
f 1441 997 1461
f 1441 1417 997
f 997 1417 1408
f 1396 997 1408
f 1396 1388 997
f 997 1388 1378
f 755 1378 1371
f 1360 755 1371
f 1360 1349 755
f 755 1349 1340
f 1324 755 1340
f 1324 1313 755
f 755 1313 1308
f 1256 755 1308
f 1256 1257 755
f 755 1257 759
f 759 1257 1309
f 1314 759 1309
f 1314 1325 759
f 759 1325 1341
f 1350 759 1341
f 1350 1361 759
f 759 1361 1372
f 1379 759 1372
f 1379 999 759
f 1379 1389 999
f 999 1389 1397
f 1409 999 1397
f 1409 1418 999
f 999 1418 1442
f 2736 2741 2249
f 2499 999 2016
f 2016 999 1505
f 900 881 999
f 999 881 818
f 779 999 818
f 759 999 779
f 762 817 755
f 817 762 778
f 817 848 755
f 880 755 848
f 925 755 880
f 997 755 925
f 997 1378 755
f 2020 1752 2075
f 2075 1752 1509
f 1509 1752 1476
f 1509 1476 1467
f 1467 1476 1458
f 1458 1421 1467
f 1467 1421 1338
f 1338 1421 1406
f 1406 1394 1338
f 1171 1394 1382
f 1128 1382 1354
f 1128 1354 1094
f 1354 1320 1094
f 1067 1320 1203
f 1067 1203 1195
f 1067 1195 1185
f 1050 1185 998
f 1050 1067 1185
f 1067 1094 1320
f 1128 1171 1382
f 1171 1338 1394
f 1185 1184 998
f 998 1184 1049
f 1049 1184 1183
f 1049 1183 1200
f 1194 1049 1200
f 1194 1080 1049
f 1080 1194 1317
f 1080 1317 1339
f 1117 1080 1339
f 1339 1353 1117
f 1127 1353 1373
f 1337 1373 1383
f 1337 1383 1405
f 1337 1405 1410
f 1407 1410 1438
f 1407 1438 1489
f 1407 1489 1488
f 1407 1337 1410
f 1337 1127 1373
f 1127 1117 1353
f 1500 1505 1487
f 1487 1505 1473
f 1462 1487 1473
f 1462 1485 1487
f 1462 1442 1485
f 1485 1442 1475
f 1475 1442 1418
f 1471 1418 1409
f 1469 1409 1464
f 1469 1471 1409
f 1409 1397 1464
f 1464 1397 1389
f 1455 1389 1379
f 1450 1379 1372
f 1448 1372 1361
f 1444 1361 1440
f 1444 1448 1361
f 1361 1350 1440
f 1440 1350 1341
f 1437 1341 1325
f 1434 1325 1314
f 1430 1314 1309
f 1427 1309 1425
f 1427 1430 1309
f 1309 1257 1425
f 1430 1434 1314
f 1434 1437 1325
f 1437 1440 1341
f 1448 1450 1372
f 1450 1455 1379
f 1455 1464 1389
f 1471 1475 1418
f 2016 1505 2010
f 2010 1505 1500
f 1256 1424 1257
f 1257 1424 1425
f 2081 2249 2079
f 2079 2249 2194
f 2188 2079 2194
f 2188 2077 2079
f 2188 2177 2077
f 2077 2177 2074
f 2074 2177 2164
f 2072 2164 2152
f 2069 2152 2063
f 2069 2072 2152
f 2152 2142 2063
f 2063 2142 2132
f 2058 2132 2124
f 2054 2124 2114
f 2052 2114 2105
f 2048 2105 2042
f 2048 2052 2105
f 2105 2097 2042
f 2042 2097 2086
f 2036 2086 2067
f 2031 2067 2050
f 2027 2050 2033
f 2025 2033 2010
f 2025 2027 2033
f 2033 2016 2010
f 2027 2031 2050
f 2031 2036 2067
f 2036 2042 2086
f 2052 2054 2114
f 2054 2058 2124
f 2058 2063 2132
f 2072 2074 2164
f 1493 1499 1472
f 1472 1499 1486
f 1484 1472 1486
f 1484 1461 1472
f 1484 1474 1461
f 1461 1474 1441
f 1441 1474 1470
f 1417 1470 1468
f 1408 1468 1396
f 1408 1417 1468
f 1468 1463 1396
f 1396 1463 1454
f 1388 1454 1449
f 1378 1449 1447
f 1371 1447 1443
f 1360 1443 1349
f 1360 1371 1443
f 1443 1439 1349
f 1349 1439 1436
f 1340 1436 1433
f 1324 1433 1429
f 1313 1429 1426
f 1308 1426 1256
f 1308 1313 1426
f 1426 1424 1256
f 1313 1324 1429
f 1324 1340 1433
f 1340 1349 1436
f 1371 1378 1447
f 1378 1388 1449
f 1388 1396 1454
f 1417 1441 1470
f 2080 2248 2081
f 2081 2248 2249
f 2009 1499 2004
f 2004 1499 1493
f 2248 2080 2193
f 2193 2080 2078
f 2076 2193 2078
f 2076 2187 2193
f 2076 2073 2187
f 2187 2073 2176
f 2176 2073 2071
f 2163 2071 2068
f 2151 2068 2141
f 2151 2163 2068
f 2068 2062 2141
f 2141 2062 2057
f 2131 2057 2053
f 2123 2053 2051
f 2113 2051 2047
f 2104 2047 2096
f 2104 2113 2047
f 2047 2041 2096
f 2096 2041 2035
f 2085 2035 2030
f 2066 2030 2026
f 2049 2026 2024
f 2032 2024 2004
f 2032 2049 2024
f 2024 2009 2004
f 2049 2066 2026
f 2066 2085 2030
f 2085 2096 2035
f 2113 2123 2051
f 2123 2131 2053
f 2131 2141 2057
f 2163 2176 2071
f 2010 1500 2025
f 2025 1500 1487
f 2027 1487 1485
f 2031 1485 1475
f 2036 1475 1471
f 2042 1471 1469
f 2048 1469 1464
f 2052 1464 1455
f 2054 1455 1450
f 2058 1450 1448
f 2063 1448 1444
f 2069 1444 1440
f 2072 1440 1437
f 2074 1437 1434
f 2077 1434 1430
f 2079 1430 1427
f 2081 1427 1425
f 2080 1425 1424
f 2078 1424 1426
f 2076 1426 1429
f 2073 1429 1433
f 2071 1433 1436
f 2068 1436 1439
f 2062 1439 1443
f 2057 1443 1447
f 2053 1447 1449
f 2051 1449 1454
f 2047 1454 1463
f 2041 1463 1468
f 2035 1468 1470
f 2030 1470 1474
f 2026 1474 1484
f 2024 1484 1486
f 2009 1486 1499
f 2009 2024 1486
f 2024 2026 1484
f 2026 2030 1474
f 2030 2035 1470
f 2035 2041 1468
f 2041 2047 1463
f 2047 2051 1454
f 2051 2053 1449
f 2053 2057 1447
f 2057 2062 1443
f 2062 2068 1439
f 2068 2071 1436
f 2071 2073 1433
f 2073 2076 1429
f 2076 2078 1426
f 2078 2080 1424
f 2080 2081 1425
f 2081 2079 1427
f 2079 2077 1430
f 2077 2074 1434
f 2074 2072 1437
f 2072 2069 1440
f 2069 2063 1444
f 2063 2058 1448
f 2058 2054 1450
f 2054 2052 1455
f 2052 2048 1464
f 2048 2042 1469
f 2042 2036 1471
f 2036 2031 1475
f 2031 2027 1485
f 2027 2025 1487
f 1159 1258 1170
f 1159 1170 1118
f 1118 1079 815
f 815 1079 942
f 942 845 627
f 430 845 784
f 784 757 288
f 288 430 784
f 430 627 845
f 627 815 942
f 815 1159 1118
f 2250 1258 2283
f 2283 1258 1159
f 767 284 757
f 757 284 288
f 3225 2739 3137
f 2739 2703 3137
f 3137 2703 2635
f 2987 3137 2635
f 2987 2635 2439
f 2439 2396 2600
f 2600 2396 2353
f 2402 2353 2283
f 2353 2250 2283
f 2402 2600 2353
f 2600 2987 2439
f 1254 1221 1151
f 1151 1221 982
f 982 1061 1151
f 1151 1061 1124
f 1078 1124 1061
f 1078 1061 704
f 870 704 844
f 870 909 704
f 704 477 844
f 783 477 307
f 767 783 307
f 307 284 767
f 783 803 477
f 803 819 477
f 819 844 477
f 909 941 704
f 941 1068 704
f 1068 1078 704
f 3220 2737 3225
f 3225 2737 2739
f 2338 1221 2246
f 2246 1221 1254
f 2737 3220 2702
f 3220 3136 2702
f 2634 2683 3136
f 2634 3136 2924
f 2420 2924 2395
f 2420 2438 2924
f 2924 2596 2395
f 2318 2596 2338
f 2318 2338 2246
f 2318 2385 2596
f 2385 2395 2596
f 2438 2562 2924
f 2562 2592 2924
f 2592 2634 2924
f 2683 2702 3136
f 1258 1259 1170
f 1170 1259 1166
f 1125 1170 1166
f 1170 1125 1116
f 1118 1116 1079
f 1116 1085 1079
f 1079 1085 1072
f 1079 1072 946
f 942 946 899
f 942 899 804
f 942 804 845
f 845 804 780
f 784 780 757
f 780 758 757
f 784 845 780
f 942 1079 946
f 1118 1170 1116
f 3225 3137 3229
f 3229 3137 3206
f 3206 3137 2987
f 3184 2987 3163
f 3184 3206 2987
f 3163 2987 3126
f 3126 2987 3094
f 3055 2987 3016
f 3055 3094 2987
f 3016 2987 2978
f 2978 2987 2938
f 2938 2987 2600
f 2895 2600 2852
f 2895 2938 2600
f 2852 2600 2780
f 2780 2600 2707
f 2647 2600 2590
f 2647 2707 2600
f 2590 2600 2516
f 2516 2600 2402
f 2516 2402 2283
f 1159 815 1015
f 1015 815 915
f 856 815 802
f 856 915 815
f 802 815 712
f 712 815 654
f 598 815 569
f 598 654 815
f 815 627 569
f 569 627 529
f 529 627 496
f 461 627 418
f 461 496 627
f 418 627 382
f 382 627 349
f 321 627 299
f 321 349 627
f 627 430 299
f 284 307 281
f 281 307 477
f 281 477 298
f 319 477 347
f 319 298 477
f 477 704 347
f 347 704 380
f 380 704 416
f 460 704 494
f 460 416 704
f 494 704 527
f 527 704 567
f 596 704 652
f 596 567 704
f 704 1061 652
f 652 1061 710
f 710 1061 800
f 854 1061 913
f 854 800 1061
f 913 1061 982
f 3221 3222 3186
f 3172 3221 3186
f 3172 3148 3221
f 3221 3148 3084
f 3083 3084 2985
f 2985 2986 2899
f 2875 2899 2786
f 2785 2786 2685
f 2785 2685 2689
f 2685 2597 2689
f 2689 2597 2443
f 2442 2443 2572
f 2442 2572 2359
f 2442 2359 2339
f 2442 2339 2215
f 2339 2216 2215
f 2442 2689 2443
f 2785 2875 2786
f 2875 2925 2899
f 2925 2985 2899
f 3083 3221 3084
f 1291 2285 1290
f 1290 2285 2284
f 2284 2285 2340
f 2340 2285 2361
f 2361 2445 2340
f 2340 2445 2601
f 2688 2340 2601
f 2601 2790 2688
f 2789 2790 2876
f 2789 2876 2928
f 2988 2928 3038
f 2988 2927 2928
f 3138 3085 3173
f 3199 3173 3226
f 3173 3227 3226
f 3199 3138 3173
f 3138 3038 3085
f 2927 2789 2928
f 2789 2688 2790
f 282 287 283
f 283 287 308
f 1220 1219 1088
f 1088 1219 1179
f 1137 1088 1179
f 1137 1087 1088
f 1088 1087 902
f 902 703 1060
f 624 703 636
f 624 636 565
f 624 565 476
f 565 498 476
f 476 498 383
f 427 383 334
f 306 334 305
f 306 305 283
f 305 282 283
f 306 427 334
f 427 476 383
f 624 1060 703
f 1060 1088 902
f 2213 1219 2214
f 2214 1219 1220
f 3219 3218 3196
f 3196 3218 3171
f 3171 3082 3196
f 3196 3082 3135
f 3135 3082 2984
f 3082 3034 2984
f 2984 3034 2966
f 2984 2966 2806
f 2874 2806 2681
f 2595 2874 2681
f 2681 2575 2595
f 2595 2575 2398
f 2399 2398 2357
f 2337 2357 2214
f 2337 2358 2357
f 2357 2213 2214
f 2358 2399 2357
f 2399 2441 2398
f 2441 2595 2398
f 2874 2984 2806
f 2401 2098 2282
f 2444 2098 2401
f 2444 2599 2098
f 2098 2599 2687
f 2788 2098 2687
f 2788 2314 2098
f 2314 2788 2926
f 3037 2314 2926
f 2314 3037 2387
f 3198 2387 3037
f 2387 3198 3224
f 2412 2387 3224
f 3196 2351 3219
f 2351 3196 3135
f 3135 2166 2351
f 2166 3135 2984
f 2984 2874 2166
f 2595 2166 2874
f 2166 2595 2441
f 2166 2441 2399
f 2358 2166 2399
f 2358 2337 2166
f 2166 2337 2115
f 2115 2337 2214
f 1088 476 1220
f 1060 476 1088
f 1060 624 476
f 427 306 1127
f 1127 306 1117
f 283 1117 306
f 283 1080 1117
f 283 1049 1080
f 283 998 1049
f 283 308 998
f 998 308 1050
f 1050 308 1067
f 1067 308 1094
f 1094 308 1128
f 337 1128 308
f 337 369 1128
f 519 1171 369
f 1171 519 626
f 626 814 1171
f 1171 814 1338
f 1338 814 904
f 1090 1338 904
f 1338 1090 1158
f 1158 1289 1338
f 1338 1289 1467
f 1467 1289 1509
f 1509 1289 2282
f 2075 1509 2282
f 1171 1128 369
f 1127 1337 427
f 427 1337 476
f 476 1337 1407
f 1488 476 1407
f 1488 1999 476
f 476 1999 1220
f 1220 1999 2214
f 2214 1999 2044
f 2115 2214 2044
f 3219 2351 2411
f 2435 3219 2411
f 2435 2498 3219
f 3219 2498 3224
f 3224 2498 2436
f 3224 2436 2412
f 2282 2098 2075
f 2450 2449 2630
f 2630 2449 2568
f 2725 2630 2568
f 2725 2726 2630
f 2725 2858 2726
f 2726 2858 2859
f 2859 2858 2942
f 2943 2942 3022
f 3023 3022 3129
f 3023 2943 3022
f 3022 3056 3129
f 3129 3056 3261
f 3262 3261 3305
f 3306 3305 3329
f 3330 3329 3359
f 3360 3359 3384
f 3360 3330 3359
f 3359 3336 3384
f 3384 3336 3415
f 3416 3415 3446
f 3447 3446 3469
f 3470 3469 3486
f 3482 3486 3499
f 3482 3470 3486
f 3486 3498 3499
f 3470 3447 3469
f 3447 3416 3446
f 3416 3384 3415
f 3330 3306 3329
f 3306 3262 3305
f 3262 3129 3261
f 2943 2859 2942
f 3498 3500 3499
f 3499 3500 3501
f 3501 3500 3487
f 3487 3500 3485
f 3471 3487 3485
f 3471 3472 3487
f 3471 3448 3472
f 3472 3448 3449
f 3449 3448 3417
f 3418 3417 3385
f 3386 3385 3361
f 3386 3418 3385
f 3385 3368 3361
f 3361 3368 3331
f 3332 3331 3307
f 3308 3307 3263
f 3264 3263 3130
f 3131 3130 3024
f 3131 3264 3130
f 3130 3058 3024
f 3024 3058 2944
f 2945 2944 2860
f 2861 2860 2727
f 2728 2727 2631
f 2621 2631 2548
f 2621 2728 2631
f 2631 2547 2548
f 2728 2861 2727
f 2861 2945 2860
f 2945 3024 2944
f 3264 3308 3263
f 3308 3332 3307
f 3332 3361 3331
f 3418 3449 3417
f 3227 3222 3226
f 3226 3222 3221
f 1512 1513 1991
f 1990 1512 1991
f 1991 2548 1998
f 1991 1513 2548
f 2548 1513 1047
f 1047 1513 1511
f 1046 1511 1510
f 1997 1046 1510
f 1997 2547 1046
f 1997 1998 2547
f 2547 1998 2548
f 1046 1047 1511
f 2738 2740 2737
f 2737 2740 2739
f 2739 2740 2694
f 2739 2694 2703
f 2703 2694 2662
f 2635 2703 2662
f 2635 2662 2577
f 2635 2577 2448
f 2439 2448 2424
f 2439 2424 2396
f 2424 2392 2396
f 2396 2392 2364
f 2353 2364 2319
f 2353 2319 2250
f 2319 2251 2250
f 2353 2396 2364
f 2439 2635 2448
f 2251 1259 2250
f 2250 1259 1258
f 2482 2338 2596
f 2482 2596 2589
f 2645 2596 2705
f 2645 2589 2596
f 2596 2924 2705
f 2705 2924 2778
f 2778 2924 2850
f 2893 2924 2936
f 2893 2850 2924
f 2936 2924 2976
f 2976 2924 3014
f 3053 2924 3092
f 3053 3014 2924
f 2924 3136 3092
f 3092 3136 3124
f 3124 3136 3161
f 3182 3136 3204
f 3182 3161 3136
f 3204 3136 3217
f 3220 3217 3136
f 430 291 299
f 299 291 362
f 320 299 362
f 320 321 299
f 320 348 321
f 321 348 349
f 349 348 381
f 382 381 417
f 418 417 461
f 418 382 417
f 417 422 461
f 461 422 495
f 496 495 528
f 529 528 568
f 569 568 597
f 598 597 654
f 598 569 597
f 597 653 654
f 654 653 711
f 712 711 801
f 802 801 855
f 856 855 914
f 915 914 1015
f 915 856 914
f 914 1014 1015
f 856 802 855
f 802 712 801
f 712 654 711
f 569 529 568
f 529 496 528
f 496 461 495
f 382 349 381
f 281 280 284
f 284 280 291
f 288 291 430
f 288 284 291
f 982 981 913
f 913 981 912
f 853 913 912
f 853 854 913
f 853 799 854
f 854 799 800
f 800 799 709
f 710 709 651
f 652 651 596
f 652 710 651
f 651 595 596
f 596 595 566
f 567 566 526
f 527 526 493
f 494 493 459
f 460 459 416
f 460 494 459
f 459 415 416
f 416 415 379
f 380 379 346
f 347 346 318
f 319 318 297
f 298 297 281
f 298 319 297
f 297 280 281
f 319 347 318
f 347 380 346
f 380 416 379
f 494 527 493
f 527 567 526
f 567 596 566
f 710 800 709
f 2482 2481 2338
f 2338 2481 981
f 1221 981 982
f 1221 2338 981

