# https://github.com/mikedh/trimesh
v -0.88000000 -0.89999998 -0.25999999
v -0.88000000 -0.89999998 0.20999999
v -0.88000000 0.77999997 -0.25999999
v -0.88000000 0.77999997 0.20999999
v -0.87995178 -0.89999998 -0.26098016
v -0.87995178 0.77999997 -0.26098016
v -0.87990355 -0.89999998 0.21196041
v -0.87990355 0.77999997 0.21196041
v -0.87980783 -0.89999998 -0.26195091
v -0.87980783 0.77999997 -0.26195091
v -0.87977242 -0.90615380 0.21123119
v -0.87977242 0.78615379 0.21123119
v -0.87961578 -0.89999998 0.21390179
v -0.87961578 0.77999997 0.21390179
v -0.87956941 -0.89999998 -0.26290286
v -0.87956941 0.77999997 -0.26290286
v -0.87951845 -0.90980178 -0.25999999
v -0.87951845 -0.90980178 0.20999999
v -0.87951845 0.78980178 -0.25999999
v -0.87951845 0.78980178 0.20999999
v -0.87947035 -0.90613520 0.21367501
v -0.87947035 0.78613520 0.21367501
v -0.87923884 -0.89999998 -0.26382685
v -0.87923884 0.77999997 -0.26382685
v -0.87922317 -0.91228640 -0.26061562
v -0.87922317 0.79228640 -0.26061562
v -0.87913877 -0.89999998 0.21580559
v -0.87913877 0.77999997 0.21580559
v -0.87907302 -0.91226798 -0.26183748
v -0.87907302 0.79226798 -0.26183748
v -0.87887102 -0.90609819 0.21606301
v -0.87887102 0.78609818 0.21606301
v -0.87881923 -0.89999998 -0.26471397
v -0.87881923 0.77999997 -0.26471397
v -0.87877500 -0.91223097 -0.26303151
v -0.87877500 0.79223096 -0.26303151
v -0.87847763 -0.89999998 0.21765362
v -0.87847763 0.77999997 0.21765362
v -0.87833357 -0.91217643 -0.26417962
v -0.87833357 0.79217643 -0.26417962
v -0.87831461 -0.89999998 -0.26555571
v -0.87831461 0.77999997 -0.26555571
v -0.87825996 -0.91836798 0.21123119
v -0.87825996 0.79836798 0.21123119
v -0.87807864 -0.91950899 -0.25999999
v -0.87807864 -0.91950899 0.20999999
v -0.87807864 0.79950899 -0.25999999
v -0.87807864 0.79950899 0.20999999
v -0.87798315 -0.90604341 0.21835919
v -0.87798315 0.78604341 0.21835919
v -0.87796259 -0.91831237 0.21367501
v -0.87796259 0.79831237 0.21367501
v -0.87775558 -0.91210479 -0.26526433
v -0.87775558 0.79210478 -0.26526433
v -0.87773019 -0.89999998 -0.26634392
v -0.87773019 0.77999997 -0.26634392
v -0.87763840 -0.89999998 0.21942799
v -0.87763840 0.77999997 0.21942799
v -0.87737221 -0.91820198 0.21606301
v -0.87737221 0.79820198 0.21606301
v -0.87707102 -0.89999998 -0.26707107
v -0.87707102 0.77999997 -0.26707107
v -0.87704962 -0.91201735 -0.26626924
v -0.87704962 0.79201734 -0.26626924
v -0.87696123 -0.92438680 -0.26061562
v -0.87696123 0.80438685 -0.26061562
v -0.87682039 -0.90597159 0.22052860
v -0.87682039 0.78597158 0.22052860
v -0.87681460 -0.92434984 -0.26183748
v -0.87681460 0.80434984 -0.26183748
v -0.87662941 -0.89999998 0.22111142
v -0.87662941 0.77999997 0.22111142
v -0.87652344 -0.92427659 -0.26303151
v -0.87652344 0.80427659 -0.26303151
v -0.87649781 -0.91803861 0.21835919
v -0.87649781 0.79803866 0.21835919
v -0.87634397 -0.89999998 -0.26773012
v -0.87634397 0.77999997 -0.26773012
v -0.87622643 -0.91191542 -0.26717913
v -0.87622643 0.79191542 -0.26717913
v -0.87609202 -0.92416817 -0.26417962
v -0.87609202 0.80416816 -0.26417962
v -0.87569398 -0.92902839 -0.25999999
v -0.87569398 -0.92902839 0.20999999
v -0.87569398 0.80902839 -0.25999999
v -0.87569398 0.80902839 0.20999999
v -0.87555581 -0.89999998 -0.26831469
v -0.87555581 0.77999997 -0.26831469
v -0.87552720 -0.92402601 -0.26526433
v -0.87552720 0.80402601 -0.26526433
v -0.87546021 -0.89999998 0.22268780
v -0.87546021 0.77999997 0.22268780
v -0.87540036 -0.90588403 0.22253841
v -0.87540036 0.78588402 0.22253841
v -0.87535262 -0.91782463 0.22052860
v -0.87535262 0.79782462 0.22052860
v -0.87529862 -0.91180062 -0.26798016
v -0.87529862 0.79180062 -0.26798016
v -0.87525803 -0.93030381 0.21123119
v -0.87525803 0.81030381 0.21123119
v -0.87496966 -0.93021202 0.21367501
v -0.87496966 0.81021202 0.21367501
v -0.87483716 -0.92385262 -0.26626924
v -0.87483716 0.80385262 -0.26626924
v -0.87471396 -0.89999998 -0.26881921
v -0.87471396 0.77999997 -0.26881921
v -0.87439746 -0.93002999 0.21606301
v -0.87439746 0.81002998 0.21606301
v -0.87428004 -0.91167444 -0.26866025
v -0.87428004 0.79167444 -0.26866025
v -0.87414223 -0.89999998 0.22414219
v -0.87414223 0.77999997 0.22414219
v -0.87403280 -0.92365021 -0.26717913
v -0.87403280 0.80365020 -0.26717913
v -0.87395418 -0.91756302 0.22253841
v -0.87395418 0.79756302 0.22253841
v -0.87382680 -0.89999998 -0.26923880
v -0.87382680 0.77999997 -0.26923880
v -0.87374461 -0.90578198 0.22435822
v -0.87374461 0.78578204 0.22435822
v -0.87354958 -0.92976022 0.21835919
v -0.87354958 0.80976021 0.21835919
v -0.87322962 -0.93611741 -0.26061562
v -0.87322962 0.81611741 -0.26061562
v -0.87318617 -0.91153902 -0.26920906
v -0.87318617 0.79153901 -0.26920906
v -0.87312597 -0.92342216 -0.26798016
v -0.87312597 0.80342215 -0.26798016
v -0.87308836 -0.93606263 -0.26183748
v -0.87308836 0.81606263 -0.26183748
v -0.87290281 -0.89999998 -0.26956940
v -0.87290281 0.77999997 -0.26956940
v -0.87280840 -0.93595421 -0.26303151
v -0.87280840 0.81595421 -0.26303151
v -0.87268782 -0.89999998 0.22546020
v -0.87268782 0.77999997 0.22546020
v -0.87243956 -0.92940718 0.22052860
v -0.87243956 0.80940717 0.22052860
v -0.87239355 -0.93579364 -0.26417962
v -0.87239355 0.81579363 -0.26417962
v -0.87238801 -0.93826842 -0.25999999
v -0.87238801 -0.93826842 0.20999999
v -0.87238801 0.81826842 -0.25999999
v -0.87238801 0.81826842 0.20999999
v -0.87232339 -0.91725820 0.22435822
v -0.87232339 0.79725820 0.22435822
v -0.87213081 -0.92317176 -0.26866025
v -0.87213081 0.80317175 -0.26866025
v -0.87203377 -0.91139621 -0.26961824
v -0.87203377 0.79139620 -0.26961824
v -0.87195098 -0.89999998 -0.26980785
v -0.87195098 0.77999997 -0.26980785
v -0.87187797 -0.90566683 0.22596039
v -0.87187797 0.78566682 0.22596039
v -0.87185061 -0.93558294 -0.26526433
v -0.87185061 0.81558299 -0.26526433
v -0.87118721 -0.93532622 -0.26626924
v -0.87118721 0.81532621 -0.26626924
v -0.87111139 -0.89999998 0.22662941
v -0.87111139 0.77999997 0.22662941
v -0.87108386 -0.92897582 0.22253841
v -0.87108386 0.80897582 0.22253841
v -0.87106180 -0.92290300 -0.26920906
v -0.87106180 0.80290300 -0.26920906
v -0.87098020 -0.89999998 -0.26995185
v -0.87098020 0.77999997 -0.26995185
v -0.87084025 -0.91124839 -0.26988167
v -0.87084025 0.79124838 -0.26988167
v -0.87081200 -0.94178015 0.21123119
v -0.87081200 0.82178015 0.21123119
v -0.87053716 -0.94165385 0.21367501
v -0.87053716 0.82165384 0.21367501
v -0.87048537 -0.91691458 0.22596039
v -0.87048537 0.79691458 0.22596039
v -0.87041384 -0.93502641 -0.26717913
v -0.87041384 0.81502640 -0.26717913
v -0.87000000 -0.89999998 -0.27000001
v -0.87000000 0.77999997 -0.27000001
v -0.86999160 -0.94140261 0.21606301
v -0.86999160 0.82140261 0.21606301
v -0.86993563 -0.92261976 -0.26961824
v -0.86993563 0.80261976 -0.26961824
v -0.86982918 -0.90554041 0.22732060
v -0.86982918 0.78554040 0.22732060
v -0.86962342 -0.91109776 -0.26999524
v -0.86962342 0.79109782 -0.26999524
v -0.86956656 -0.90882158 -0.27000001
v -0.86956656 0.78882158 -0.27000001
v -0.86954200 -0.93468881 -0.26798016
v -0.86954200 0.81468880 -0.26798016
v -0.86950278 -0.92847300 0.22435822
v -0.86950278 0.80847299 0.22435822
v -0.86942804 -0.89999998 0.22763839
v -0.86942804 0.77999997 0.22763839
v -0.86918342 -0.94103080 0.21835919
v -0.86918342 0.82103080 0.21835919
v -0.86876941 -0.92232645 -0.26988167
v -0.86876941 0.80232644 -0.26988167
v -0.86858481 -0.93431801 -0.26866025
v -0.86858481 0.81431800 -0.26866025
v -0.86846763 -0.91653740 0.22732060
v -0.86846763 0.79653740 0.22732060
v -0.86827058 -0.91755819 -0.27000001
v -0.86827058 0.79755819 -0.27000001
v -0.86819220 -0.94713956 -0.25999999
v -0.86819220 -0.94713956 0.20999999
v -0.86819220 0.82713962 -0.25999999
v -0.86819220 0.82713962 0.20999999
v -0.86812502 -0.94054395 0.22052860
v -0.86812502 0.82054400 0.22052860
v -0.86808455 -0.94730043 -0.26061562
v -0.86808455 0.82730043 -0.26061562
v -0.86795121 -0.94722879 -0.26183748
v -0.86795121 0.82722878 -0.26183748
v -0.86772078 -0.92790604 0.22596039
v -0.86772078 0.80790603 0.22596039
v -0.86768663 -0.94708681 -0.26303151
v -0.86768663 0.82708681 -0.26303151
v -0.86765361 -0.89999998 0.22847760
v -0.86765361 0.77999997 0.22847760
v -0.86762917 -0.90540481 0.22841820
v -0.86762917 0.78540480 0.22841820
v -0.86758041 -0.92202741 -0.26999524
v -0.86758041 0.80202746 -0.26999524
v -0.86755723 -0.93391985 -0.26920906
v -0.86755723 0.81391984 -0.26920906
v -0.86729479 -0.94687635 -0.26417962
v -0.86729479 0.82687640 -0.26417962
v -0.86683255 -0.93994939 0.22253841
v -0.86683255 0.81994939 0.22253841
v -0.86678159 -0.94660079 -0.26526433
v -0.86678159 0.82660079 -0.26526433
v -0.86647439 -0.93350035 -0.26961824
v -0.86647439 0.81350034 -0.26961824
v -0.86630082 -0.91613245 0.22841820
v -0.86630082 0.79613245 0.22841820
v -0.86615479 -0.94626421 -0.26626924
v -0.86615479 0.82626420 -0.26626924
v -0.86612457 -0.92612559 -0.27000001
v -0.86612457 0.80612558 -0.27000001
v -0.86580557 -0.89999998 0.22913879
v -0.86580557 0.77999997 0.22913879
v -0.86576480 -0.92728376 0.22732060
v -0.86576480 0.80728376 0.22732060
v -0.86542422 -0.94587183 -0.26717913
v -0.86542422 0.82587183 -0.26717913
v -0.86535281 -0.93306577 -0.26988167
v -0.86535281 0.81306577 -0.26988167
v -0.86532539 -0.93925595 0.22435822
v -0.86532539 0.81925601 0.22435822
v -0.86531121 -0.90526175 0.22923660
v -0.86531121 0.78526175 0.22923660
v -0.86498940 -0.95262319 0.21123119
v -0.86498940 0.83262324 0.21123119
v -0.86473221 -0.95246398 0.21367501
v -0.86473221 0.83246398 0.21367501
v -0.86460036 -0.94542938 -0.26798016
v -0.86460036 0.82542938 -0.26798016
v -0.86422157 -0.95214784 0.21606301
v -0.86422157 0.83214784 0.21606301
v -0.86420959 -0.93262297 -0.26999524
v -0.86420959 0.81262296 -0.26999524
v -0.86401802 -0.91570556 0.22923660
v -0.86401802 0.79570556 0.22923660
v -0.86390185 -0.89999998 0.22961578
v -0.86390185 0.77999997 0.22961578
v -0.86369622 -0.94494379 -0.26866025
v -0.86369622 0.82494378 -0.26866025
v -0.86366415 -0.92661560 0.22841820
v -0.86366415 0.80661559 0.22841820
v -0.86362666 -0.93847442 0.22596039
v -0.86362666 0.81847441 0.22596039
v -0.86346519 -0.95167941 0.21835919
v -0.86346519 0.83167940 0.21835919
v -0.86314917 -0.93444163 -0.27000001
v -0.86314917 0.81444162 -0.27000001
v -0.86314696 -0.95555705 -0.25999999
v -0.86314696 -0.95555705 0.20999999
v -0.86314696 0.83555704 -0.25999999
v -0.86314696 0.83555704 0.20999999
v -0.86291021 -0.90511382 0.22976342
v -0.86291021 0.78511381 0.22976342
v -0.86272520 -0.94442236 -0.26920906
v -0.86272520 0.82442236 -0.26920906
v -0.86247480 -0.95106620 0.22052860
v -0.86247480 0.83106619 0.22052860
v -0.86196035 -0.89999998 0.22990361
v -0.86196035 0.77999997 0.22990361
v -0.86176181 -0.93761641 0.22732060
v -0.86176181 0.81761640 0.22732060
v -0.86170220 -0.94387323 -0.26961824
v -0.86170220 0.82387322 -0.26961824
v -0.86165339 -0.91526359 0.22976342
v -0.86165339 0.79526359 0.22976342
v -0.86160421 -0.95776641 -0.26061562
v -0.86160421 0.83776641 -0.26061562
v -0.86148077 -0.95767897 -0.26183748
v -0.86148077 0.83767897 -0.26183748
v -0.86145103 -0.92591143 0.22923660
v -0.86145103 0.80591142 0.22923660
v -0.86126518 -0.95031720 0.22253841
v -0.86126518 0.83031726 0.22253841
v -0.86123556 -0.95750540 -0.26303151
v -0.86123556 0.83750540 -0.26303151
v -0.86087257 -0.95724863 -0.26417962
v -0.86087257 0.83724862 -0.26417962
v -0.86064237 -0.94330424 -0.26988167
v -0.86064237 0.82330424 -0.26988167
v -0.86046302 -0.90496278 0.22999062
v -0.86046302 0.78496277 0.22999062
v -0.86039716 -0.95691198 -0.26526433
v -0.86039716 0.83691198 -0.26526433
v -0.86000001 -0.89999998 0.23000000
v -0.86000001 0.77999997 0.23000000
v -0.85985458 -0.94944400 0.22435822
v -0.85985458 0.82944399 0.22435822
v -0.85981661 -0.95650101 -0.26626924
v -0.85981661 0.83650100 -0.26626924
v -0.85975939 -0.93669516 0.22841820
v -0.85975939 0.81669515 0.22841820
v -0.85961479 -0.90784144 0.23000000
v -0.85961479 0.78784144 0.23000000
v -0.85956240 -0.94272423 -0.26999524
v -0.85956240 0.82272422 -0.26999524
v -0.85937303 -0.94242579 -0.27000001
v -0.85937303 0.82242578 -0.27000001
v -0.85924315 -0.91481322 0.22999062
v -0.85924315 0.79481322 0.22999062
v -0.85915875 -0.92518216 0.22976342
v -0.85915875 0.80518222 0.22976342
v -0.85913962 -0.95602179 -0.26717913
v -0.85913962 0.83602178 -0.26717913
v -0.85846281 -0.91560721 0.23000000
v -0.85846281 0.79560721 0.23000000
v -0.85837638 -0.95548159 -0.26798016
v -0.85837638 0.83548158 -0.26798016
v -0.85826474 -0.94845939 0.22596039
v -0.85826474 0.82845938 0.22596039
v -0.85787857 -0.96266860 0.21123119
v -0.85787857 0.84266859 0.21123119
v -0.85764939 -0.93572444 0.22923660
v -0.85764939 0.81572443 0.22923660
v -0.85764283 -0.96247882 0.21367501
v -0.85764283 0.84247881 0.21367501
v -0.85753882 -0.95488858 -0.26866025
v -0.85753882 0.83488864 -0.26866025
v -0.85730100 -0.96343940 -0.25999999
v -0.85730100 -0.96343940 0.20999999
v -0.85730100 0.84343940 -0.25999999
v -0.85730100 0.84343940 0.20999999
v -0.85717481 -0.96210241 0.21606301
v -0.85717481 0.84210241 0.21606301
v -0.85682219 -0.92443901 0.22999062
v -0.85682219 0.80443901 0.22999062
v -0.85663915 -0.95425177 -0.26920906
v -0.85663915 0.83425176 -0.26920906
v -0.85655516 -0.92322278 0.23000000
v -0.85655516 0.80322284 0.23000000
v -0.85651964 -0.94737875 0.22732060
v -0.85651964 0.82737875 0.22732060
v -0.85648179 -0.96154457 0.21835919
v -0.85648179 0.84154457 0.21835919
v -0.85569137 -0.95358080 -0.26961824
v -0.85569137 0.83358079 -0.26961824
v -0.85557419 -0.96081442 0.22052860
v -0.85557419 0.84081441 0.22052860
v -0.85546416 -0.93471903 0.22976342
v -0.85546416 0.81471902 0.22976342
v -0.85483223 -0.95000136 -0.27000001
v -0.85483223 0.83000135 -0.27000001
v -0.85470980 -0.95288599 -0.26988167
v -0.85470980 0.83288598 -0.26988167
v -0.85464537 -0.94621843 0.22841820
v -0.85464537 0.82621843 0.22841820
v -0.85446578 -0.95992243 0.22253841
v -0.85446578 0.83992243 0.22253841
v -0.85391039 -0.93061465 0.23000000
v -0.85391039 0.81061465 0.23000000
v -0.85388678 -0.96735680 -0.26061562
v -0.85388678 0.84735680 -0.26061562
v -0.85377502 -0.96725482 -0.26183748
v -0.85377502 0.84725481 -0.26183748
v -0.85370904 -0.95217758 -0.26999524
v -0.85370904 0.83217758 -0.26999524
v -0.85355324 -0.96705264 -0.26303151
v -0.85355324 0.84705263 -0.26303151
v -0.85323679 -0.93369424 0.22999062
v -0.85323679 0.81369424 0.22999062
v -0.85322440 -0.96675277 -0.26417962
v -0.85322440 0.84675276 -0.26417962
v -0.85317338 -0.95888239 0.22435822
v -0.85317338 0.83888239 0.22435822
v -0.85279405 -0.96636039 -0.26526433
v -0.85279405 0.84636039 -0.26526433
v -0.85267085 -0.94499582 0.22923660
v -0.85267085 0.82499582 0.22923660
v -0.85226822 -0.96588117 -0.26626924
v -0.85226822 0.84588122 -0.26626924
v -0.85171640 -0.95771003 0.22596039
v -0.85171640 0.83771002 0.22596039
v -0.85165519 -0.96532243 -0.26717913
v -0.85165519 0.84532243 -0.26717913
v -0.85096443 -0.96469259 -0.26798016
v -0.85096443 0.84469259 -0.26798016
v -0.85071063 -0.97071058 -0.25999999
v -0.85071063 -0.97071058 0.20999999
v -0.85071063 0.85071063 -0.25999999
v -0.85071063 0.85071063 0.20999999
v -0.85062563 -0.94372964 0.22976342
v -0.85062563 0.82372963 0.22976342
v -0.85055381 -0.93771178 0.23000000
v -0.85055381 0.81771177 0.23000000
v -0.85020578 -0.96400100 -0.26866025
v -0.85020578 0.84400100 -0.26866025
v -0.85011721 -0.95642316 0.22732060
v -0.85011721 0.83642316 0.22732060
v -0.85000002 -0.86000001 -0.27000001
v -0.85000002 0.74000001 -0.27000001
v -0.84958702 -0.97176397 0.21123119
v -0.84958702 0.85176396 0.21123119
v -0.84957099 -0.95709538 -0.27000001
v -0.84957099 0.83709544 -0.27000001
v -0.84947038 -0.87078178 -0.27000001
v -0.84947038 0.75078177 -0.27000001
v -0.84939140 -0.96325856 -0.26920906
v -0.84939140 0.84325862 -0.26920906
v -0.84937638 -0.97154677 0.21367501
v -0.84937638 0.85154676 0.21367501
v -0.84901977 -0.86000001 -0.26995185
v -0.84901977 0.74000001 -0.26995185
v -0.84895819 -0.97111559 0.21606301
v -0.84895819 0.85111558 0.21606301
v -0.84887040 -0.86671478 -0.26995733
v -0.84887040 0.74671477 -0.26995733
v -0.84854102 -0.94243884 0.22999062
v -0.84854102 0.82243884 0.22999062
v -0.84853315 -0.96247619 -0.26961824
v -0.84853315 0.84247619 -0.26961824
v -0.84839994 -0.95504117 0.22841820
v -0.84839994 0.83504122 0.22841820
v -0.84833902 -0.97047698 0.21835919
v -0.84833902 0.85047698 0.21835919
v -0.84804899 -0.86000001 -0.26980785
v -0.84804899 0.74000001 -0.26980785
v -0.84788644 -0.88146001 -0.27000001
v -0.84788644 0.76146007 -0.27000001
v -0.84765601 -0.86664003 -0.26976848
v -0.84765601 0.74664003 -0.26976848
v -0.84764445 -0.96166605 -0.26988167
v -0.84764445 0.84166604 -0.26988167
v -0.84752798 -0.96964055 0.22052860
v -0.84752798 0.84964061 0.22052860
v -0.84722000 -0.88004303 -0.26995733
v -0.84722000 0.76004303 -0.26995733
v -0.84709716 -0.86000001 -0.26956940
v -0.84709716 0.74000001 -0.26956940
v -0.84673846 -0.96083999 -0.26999524
v -0.84673846 0.84083998 -0.26999524
v -0.84659058 -0.95358521 0.22923660
v -0.84659058 0.83358520 0.22923660
v -0.84653765 -0.96861923 0.22253841
v -0.84653765 0.84861922 0.22253841
v -0.84651756 -0.94444555 0.23000000
v -0.84651756 0.82444555 0.23000000
v -0.84647423 -0.86656702 -0.26943153
v -0.84647423 0.74656701 -0.26943153
v -0.84617317 -0.86000001 -0.26923880
v -0.84617317 0.74000001 -0.26923880
v -0.84602416 -0.87981939 -0.26976848
v -0.84602416 0.75981939 -0.26976848
v -0.84538275 -0.96742821 0.22435822
v -0.84538275 0.84742820 0.22435822
v -0.84534240 -0.86649722 -0.26895162
v -0.84534240 0.74649721 -0.26895162
v -0.84528601 -0.86000001 -0.26881921
v -0.84528601 0.74000001 -0.26881921
v -0.84526336 -0.89193135 -0.27000001
v -0.84526336 0.77193141 -0.27000001
v -0.84504938 -0.97592598 -0.26061562
v -0.84504938 0.85592598 -0.26061562
v -0.84495103 -0.97581124 -0.26183748
v -0.84495103 0.85581124 -0.26183748
v -0.84486002 -0.87960184 -0.26943153
v -0.84486002 0.75960183 -0.26943153
v -0.84475565 -0.97558320 -0.26303151
v -0.84475565 0.85558319 -0.26303151
v -0.84471655 -0.95207715 0.22976342
v -0.84471655 0.83207721 0.22976342
v -0.84446615 -0.97524542 -0.26417962
v -0.84446615 0.85524541 -0.26417962
v -0.84444422 -0.86000001 -0.26831469
v -0.84444422 0.74000001 -0.26831469
v -0.84427816 -0.86643159 -0.26833603
v -0.84427816 0.74643159 -0.26833603
v -0.84408736 -0.97480303 -0.26526433
v -0.84408736 0.85480303 -0.26526433
v -0.84408098 -0.96608579 0.22596039
v -0.84408098 0.84608579 0.22596039
v -0.84394437 -0.89306700 -0.26995733
v -0.84394437 0.77306700 -0.26995733
v -0.84374559 -0.87939340 -0.26895162
v -0.84374559 0.75939339 -0.26895162
v -0.84365600 -0.86000001 -0.26773012
v -0.84365600 0.74000001 -0.26773012
v -0.84363961 -0.96363962 -0.27000001
v -0.84363961 0.84363961 -0.27000001
v -0.84362441 -0.97426277 -0.26626924
v -0.84362441 0.85426277 -0.26626924
v -0.84343940 -0.97730100 -0.25999999
v -0.84343940 -0.97730100 0.20999999
v -0.84343940 0.85730100 -0.25999999
v -0.84343940 0.85730100 0.20999999
v -0.84329760 -0.86637121 -0.26759404
v -0.84329760 0.74637121 -0.26759404
v -0.84308481 -0.97363299 -0.26717913
v -0.84308481 0.85363299 -0.26717913
v -0.84292901 -0.86000001 -0.26707107
v -0.84292901 0.74000001 -0.26707107
v -0.84280616 -0.95054001 0.22999062
v -0.84280616 0.83054000 0.22999062
v -0.84278506 -0.89269823 -0.26976848
v -0.84278506 0.77269822 -0.26976848
v -0.84269738 -0.87919736 -0.26833603
v -0.84269738 0.75919741 -0.26833603
v -0.84265196 -0.96461195 0.22732060
v -0.84265196 0.84461194 0.22732060
v -0.84247643 -0.97292280 -0.26798016
v -0.84247643 0.85292280 -0.26798016
v -0.84241521 -0.86631685 -0.26673695
v -0.84241521 0.74631685 -0.26673695
v -0.84226984 -0.86000001 -0.26634392
v -0.84226984 0.74000001 -0.26634392
v -0.84184080 -0.95075142 0.23000000
v -0.84184080 0.83075142 0.23000000
v -0.84180880 -0.97214341 -0.26866025
v -0.84180880 0.85214341 -0.26866025
v -0.84173155 -0.87901706 -0.26759404
v -0.84173155 0.75901705 -0.26759404
v -0.84168541 -0.86000001 -0.26555571
v -0.84168541 0.74000001 -0.26555571
v -0.84165645 -0.89233917 -0.26943153
v -0.84165645 0.77233917 -0.26943153
v -0.84164482 -0.86626923 -0.26577774
v -0.84164482 0.74626923 -0.26577774
v -0.84162682 -0.90209520 -0.27000001
v -0.84162682 0.78209519 -0.27000001
v -0.84118080 -0.86000001 -0.26471397
v -0.84118080 0.74000001 -0.26471397
v -0.84111762 -0.96302962 0.22841820
v -0.84111762 0.84302962 0.22841820
v -0.84109163 -0.97130638 -0.26920906
v -0.84109163 0.85130638 -0.26920906
v -0.84099799 -0.86622941 -0.26473093
v -0.84099799 0.74622941 -0.26473093
v -0.84086281 -0.87885457 -0.26673695
v -0.84086281 0.75885463 -0.26673695
v -0.84076118 -0.86000001 -0.26382685
v -0.84076118 0.74000001 -0.26382685
v -0.84057599 -0.89199561 -0.26895162
v -0.84057599 0.77199560 -0.26895162
v -0.84048438 -0.86619759 -0.26361242
v -0.84048438 0.74619758 -0.26361242
v -0.84043062 -0.86000001 -0.26290286
v -0.84043062 0.74000001 -0.26290286
v -0.84033620 -0.97042459 -0.26961824
v -0.84033620 0.85042459 -0.26961824
v -0.84024066 -0.97977144 0.21123119
v -0.84024066 0.85977143 0.21123119
v -0.84019220 -0.86000001 -0.26195091
v -0.84019220 0.74000001 -0.26195091
v -0.84011179 -0.86617464 -0.26243913
v -0.84011179 0.74617463 -0.26243913
v -0.84010398 -0.87871259 -0.26577774
v -0.84010398 0.75871259 -0.26577774
v -0.84005821 -0.97953004 0.21367501
v -0.84005821 0.85953003 0.21367501
v -0.84004819 -0.86000001 -0.26098016
v -0.84004819 0.74000001 -0.26098016
v -0.83999997 -0.89999998 -0.15000001
v -0.83999997 -0.89999998 0.19000000
v -0.83999997 -0.86000001 -0.25999999
v -0.83999997 -0.86000001 -0.23000000
v -0.83999997 -0.86000001 0.19000000
v -0.83999997 -0.86000001 0.23000000
v -0.83999997 -0.86000001 0.25999999
v -0.83999997 0.74000001 -0.25999999
v -0.83999997 0.74000001 -0.23000000
v -0.83999997 0.74000001 0.19000000
v -0.83999997 0.74000001 0.23000000
v -0.83999997 0.74000001 0.25999999
v -0.83999997 0.77999997 -0.15000001
v -0.83999997 0.77999997 0.19000000
v -0.83995175 -0.86000001 0.26098019
v -0.83995175 0.74000001 0.26098019
v -0.83988601 -0.86616081 -0.26122889
v -0.83988601 0.74616081 -0.26122889
v -0.83980781 -0.86000001 0.26195100
v -0.83980781 0.74000001 0.26195100
v -0.83980745 -0.89999998 -0.15392068
v -0.83980745 0.77999997 -0.15392068
v -0.83979142 -0.86615503 0.26061562
v -0.83979142 0.74615502 0.26061562
v -0.83971101 -0.90588099 -0.15000001
v -0.83971101 -0.90588099 0.19000000
v -0.83971101 0.78588098 -0.15000001
v -0.83971101 0.78588098 0.19000000
v -0.83969617 -0.97905058 0.21606301
v -0.83969617 0.85905057 0.21606301
v -0.83964044 -0.86614561 0.26183739
v -0.83964044 0.74614561 0.26183739
v -0.83956939 -0.86000001 0.26290280
v -0.83956939 0.74000001 0.26290280
v -0.83956003 -0.89167219 -0.26833603
v -0.83956003 0.77167219 -0.26833603
v -0.83955359 -0.96951139 -0.26988167
v -0.83955359 0.84951138 -0.26988167
v -0.83951843 -0.86980176 -0.25999999
v -0.83951843 -0.86980176 -0.23000000
v -0.83951843 -0.86980176 0.19000000
v -0.83951843 -0.86980176 0.23000000
v -0.83951843 -0.86980176 0.25999999
v -0.83951843 0.74980181 -0.25999999
v -0.83951843 0.74980181 -0.23000000
v -0.83951843 0.74980181 0.19000000
v -0.83951843 0.74980181 0.23000000
v -0.83951843 0.74980181 0.25999999
v -0.83950078 -0.96136224 0.22923660
v -0.83950078 0.84136224 0.22923660
v -0.83946699 -0.87859362 -0.26473093
v -0.83946699 0.75859362 -0.26473093
v -0.83934057 -0.86612719 0.26303160
v -0.83934057 0.74612719 0.26303160
v -0.83924437 -0.90733600 -0.15491554
v -0.83924437 0.78733599 -0.15491554
v -0.83923882 -0.86000001 0.26382679
v -0.83923882 0.74000001 0.26382679
v -0.83923143 -0.89999998 -0.15780362
v -0.83923143 0.77999997 -0.15780362
v -0.83916020 -0.97834086 0.21835919
v -0.83916020 0.85834086 0.21835919
v -0.83909303 -0.90559000 -0.26995733
v -0.83909303 0.78558999 -0.26995733
v -0.83896101 -0.87849897 -0.26361242
v -0.83896101 0.75849897 -0.26361242
v -0.83889681 -0.86609977 0.26417962
v -0.83889681 0.74609977 0.26417962
v -0.83884722 -0.91170537 -0.15000001
v -0.83884722 -0.91170537 0.19000000
v -0.83884722 0.79170537 -0.15000001
v -0.83884722 0.79170537 0.19000000
v -0.83881921 -0.86000001 0.26471400
v -0.83881921 0.74000001 0.26471400
v -0.83875602 -0.96858042 -0.26999524
v -0.83875602 0.84858042 -0.26999524
v -0.83862358 -0.89137441 -0.26759404
v -0.83862358 0.77137446 -0.26759404
v -0.83859420 -0.87843043 -0.26243913
v -0.83859420 0.75843042 -0.26243913
v -0.83845818 -0.97741121 0.22052860
v -0.83845818 0.85741121 0.22052860
v -0.83837181 -0.87838882 -0.26122889
v -0.83837181 0.75838882 -0.26122889
v -0.83834618 -0.90722483 -0.15975654
v -0.83834618 0.78722483 -0.15975654
v -0.83831543 -0.86606377 0.26526439
v -0.83831543 0.74606377 0.26526439
v -0.83831459 -0.86000001 0.26555580
v -0.83831459 0.74000001 0.26555580
v -0.83827859 -0.87837142 0.26061562
v -0.83827859 0.75837141 0.26061562
v -0.83827758 -0.89999998 -0.16161138
v -0.83827758 0.77999997 -0.16161138
v -0.83813006 -0.87834358 0.26183739
v -0.83813006 0.75834358 0.26183739
v -0.83807862 -0.87950897 -0.25999999
v -0.83807862 -0.87950897 -0.23000000
v -0.83807862 -0.87950897 0.19000000
v -0.83807862 -0.87950897 0.23000000
v -0.83807862 -0.87950897 0.25999999
v -0.83807862 0.75950897 -0.25999999
v -0.83807862 0.75950897 -0.23000000
v -0.83807862 0.75950897 0.19000000
v -0.83807862 0.75950897 0.23000000
v -0.83807862 0.75950897 0.25999999
v -0.83798760 -0.90508139 -0.26976848
v -0.83798760 0.78508139 -0.26976848
v -0.83789384 -0.91456079 -0.15491554
v -0.83789384 0.79456079 -0.15491554
v -0.83783478 -0.87828845 0.26303160
v -0.83783478 0.75828844 0.26303160
v -0.83782637 -0.95963538 0.22976342
v -0.83782637 0.83963537 0.22976342
v -0.83778119 -0.89110643 -0.26673695
v -0.83778119 0.77110642 -0.26673695
v -0.83773017 -0.86000001 0.26634398
v -0.83773017 0.74000001 0.26634398
v -0.83760536 -0.86601996 0.26626918
v -0.83760536 0.74601996 0.26626918
v -0.83760077 -0.97627580 0.22253841
v -0.83760077 0.85627580 0.22253841
v -0.83741641 -0.91741699 -0.15000001
v -0.83741641 -0.91741699 0.19000000
v -0.83741641 0.79741699 -0.15000001
v -0.83741641 0.79741699 0.19000000
v -0.83739763 -0.87820679 0.26417962
v -0.83739763 0.75820678 0.26417962
v -0.83709544 -0.96957099 -0.27000001
v -0.83709544 0.84957099 -0.27000001
v -0.83707100 -0.86000001 0.26707101
v -0.83707100 0.74000001 0.26707101
v -0.83704585 -0.89087242 -0.26577774
v -0.83704585 0.77087241 -0.26577774
v -0.83701622 -0.91434020 -0.15975654
v -0.83701622 0.79434019 -0.15975654
v -0.83701140 -0.91185361 -0.27000001
v -0.83701140 0.79185367 -0.27000001
v -0.83695519 -0.89999998 -0.16530734
v -0.83695519 0.77999997 -0.16530734
v -0.83691180 -0.90458655 -0.26943153
v -0.83691180 0.78458655 -0.26943153
v -0.83686465 -0.90704137 -0.16444966
v -0.83686465 0.78704143 -0.16444966
v -0.83682501 -0.87809980 0.26526439
v -0.83682501 0.75809979 0.26526439
v -0.83677745 -0.86596900 0.26717919
v -0.83677745 0.74596900 0.26717919
v -0.83660102 -0.97495198 0.22435822
v -0.83660102 0.85495204 0.22435822
v -0.83656859 -0.95656860 0.23000000
v -0.83656859 0.83656859 0.23000000
v -0.83642799 -0.89067596 -0.26473093
v -0.83642799 0.77067596 -0.26473093
v -0.83634400 -0.86000001 0.26773021
v -0.83634400 0.74000001 0.26773021
v -0.83612579 -0.87796897 0.26626918
v -0.83612579 0.75796896 0.26626918
v -0.83611941 -0.95787519 0.22999062
v -0.83611941 0.83787519 0.22999062
v -0.83593780 -0.89052004 -0.26361242
v -0.83593780 0.77052003 -0.26361242
v -0.83588183 -0.90411264 -0.26895162
v -0.83588183 0.78411263 -0.26895162
v -0.83584422 -0.86591142 0.26798019
v -0.83584422 0.74591142 0.26798019
v -0.83569396 -0.88902837 -0.25999999
v -0.83569396 -0.88902837 -0.23000000
v -0.83569396 -0.88902837 0.19000000
v -0.83569396 -0.88902837 0.23000000
v -0.83569396 -0.88902837 0.25999999
v -0.83569396 0.76902843 -0.25999999
v -0.83569396 0.76902843 -0.23000000
v -0.83569396 0.76902843 0.19000000
v -0.83569396 0.76902843 0.23000000
v -0.83569396 0.76902843 0.25999999
v -0.83566558 -0.92156500 -0.15491554
v -0.83566558 0.80156499 -0.15491554
v -0.83558196 -0.89040679 -0.26243913
v -0.83558196 0.77040678 -0.26243913
v -0.83556825 -0.91397595 -0.16444966
v -0.83556825 0.79397601 -0.16444966
v -0.83555704 -0.98314697 -0.25999999
v -0.83555704 -0.98314697 0.20999999
v -0.83555704 0.86314696 -0.25999999
v -0.83555704 0.86314696 0.20999999
v -0.83555579 -0.86000001 0.26831460
v -0.83555579 0.74000001 0.26831460
v -0.83547419 -0.97345960 0.22596039
v -0.83547419 0.85345960 0.22596039
v -0.83543283 -0.92296100 -0.15000001
v -0.83543283 -0.92296100 0.19000000
v -0.83543283 0.80296099 -0.15000001
v -0.83543283 0.80296099 0.19000000
v -0.83536637 -0.89033818 -0.26122889
v -0.83536637 0.77033824 -0.26122889
v -0.83531034 -0.87781662 0.26717919
v -0.83531034 0.75781661 0.26717919
v -0.83527678 -0.89999998 -0.16885586
v -0.83527678 0.77999997 -0.16885586
v -0.83527619 -0.89030957 0.26061562
v -0.83527619 0.77030963 0.26061562
v -0.83522600 -0.98334444 -0.26061562
v -0.83522600 0.86334443 -0.26061562
v -0.83514237 -0.98321837 -0.26183748
v -0.83514237 0.86321837 -0.26183748
v -0.83513200 -0.89026362 0.26183739
v -0.83513200 0.77026361 0.26183739
v -0.83497655 -0.98296797 -0.26303151
v -0.83497655 0.86296797 -0.26303151
v -0.83491319 -0.90366697 -0.26833603
v -0.83491319 0.78366697 -0.26833603
v -0.83484578 -0.89017260 0.26303160
v -0.83484578 0.77017260 0.26303160
v -0.83482176 -0.92123801 -0.15975654
v -0.83482176 -0.90678841 -0.16892374
v -0.83482176 0.78678840 -0.16892374
v -0.83482176 0.80123800 -0.15975654
v -0.83481979 -0.86584824 0.26866019
v -0.83481979 0.74584824 0.26866019
v -0.83473086 -0.98259717 -0.26417962
v -0.83473086 0.86259723 -0.26417962
v -0.83471400 -0.86000001 0.26881921
v -0.83471400 0.74000001 0.26881921
v -0.83442199 -0.89003778 0.26417962
v -0.83442199 0.77003777 0.26417962
v -0.83440918 -0.98211157 -0.26526433
v -0.83440918 0.86211157 -0.26526433
v -0.83439142 -0.87764478 0.26798019
v -0.83439142 0.75764483 0.26798019
v -0.83423722 -0.97182161 0.22732060
v -0.83423722 0.85182160 0.22732060
v -0.83402061 -0.90325636 -0.26759404
v -0.83402061 0.78325635 -0.26759404
v -0.83401620 -0.98151863 -0.26626924
v -0.83401620 0.86151862 -0.26626924
v -0.83386683 -0.88986123 0.26526439
v -0.83386683 0.76986122 0.26526439
v -0.83382684 -0.86000001 0.26923883
v -0.83382684 0.74000001 0.26923883
v -0.83371979 -0.86578041 0.26920900
v -0.83371979 0.74578041 0.26920900
v -0.83357203 -0.91347396 -0.16892374
v -0.83357203 0.79347396 -0.16892374
v -0.83355796 -0.98082715 -0.26717913
v -0.83355796 0.86082721 -0.26717913
v -0.83342957 -0.92069876 -0.16444966
v -0.83342957 0.80069876 -0.16444966
v -0.83338243 -0.87745619 0.26866019
v -0.83338243 0.75745618 0.26866019
v -0.83325881 -0.89999998 -0.17222279
v -0.83325881 0.77999997 -0.17222279
v -0.83321762 -0.90288681 -0.26673695
v -0.83321762 0.78288680 -0.26673695
v -0.83318901 -0.88964564 0.26626918
v -0.83318901 0.76964563 0.26626918
v -0.83304161 -0.98004782 -0.26798016
v -0.83304161 0.86004782 -0.26798016
v -0.83291519 -0.92828375 -0.15000001
v -0.83291519 -0.92828375 0.19000000
v -0.83291519 0.80828375 -0.15000001
v -0.83291519 0.80828375 0.19000000
v -0.83290881 -0.97006243 0.22841820
v -0.83290881 0.85006243 0.22841820
v -0.83290285 -0.86000001 0.26956940
v -0.83290285 0.74000001 0.26956940
v -0.83273941 -0.91742182 -0.26995733
v -0.83273941 0.79742181 -0.26995733
v -0.83259362 -0.92824221 -0.15491554
v -0.83259362 0.80824220 -0.15491554
v -0.83256078 -0.86570901 0.26961818
v -0.83256078 0.74570900 0.26961818
v -0.83251643 -0.90256417 -0.26577774
v -0.83251643 0.78256416 -0.26577774
v -0.83247459 -0.97919220 -0.26866025
v -0.83247459 0.85919219 -0.26866025
v -0.83239859 -0.88939399 0.26717919
v -0.83239859 0.76939398 0.26717919
v -0.83238798 -0.89826846 -0.25999999
v -0.83238798 -0.89826846 -0.23000000
v -0.83238798 -0.89826846 0.19000000
v -0.83238798 -0.89826846 0.23000000
v -0.83238798 -0.89826846 0.25999999
v -0.83238798 0.77826846 -0.25999999
v -0.83238798 0.77826846 -0.23000000
v -0.83238798 0.77826846 0.19000000
v -0.83238798 0.77826846 0.23000000
v -0.83238798 0.77826846 0.25999999
v -0.83229899 -0.87725359 0.26920900
v -0.83229899 0.75725359 0.26920900
v -0.83224875 -0.90646982 -0.17311096
v -0.83224875 0.78646982 -0.17311096
v -0.83195096 -0.86000001 0.26980782
v -0.83195096 0.74000001 0.26980782
v -0.83192742 -0.90229338 -0.26473093
v -0.83192742 0.78229338 -0.26473093
v -0.83186579 -0.97827339 -0.26920906
v -0.83186579 0.85827339 -0.26920906
v -0.83179641 -0.92781401 -0.15975654
v -0.83179641 0.80781400 -0.15975654
v -0.83170503 -0.91678137 -0.26976848
v -0.83170503 0.79678136 -0.26976848
v -0.83151019 -0.91995519 -0.16892374
v -0.83151019 0.79995519 -0.16892374
v -0.83150917 -0.96820921 0.22923660
v -0.83150917 0.84820920 0.22923660
v -0.83150756 -0.88911057 0.26798019
v -0.83150756 0.76911056 0.26798019
v -0.83146155 -0.92111284 -0.27000001
v -0.83146155 0.80111283 -0.27000001
v -0.83146006 -0.90207815 -0.26361242
v -0.83146006 0.78207815 -0.26361242
v -0.83136040 -0.86563498 0.26988161
v -0.83136040 0.74563497 0.26988161
v -0.83122438 -0.97730535 -0.26961824
v -0.83122438 0.85730535 -0.26961824
v -0.83115762 -0.87704039 0.26961818
v -0.83115762 0.75704038 0.26961818
v -0.83112097 -0.90192223 -0.26243913
v -0.83112097 0.78192222 -0.26243913
v -0.83105779 -0.91284156 -0.17311096
v -0.83105779 0.79284155 -0.17311096
v -0.83098024 -0.86000001 0.26995179
v -0.83098024 0.74000001 0.26995179
v -0.83092040 -0.89999998 -0.17537574
v -0.83092040 0.77999997 -0.17537574
v -0.83091539 -0.90182775 -0.26122889
v -0.83091539 0.78182775 -0.26122889
v -0.83082914 -0.90178818 0.26061562
v -0.83082914 0.78178817 0.26061562
v -0.83075142 -0.96184081 0.23000000
v -0.83075142 0.84184080 0.23000000
v -0.83069819 -0.91615796 -0.26943153
v -0.83069819 0.79615802 -0.26943153
v -0.83069181 -0.90172476 0.26183739
v -0.83069181 0.78172475 0.26183739
v -0.83056021 -0.97630280 -0.26988167
v -0.83056021 0.85630280 -0.26988167
v -0.83052939 -0.88879961 0.26866019
v -0.83052939 0.76879960 0.26866019
v -0.83048105 -0.92710775 -0.16444966
v -0.83048105 0.80710775 -0.16444966
v -0.83041900 -0.90159941 0.26303160
v -0.83041900 0.78159940 0.26303160
v -0.83013654 -0.86555940 0.26999518
v -0.83013654 0.74555939 0.26999518
v -0.83005959 -0.96628958 0.22976342
v -0.83005959 0.84628958 0.22976342
v -0.83001500 -0.90141344 0.26417962
v -0.83001500 0.78141344 0.26417962
v -0.83000135 -0.97483224 -0.27000001
v -0.83000135 0.85483223 -0.27000001
v -0.82999998 -0.86000001 0.27000001
v -0.82999998 0.74000001 0.27000001
v -0.82998103 -0.98656958 0.21123119
v -0.82998103 0.86656958 0.21123119
v -0.82997543 -0.87681937 0.26988161
v -0.82997543 0.75681937 0.26988161
v -0.82988822 -0.93333417 -0.15000001
v -0.82988822 -0.93333417 0.19000000
v -0.82988822 0.81333423 -0.15000001
v -0.82988822 0.81333423 0.19000000
v -0.82988298 -0.97528100 -0.26999524
v -0.82988298 0.85528100 -0.26999524
v -0.82982981 -0.98630762 0.21367501
v -0.82982981 0.86630762 0.21367501
v -0.82973421 -0.91556096 -0.26895162
v -0.82973421 0.79556102 -0.26895162
v -0.82956660 -0.86882156 0.27000001
v -0.82956660 0.74882156 0.27000001
v -0.82952940 -0.98578745 0.21606301
v -0.82952940 0.86578745 0.21606301
v -0.82948577 -0.90116996 0.26526439
v -0.82948577 0.78116995 0.26526439
v -0.82947922 -0.88846540 0.26920900
v -0.82947922 0.76846540 0.26920900
v -0.82918477 -0.90609038 -0.17694782
v -0.82918477 0.78609037 -0.17694782
v -0.82909262 -0.91901863 -0.17311096
v -0.82909262 0.79901862 -0.17311096
v -0.82908463 -0.98501718 0.21835919
v -0.82908463 0.86501718 0.21835919
v -0.82883954 -0.90087259 0.26626918
v -0.82883954 0.78087258 0.26626918
v -0.82882762 -0.91499978 -0.26833603
v -0.82882762 0.79499978 -0.26833603
v -0.82877022 -0.87659401 0.26999518
v -0.82877022 0.75659400 0.26999518
v -0.82872438 -0.93449122 -0.15491554
v -0.82872438 0.81449121 -0.15491554
v -0.82866758 -0.92613405 -0.16892374
v -0.82866758 0.80613405 -0.16892374
v -0.82858199 -0.96433282 0.22999062
v -0.82858199 0.84433281 0.22999062
v -0.82850218 -0.98400819 0.22052860
v -0.82850218 0.86400819 0.22052860
v -0.82837260 -0.88811338 0.26961818
v -0.82837260 0.76811337 0.26961818
v -0.82828420 -0.89999998 -0.17828429
v -0.82828420 0.77999997 -0.17828429
v -0.82827055 -0.87755823 0.27000001
v -0.82827055 0.75755823 0.27000001
v -0.82819223 -0.90713960 -0.25999999
v -0.82819223 -0.90713960 -0.23000000
v -0.82819223 -0.90713960 0.19000000
v -0.82819223 -0.90713960 0.23000000
v -0.82819223 -0.90713960 0.25999999
v -0.82819223 0.78713959 -0.25999999
v -0.82819223 0.78713959 -0.23000000
v -0.82819223 0.78713959 0.19000000
v -0.82819223 0.78713959 0.23000000
v -0.82819223 0.78713959 0.25999999
v -0.82808602 -0.90052599 0.26717919
v -0.82808602 0.78052598 0.26717919
v -0.82806343 -0.91208839 -0.17694782
v -0.82806343 0.79208839 -0.17694782
v -0.82799220 -0.91448241 -0.26759404
v -0.82799220 0.79448241 -0.26759404
v -0.82798576 -0.93396842 -0.15975654
v -0.82798576 0.81396842 -0.15975654
v -0.82779086 -0.98277617 0.22253841
v -0.82779086 0.86277616 0.22253841
v -0.82724082 -0.91401720 -0.26673695
v -0.82724082 0.79401720 -0.26673695
v -0.82723665 -0.90013522 0.26798019
v -0.82723665 0.78013521 0.26798019
v -0.82722658 -0.88774878 0.26988161
v -0.82722658 0.76774877 0.26988161
v -0.82713962 -0.98819220 -0.25999999
v -0.82713962 -0.98819220 0.20999999
v -0.82713962 0.86819220 -0.25999999
v -0.82713962 0.86819220 0.20999999
v -0.82696134 -0.98133940 0.22435822
v -0.82696134 0.86133939 0.22435822
v -0.82676721 -0.93310577 -0.16444966
v -0.82676721 0.81310576 -0.16444966
v -0.82658440 -0.91361076 -0.26577774
v -0.82658440 0.79361075 -0.26577774
v -0.82638341 -0.92490739 -0.17311096
v -0.82638341 0.80490738 -0.17311096
v -0.82638061 -0.93806356 -0.15000001
v -0.82638061 -0.93806356 0.19000000
v -0.82638061 0.81806356 -0.15000001
v -0.82638061 0.81806356 0.19000000
v -0.82630420 -0.89970618 0.26866019
v -0.82630420 0.77970618 0.26866019
v -0.82621360 -0.91790318 -0.17694782
v -0.82621360 0.79790324 -0.17694782
v -0.82612455 -0.88612556 0.27000001
v -0.82612455 0.76612556 0.27000001
v -0.82605821 -0.88737702 0.26999518
v -0.82605821 0.76737702 0.26999518
v -0.82603341 -0.91326958 -0.26473093
v -0.82603341 0.79326957 -0.26473093
v -0.82602638 -0.97972000 0.22596039
v -0.82602638 0.85971999 0.22596039
v -0.82567579 -0.90565598 -0.18037620
v -0.82567579 0.78565598 -0.18037620
v -0.82559580 -0.91299880 -0.26361242
v -0.82559580 0.79299879 -0.26361242
v -0.82537580 -0.89999998 -0.18092042
v -0.82537580 0.77999997 -0.18092042
v -0.82530296 -0.89924562 0.26920900
v -0.82530296 0.77924562 0.26920900
v -0.82527864 -0.91280222 -0.26243913
v -0.82527864 0.79280221 -0.26243913
v -0.82508719 -0.93191659 -0.16892374
v -0.82508719 0.81191659 -0.16892374
v -0.82508624 -0.91268319 -0.26122889
v -0.82508624 0.79268318 -0.26122889
v -0.82503122 -0.92978317 -0.27000001
v -0.82503122 0.80978316 -0.27000001
v -0.82500559 -0.91263318 0.26061562
v -0.82500559 0.79263324 0.26061562
v -0.82499999 -0.97794223 0.22732060
v -0.82499999 0.85794222 0.22732060
v -0.82498002 -0.92838317 -0.26995733
v -0.82498002 0.80838317 -0.26995733
v -0.82487702 -0.91255361 0.26183739
v -0.82487702 0.79255366 0.26183739
v -0.82463461 -0.91122597 -0.18037620
v -0.82463461 0.79122597 -0.18037620
v -0.82462156 -0.91239542 0.26303160
v -0.82462156 0.79239541 0.26303160
v -0.82456541 -0.98949945 -0.26061562
v -0.82456541 0.86949944 -0.26061562
v -0.82449800 -0.98936403 -0.26183748
v -0.82449800 0.86936402 -0.26183748
v -0.82444555 -0.96651757 0.23000000
v -0.82444555 0.84651756 0.23000000
v -0.82436401 -0.98909497 -0.26303151
v -0.82436401 0.86909503 -0.26303151
v -0.82424796 -0.89876020 0.26961818
v -0.82424796 0.77876019 0.26961818
v -0.82424337 -0.91216141 0.26417962
v -0.82424337 0.79216141 0.26417962
v -0.82416582 -0.98869699 -0.26417962
v -0.82416582 0.86869699 -0.26417962
v -0.82411635 -0.94021744 -0.15491554
v -0.82411635 0.82021743 -0.15491554
v -0.82403219 -0.92762041 -0.26976848
v -0.82403219 0.80762041 -0.26976848
v -0.82390618 -0.98817557 -0.26526433
v -0.82390618 0.86817557 -0.26526433
v -0.82389778 -0.97603339 0.22841820
v -0.82389778 0.85603338 0.22841820
v -0.82374817 -0.91185480 0.26526439
v -0.82374817 0.79185480 0.26526439
v -0.82366318 -0.92344660 -0.17694782
v -0.82366318 0.80344659 -0.17694782
v -0.82358915 -0.98753881 -0.26626924
v -0.82358915 0.86753881 -0.26626924
v -0.82344782 -0.93960780 -0.15975654
v -0.82344782 0.81960779 -0.15975654
v -0.82321936 -0.98679620 -0.26717913
v -0.82321936 0.86679620 -0.26717913
v -0.82315534 -0.89825761 0.26988161
v -0.82315534 0.77825761 0.26988161
v -0.82314920 -0.89444160 0.27000001
v -0.82314920 0.77444160 0.27000001
v -0.82314700 -0.91555703 -0.25999999
v -0.82314700 -0.91555703 -0.23000000
v -0.82314700 -0.91555703 0.19000000
v -0.82314700 -0.91555703 0.23000000
v -0.82314700 -0.91555703 0.25999999
v -0.82314700 0.79555702 -0.25999999
v -0.82314700 0.79555702 -0.23000000
v -0.82314700 0.79555702 0.19000000
v -0.82314700 0.79555702 0.23000000
v -0.82314700 0.79555702 0.25999999
v -0.82314336 -0.91148019 0.26626918
v -0.82314336 0.79148018 0.26626918
v -0.82310957 -0.92687798 -0.26943153
v -0.82310957 0.80687797 -0.26943153
v -0.82297099 -0.93041861 -0.17311096
v -0.82297099 0.81041861 -0.17311096
v -0.82291681 -0.91662598 -0.18037620
v -0.82291681 0.79662597 -0.18037620
v -0.82280260 -0.98595917 -0.26798016
v -0.82280260 0.86595917 -0.26798016
v -0.82273656 -0.97402197 0.22923660
v -0.82273656 0.85402197 0.22923660
v -0.82243818 -0.91104364 0.26717919
v -0.82243818 0.79104364 0.26717919
v -0.82242638 -0.94242638 -0.15000001
v -0.82242638 -0.94242638 0.19000000
v -0.82242638 0.82242638 -0.15000001
v -0.82242638 0.82242638 0.19000000
v -0.82242578 -0.97937304 -0.27000001
v -0.82242578 0.85937303 -0.27000001
v -0.82234520 -0.98504061 -0.26866025
v -0.82234520 0.86504060 -0.26866025
v -0.82234442 -0.93860197 -0.16444966
v -0.82234442 0.81860197 -0.16444966
v -0.82222617 -0.92616725 -0.26895162
v -0.82222617 0.80616724 -0.26895162
v -0.82222283 -0.89999998 -0.18325879
v -0.82222283 0.77999997 -0.18325879
v -0.82204163 -0.89774519 0.26999518
v -0.82204163 0.77774519 0.26999518
v -0.82185382 -0.98405403 -0.26920906
v -0.82185382 0.86405402 -0.26920906
v -0.82177562 -0.90517306 -0.18334410
v -0.82177562 0.78517306 -0.18334410
v -0.82164323 -0.91055137 0.26798019
v -0.82164323 0.79055136 0.26798019
v -0.82153398 -0.97193879 0.22976342
v -0.82153398 0.85193878 0.22976342
v -0.82139540 -0.92549878 -0.26833603
v -0.82139540 0.80549884 -0.26833603
v -0.82133621 -0.98301435 -0.26961824
v -0.82133621 0.86301440 -0.26961824
v -0.82082319 -0.93721521 -0.16892374
v -0.82082319 -0.91026741 -0.18334410
v -0.82082319 0.79026741 -0.18334410
v -0.82082319 0.81721520 -0.16892374
v -0.82080019 -0.98193777 -0.26988167
v -0.82080019 0.86193776 -0.26988167
v -0.82077056 -0.91001099 0.26866019
v -0.82077056 0.79001099 0.26866019
v -0.82063001 -0.92488283 -0.26759404
v -0.82063001 0.80488282 -0.26759404
v -0.82054842 -0.92177397 -0.18037620
v -0.82054842 0.80177397 -0.18037620
v -0.82045096 -0.92863458 -0.17694782
v -0.82045096 0.80863458 -0.17694782
v -0.82030797 -0.96981537 0.22999062
v -0.82030797 0.84981537 0.22999062
v -0.82025385 -0.98084038 -0.26999524
v -0.82025385 0.86084038 -0.26999524
v -0.81994140 -0.92432863 -0.26673695
v -0.81994140 0.80432862 -0.26673695
v -0.81983358 -0.90943074 0.26920900
v -0.81983358 0.78943080 0.26920900
v -0.81937301 -0.90242577 0.27000001
v -0.81937301 0.78242576 0.27000001
v -0.81933999 -0.92384458 -0.26577774
v -0.81933999 0.80384463 -0.26577774
v -0.81925201 -0.91520637 -0.18334410
v -0.81925201 0.79520637 -0.18334410
v -0.81896377 -0.99205559 0.21123119
v -0.81896377 0.87205559 0.21123119
v -0.81890714 -0.93546861 -0.17311096
v -0.81890714 0.81546861 -0.17311096
v -0.81885582 -0.89999998 -0.18527687
v -0.81885582 0.77999997 -0.18527687
v -0.81884623 -0.90881956 0.26961818
v -0.81884623 0.78881955 0.26961818
v -0.81884581 -0.99177694 0.21367501
v -0.81884581 0.87177694 0.21367501
v -0.81883979 -0.94533402 -0.15491554
v -0.81883979 0.82533401 -0.15491554
v -0.81883502 -0.92343843 -0.26473093
v -0.81883502 0.80343843 -0.26473093
v -0.81861186 -0.99122381 0.21606301
v -0.81861186 0.87122381 0.21606301
v -0.81843424 -0.92311579 -0.26361242
v -0.81843424 0.80311579 -0.26361242
v -0.81826842 -0.99238801 -0.25999999
v -0.81826842 -0.99238801 0.20999999
v -0.81826842 0.87238801 -0.25999999
v -0.81826842 0.87238801 0.20999999
v -0.81826502 -0.99040461 0.21835919
v -0.81826502 0.87040460 0.21835919
v -0.81825101 -0.94464684 -0.15975654
v -0.81825101 0.82464683 -0.15975654
v -0.81814337 -0.92288178 -0.26243913
v -0.81814337 0.80288178 -0.26243913
v -0.81806356 -0.94638062 -0.15000001
v -0.81806356 -0.94638062 0.19000000
v -0.81806356 0.82638061 -0.15000001
v -0.81806356 0.82638061 0.19000000
v -0.81796724 -0.92273980 -0.26122889
v -0.81796724 0.80273980 -0.26122889
v -0.81789321 -0.92268044 0.26061562
v -0.81789321 0.80268043 0.26061562
v -0.81782377 -0.90818644 0.26988161
v -0.81782377 0.78818643 0.26988161
v -0.81781095 -0.98933184 0.22052860
v -0.81781095 0.86933184 0.22052860
v -0.81778181 -0.93778181 -0.27000001
v -0.81778181 0.81778181 -0.27000001
v -0.81777543 -0.92258561 0.26183739
v -0.81777543 0.80258560 0.26183739
v -0.81771177 -0.97055382 0.23000000
v -0.81771177 0.85055381 0.23000000
v -0.81756520 -0.92659181 -0.18037620
v -0.81756520 0.80659181 -0.18037620
v -0.81754279 -0.90464884 -0.18580654
v -0.81754279 0.78464884 -0.18580654
v -0.81754142 -0.92239738 0.26303160
v -0.81754142 0.80239737 0.26303160
v -0.81730103 -0.92343938 -0.25999999
v -0.81730103 -0.92343938 -0.23000000
v -0.81730103 -0.92343938 0.19000000
v -0.81730103 -0.92343938 0.23000000
v -0.81730103 -0.92343938 0.25999999
v -0.81730103 0.80343938 -0.25999999
v -0.81730103 0.80343938 -0.23000000
v -0.81730103 0.80343938 0.19000000
v -0.81730103 0.80343938 0.23000000
v -0.81730103 0.80343938 0.25999999
v -0.81727982 -0.94351304 -0.16444966
v -0.81727982 0.82351303 -0.16444966
v -0.81725639 -0.98802161 0.22253841
v -0.81725639 0.86802161 0.22253841
v -0.81719500 -0.92211860 0.26417962
v -0.81719500 0.80211860 0.26417962
v -0.81708580 -0.91991460 -0.18334410
v -0.81708580 0.79991460 -0.18334410
v -0.81678140 -0.90754098 0.26999518
v -0.81678140 0.78754097 0.26999518
v -0.81674117 -0.92175341 0.26526439
v -0.81674117 0.80175340 0.26526439
v -0.81668699 -0.90922719 -0.18580654
v -0.81668699 0.78922725 -0.18580654
v -0.81662560 -0.93338859 -0.17694782
v -0.81662560 0.81338859 -0.17694782
v -0.81660980 -0.98649400 0.22435822
v -0.81660980 0.86649400 0.22435822
v -0.81618696 -0.92130738 0.26626918
v -0.81618696 0.80130738 0.26626918
v -0.81594038 -0.94194978 -0.16892374
v -0.81594038 0.82194978 -0.16892374
v -0.81593239 -0.93830800 -0.26995733
v -0.81593239 0.81830806 -0.26995733
v -0.81588084 -0.98477179 0.22596039
v -0.81588084 0.86477178 0.22596039
v -0.81554061 -0.92078745 0.26717919
v -0.81554061 0.80078745 0.26717919
v -0.81530738 -0.89999998 -0.18695517
v -0.81530738 0.77999997 -0.18695517
v -0.81527495 -0.91366559 -0.18580654
v -0.81527495 0.79366565 -0.18580654
v -0.81508535 -0.93743438 -0.26976848
v -0.81508535 0.81743437 -0.26976848
v -0.81508082 -0.98288137 0.22732060
v -0.81508082 0.86288142 0.22732060
v -0.81483221 -0.91000140 0.27000001
v -0.81483221 0.79000139 0.27000001
v -0.81481218 -0.92020118 0.26798019
v -0.81481218 0.80020118 0.26798019
v -0.81444162 -0.98314917 -0.27000001
v -0.81444162 0.86314917 -0.27000001
v -0.81435740 -0.92432123 -0.18334410
v -0.81435740 0.80432123 -0.18334410
v -0.81426102 -0.93658417 -0.26943153
v -0.81426102 0.81658417 -0.26943153
v -0.81425363 -0.93998098 -0.17311096
v -0.81425363 0.81998098 -0.17311096
v -0.81422156 -0.98085159 0.22841820
v -0.81422156 0.86085159 0.22841820
v -0.81401259 -0.93100661 -0.18037620
v -0.81401259 -0.91955781 0.26866019
v -0.81401259 0.79955781 0.26866019
v -0.81401259 0.81100661 -0.18037620
v -0.81347185 -0.93577039 -0.26895162
v -0.81347185 0.81577039 -0.26895162
v -0.81333423 -0.94988823 -0.15000001
v -0.81333423 -0.94988823 0.19000000
v -0.81333423 0.82988822 -0.15000001
v -0.81333423 0.82988822 0.19000000
v -0.81332815 -0.91789705 -0.18580654
v -0.81332815 0.79789704 -0.18580654
v -0.81331617 -0.97871280 0.22923660
v -0.81331617 0.85871279 0.22923660
v -0.81322920 -0.99429762 -0.26061562
v -0.81322920 0.87429762 -0.26061562
v -0.81317878 -0.99415481 -0.26183748
v -0.81317878 0.87415481 -0.26183748
v -0.81315398 -0.91886681 0.26920900
v -0.81315398 0.79886681 0.26920900
v -0.81307900 -0.99387163 -0.26303151
v -0.81307900 0.87387162 -0.26303151
v -0.81304175 -0.90409142 -0.18772618
v -0.81304175 0.78409141 -0.18772618
v -0.81297439 -0.94976342 -0.15491554
v -0.81297439 0.82976341 -0.15491554
v -0.81293124 -0.99345225 -0.26417962
v -0.81293124 0.87345225 -0.26417962
v -0.81273758 -0.99290282 -0.26526433
v -0.81273758 0.87290281 -0.26526433
v -0.81272960 -0.93500483 -0.26833603
v -0.81272960 0.81500483 -0.26833603
v -0.81250119 -0.99223185 -0.26626924
v -0.81250119 0.87223184 -0.26626924
v -0.81247461 -0.94900900 -0.15975654
v -0.81247461 0.82900900 -0.15975654
v -0.81237864 -0.97649759 0.22976342
v -0.81237864 0.85649759 0.22976342
v -0.81228858 -0.90812105 -0.18772618
v -0.81228858 0.78812104 -0.18772618
v -0.81224936 -0.91813880 0.26961818
v -0.81224936 0.79813880 0.26961818
v -0.81224477 -0.93763644 -0.17694782
v -0.81224477 0.81763643 -0.17694782
v -0.81222558 -0.99144959 -0.26717913
v -0.81222558 0.87144959 -0.26717913
v -0.81204557 -0.93429941 -0.26759404
v -0.81204557 0.81429940 -0.26759404
v -0.81191480 -0.99056762 -0.26798016
v -0.81191480 0.87056762 -0.26798016
v -0.81164980 -0.94776446 -0.16444966
v -0.81164980 0.82776445 -0.16444966
v -0.81161141 -0.89999998 -0.18827762
v -0.81161141 0.77999997 -0.18827762
v -0.81157380 -0.98959959 -0.26866025
v -0.81157380 0.86959958 -0.26866025
v -0.81143022 -0.93366480 -0.26673695
v -0.81143022 0.81366479 -0.26673695
v -0.81142306 -0.97423959 0.22999062
v -0.81142306 0.85423958 0.22999062
v -0.81131220 -0.91738480 0.26988161
v -0.81131220 0.79738480 0.26988161
v -0.81120741 -0.98856020 -0.26920906
v -0.81120741 0.86856019 -0.26920906
v -0.81110817 -0.92835897 -0.18334410
v -0.81110817 0.80835897 -0.18334410
v -0.81104600 -0.91202718 -0.18772618
v -0.81104600 0.79202724 -0.18772618
v -0.81089300 -0.93311083 -0.26577774
v -0.81089300 0.81311083 -0.26577774
v -0.81087637 -0.92185700 -0.18580654
v -0.81087637 0.80185699 -0.18580654
v -0.81082135 -0.98746496 -0.26961824
v -0.81082135 0.86746496 -0.26961824
v -0.81071061 -0.93071061 -0.25999999
v -0.81071061 -0.93071061 -0.23000000
v -0.81071061 -0.93071061 0.19000000
v -0.81071061 -0.93071061 0.23000000
v -0.81071061 -0.93071061 0.25999999
v -0.81071061 0.81071061 -0.25999999
v -0.81071061 0.81071061 -0.23000000
v -0.81071061 0.81071061 0.19000000
v -0.81071061 0.81071061 0.23000000
v -0.81071061 0.81071061 0.25999999
v -0.81061465 -0.97391039 0.23000000
v -0.81061465 0.85391039 0.23000000
v -0.81051302 -0.94604856 -0.16892374
v -0.81051302 0.82604861 -0.16892374
v -0.81044179 -0.93264544 -0.26473093
v -0.81044179 0.81264544 -0.26473093
v -0.81042182 -0.98633057 -0.26988167
v -0.81042182 0.86633056 -0.26988167
v -0.81035721 -0.91661620 0.26999518
v -0.81035721 0.79661620 0.26999518
v -0.81008339 -0.93227601 -0.26361242
v -0.81008339 0.81227601 -0.26361242
v -0.81001419 -0.98517442 -0.26999524
v -0.81001419 0.86517441 -0.26999524
v -0.81000000 -0.86000001 0.27000001
v -0.81000000 0.74000001 0.27000001
v -0.80994463 -0.93495142 -0.18037620
v -0.80994463 0.81495142 -0.18037620
v -0.80982363 -0.93200797 -0.26243913
v -0.80982363 0.81200796 -0.26243913
v -0.80978316 -0.94503123 -0.27000001
v -0.80978316 0.82503122 -0.27000001
v -0.80966622 -0.93184561 -0.26122889
v -0.80966622 0.81184560 -0.26122889
v -0.80966300 -0.86686116 0.27000001
v -0.80966300 0.74686122 0.27000001
v -0.80960023 -0.93177760 0.26061562
v -0.80960023 0.81177759 0.26061562
v -0.80957103 -0.91709542 0.27000001
v -0.80957103 0.79709542 0.27000001
v -0.80949479 -0.93166900 0.26183739
v -0.80949479 0.81166899 0.26183739
v -0.80933261 -0.91575122 -0.18772618
v -0.80933261 0.79575121 -0.18772618
v -0.80928582 -0.93145341 0.26303160
v -0.80928582 0.81145340 0.26303160
v -0.80908084 -0.94388741 -0.17311096
v -0.80908084 0.82388741 -0.17311096
v -0.80902839 -0.99569398 -0.25999999
v -0.80902839 -0.99569398 0.20999999
v -0.80902839 0.87569398 -0.25999999
v -0.80902839 0.87569398 0.20999999
v -0.80901980 -0.86000001 0.26995179
v -0.80901980 0.74000001 0.26995179
v -0.80897623 -0.93113405 0.26417962
v -0.80897623 0.81113404 0.26417962
v -0.80894625 -0.86425239 0.26995739
v -0.80894625 0.74425238 0.26995739
v -0.80865502 -0.87365639 0.27000001
v -0.80865502 0.75365639 0.27000001
v -0.80857080 -0.93071580 0.26526439
v -0.80857080 0.81071579 0.26526439
v -0.80834085 -0.90350938 -0.18907395
v -0.80834085 0.78350937 -0.18907395
v -0.80828375 -0.95291519 -0.15000001
v -0.80828375 -0.95291519 0.19000000
v -0.80828375 0.83291519 -0.15000001
v -0.80828375 0.83291519 0.19000000
v -0.80807543 -0.93020523 0.26626918
v -0.80807543 0.81020522 0.26626918
v -0.80804902 -0.86000001 0.26980782
v -0.80804902 0.74000001 0.26980782
v -0.80795640 -0.92548561 -0.18580654
v -0.80795640 0.80548561 -0.18580654
v -0.80790120 -0.87269300 0.26995739
v -0.80790120 0.75269300 0.26995739
v -0.80780357 -0.89999998 -0.18923143
v -0.80780357 0.77999997 -0.18923143
v -0.80773199 -0.86417764 0.26976842
v -0.80773199 0.74417764 0.26976842
v -0.80769479 -0.90696561 -0.18907395
v -0.80769479 0.78696561 -0.18907395
v -0.80749804 -0.92960984 0.26717919
v -0.80749804 0.80960983 0.26717919
v -0.80738759 -0.93196678 -0.18334410
v -0.80738759 0.81196678 -0.18334410
v -0.80737543 -0.94131362 -0.17694782
v -0.80737543 0.82131362 -0.17694782
v -0.80735606 -0.99614602 0.21123119
v -0.80735606 0.87614602 0.21123119
v -0.80727315 -0.99585503 0.21367501
v -0.80727315 0.87585503 0.21367501
v -0.80717462 -0.91923660 -0.18772618
v -0.80717462 0.79923660 -0.18772618
v -0.80710876 -0.99527740 0.21606301
v -0.80710876 0.87527740 0.21606301
v -0.80709720 -0.86000001 0.26956940
v -0.80709720 0.74000001 0.26956940
v -0.80698580 -0.88031995 0.27000001
v -0.80698580 0.76031995 0.27000001
v -0.80686539 -0.99442178 0.21835919
v -0.80686539 0.87442178 0.21835919
v -0.80684721 -0.92893839 0.26798019
v -0.80684721 0.80893838 0.26798019
v -0.80670518 -0.87246943 0.26976842
v -0.80670518 0.75246942 0.26976842
v -0.80662900 -0.91031599 -0.18907395
v -0.80662900 0.79031599 -0.18907395
v -0.80660921 -0.95343840 -0.15491554
v -0.80660921 0.83343840 -0.15491554
v -0.80654997 -0.86410463 0.26943162
v -0.80654997 0.74410462 0.26943162
v -0.80654639 -0.99330115 0.22052860
v -0.80654639 0.87330115 0.22052860
v -0.80620581 -0.95262837 -0.15975654
v -0.80620581 0.83262843 -0.15975654
v -0.80617315 -0.86000001 0.26923883
v -0.80617315 0.74000001 0.26923883
v -0.80615723 -0.99193281 0.22253841
v -0.80615723 0.87193280 0.22253841
v -0.80613279 -0.92820162 0.26866019
v -0.80613279 0.80820161 0.26866019
v -0.80612558 -0.98612458 -0.27000001
v -0.80612558 0.86612457 -0.27000001
v -0.80582654 -0.88094103 0.26995739
v -0.80582654 0.76094103 0.26995739
v -0.80573380 -0.94704556 -0.26995733
v -0.80573380 0.82704562 -0.26995733
v -0.80570322 -0.99033719 0.22435822
v -0.80570322 0.87033725 0.22435822
v -0.80554122 -0.87225181 0.26943162
v -0.80554122 0.75225180 0.26943162
v -0.80554038 -0.95129180 -0.16444966
v -0.80554038 0.83129179 -0.16444966
v -0.80542237 -0.93836641 -0.18037620
v -0.80542237 0.81836641 -0.18037620
v -0.80541837 -0.86403483 0.26895159
v -0.80541837 0.74403483 0.26895159
v -0.80536538 -0.92741042 0.26920900
v -0.80536538 0.80741042 0.26920900
v -0.80528605 -0.86000001 0.26881921
v -0.80528605 0.74000001 0.26881921
v -0.80519140 -0.98853856 0.22596039
v -0.80519140 0.86853862 0.22596039
v -0.80515939 -0.91351020 -0.18907395
v -0.80515939 0.79351020 -0.18907395
v -0.80500060 -0.94607460 -0.26976848
v -0.80500060 0.82607460 -0.26976848
v -0.80467165 -0.88678777 0.27000001
v -0.80467165 0.76678777 0.27000001
v -0.80466723 -0.88057220 0.26976842
v -0.80466723 0.76057220 0.26976842
v -0.80462956 -0.98656440 0.22732060
v -0.80462956 0.86656439 0.22732060
v -0.80462283 -0.94944924 -0.16892374
v -0.80462283 0.82944924 -0.16892374
v -0.80461258 -0.92872804 -0.18580654
v -0.80461258 0.80872804 -0.18580654
v -0.80460477 -0.92243022 -0.18772618
v -0.80460477 0.80243021 -0.18772618
v -0.80455720 -0.92657679 0.26961818
v -0.80455720 0.80657679 0.26961818
v -0.80444419 -0.86000001 0.26831460
v -0.80444419 0.74000001 0.26831460
v -0.80442655 -0.87204337 0.26895159
v -0.80442655 0.75204337 0.26895159
v -0.80435401 -0.86396921 0.26833600
v -0.80435401 0.74396920 0.26833600
v -0.80428702 -0.94512963 -0.26943153
v -0.80428702 0.82512963 -0.26943153
v -0.80402642 -0.98444420 0.22841820
v -0.80402642 0.86444420 0.22841820
v -0.80392057 -0.89999998 -0.18980737
v -0.80392057 0.77999997 -0.18980737
v -0.80371976 -0.92571318 0.26988161
v -0.80371976 0.80571318 0.26988161
v -0.80365598 -0.86000001 0.26773021
v -0.80365598 0.74000001 0.26773021
v -0.80363959 -0.92363960 0.27000001
v -0.80363959 0.80363959 0.27000001
v -0.80360359 -0.94422477 -0.26895162
v -0.80360359 0.82422477 -0.26895162
v -0.80353880 -0.88021314 0.26943162
v -0.80353880 0.76021314 0.26943162
v -0.80351120 -0.90291137 -0.18982936
v -0.80351120 0.78291136 -0.18982936
v -0.80346715 -0.94712836 -0.17311096
v -0.80346715 0.82712835 -0.17311096
v -0.80343938 -0.93730104 -0.25999999
v -0.80343938 -0.93730104 -0.23000000
v -0.80343938 -0.93730104 0.19000000
v -0.80343938 -0.93730104 0.23000000
v -0.80343938 -0.93730104 0.25999999
v -0.80343938 0.81730103 -0.25999999
v -0.80343938 0.81730103 -0.23000000
v -0.80343938 0.81730103 0.19000000
v -0.80343938 0.81730103 0.23000000
v -0.80343938 0.81730103 0.25999999
v -0.80339080 -0.98221040 0.22923660
v -0.80339080 0.86221039 0.22923660
v -0.80337858 -0.87184739 0.26833600
v -0.80337858 0.75184739 0.26833600
v -0.80337340 -0.86390877 0.26759398
v -0.80337340 0.74390876 0.26759398
v -0.80330843 -0.91649961 -0.18907395
v -0.80330843 0.79649961 -0.18907395
v -0.80325156 -0.93509018 -0.18334410
v -0.80325156 0.81509018 -0.18334410
v -0.80322284 -0.97655517 0.23000000
v -0.80322284 0.85655516 0.23000000
v -0.80297524 -0.90577841 -0.18982936
v -0.80297524 0.78577840 -0.18982936
v -0.80296099 -0.95543283 -0.15000001
v -0.80296099 -0.95543283 0.19000000
v -0.80296099 -0.94337404 -0.26833603
v -0.80296099 0.82337403 -0.26833603
v -0.80296099 0.83543283 -0.15000001
v -0.80296099 0.83543283 0.19000000
v -0.80292898 -0.86000001 0.26707101
v -0.80292898 0.74000001 0.26707101
v -0.80286634 -0.92483324 0.26999518
v -0.80286634 0.80483323 0.26999518
v -0.80275434 -0.88887161 0.26995739
v -0.80275434 0.76887161 0.26995739
v -0.80273265 -0.97989678 0.22976342
v -0.80273265 0.85989678 0.22976342
v -0.80249125 -0.86385435 0.26673698
v -0.80249125 0.74385434 0.26673698
v -0.80245841 -0.87986940 0.26895159
v -0.80245841 0.75986940 0.26895159
v -0.80241281 -0.87166703 0.26759398
v -0.80241281 0.75166702 0.26759398
v -0.80236900 -0.94258982 -0.26759404
v -0.80236900 0.82258981 -0.26759404
v -0.80226982 -0.86000001 0.26634398
v -0.80226982 0.74000001 0.26634398
v -0.80209100 -0.94436461 -0.17694782
v -0.80209100 -0.90855795 -0.18982936
v -0.80209100 0.78855795 -0.18982936
v -0.80209100 0.82436460 -0.17694782
v -0.80206162 -0.97753835 0.22999062
v -0.80206162 0.85753840 0.22999062
v -0.80183619 -0.94188440 -0.26673695
v -0.80183619 0.82188439 -0.26673695
v -0.80173439 -0.89299780 0.27000001
v -0.80173439 0.77299780 0.27000001
v -0.80172080 -0.86380678 0.26577783
v -0.80172080 0.74380678 0.26577783
v -0.80168539 -0.86000001 0.26555580
v -0.80168539 0.74000001 0.26555580
v -0.80166185 -0.92528379 -0.18772618
v -0.80166185 0.80528378 -0.18772618
v -0.80164903 -0.88836306 0.26976842
v -0.80164903 0.76836306 0.26976842
v -0.80154383 -0.87150460 0.26673698
v -0.80154383 0.75150460 0.26673698
v -0.80144221 -0.87954623 0.26833600
v -0.80144221 0.75954622 0.26833600
v -0.80138922 -0.99766642 -0.26061562
v -0.80138922 0.87766641 -0.26061562
v -0.80137122 -0.94126862 -0.26577774
v -0.80137122 0.82126862 -0.26577774
v -0.80135679 -0.99751860 -0.26183748
v -0.80135679 0.87751859 -0.26183748
v -0.80129260 -0.99722517 -0.26303151
v -0.80129260 0.87722516 -0.26303151
v -0.80119741 -0.99679065 -0.26417962
v -0.80119741 0.87679064 -0.26417962
v -0.80118078 -0.86000001 0.26471400
v -0.80118078 0.74000001 0.26471400
v -0.80111283 -0.95146155 -0.27000001
v -0.80111283 0.83146155 -0.27000001
v -0.80110419 -0.91923898 -0.18907395
v -0.80110419 0.79923898 -0.18907395
v -0.80107385 -0.86376703 0.26473099
v -0.80107385 0.74376702 0.26473099
v -0.80107278 -0.99622160 -0.26526433
v -0.80107278 0.87622160 -0.26526433
v -0.80098063 -0.94075119 -0.26473093
v -0.80098063 0.82075119 -0.26473093
v -0.80092055 -0.99552679 -0.26626924
v -0.80092055 0.87552679 -0.26626924
v -0.80089575 -0.93153483 -0.18580654
v -0.80089575 0.81153482 -0.18580654
v -0.80087179 -0.91120797 -0.18982936
v -0.80087179 0.79120797 -0.18982936
v -0.80078524 -0.87136275 0.26577783
v -0.80078524 0.75136274 0.26577783
v -0.80076116 -0.86000001 0.26382679
v -0.80076116 0.74000001 0.26382679
v -0.80074316 -0.99471658 -0.26717913
v -0.80074316 0.87471658 -0.26717913
v -0.80067039 -0.94034058 -0.26361242
v -0.80067039 0.82034057 -0.26361242
v -0.80057317 -0.88786817 0.26943162
v -0.80057317 0.76786822 0.26943162
v -0.80056024 -0.86373520 0.26361239
v -0.80056024 0.74373519 0.26361239
v -0.80054319 -0.99380320 -0.26798016
v -0.80054319 0.87380320 -0.26798016
v -0.80051500 -0.94119954 -0.18037620
v -0.80051500 0.82119960 -0.18037620
v -0.80050600 -0.87924844 0.26759398
v -0.80050600 0.75924844 0.26759398
v -0.80044538 -0.94004279 -0.26243913
v -0.80044538 0.82004279 -0.26243913
v -0.80043060 -0.86000001 0.26290280
v -0.80043060 0.74000001 0.26290280
v -0.80032355 -0.99280059 -0.26866025
v -0.80032355 0.87280059 -0.26866025
v -0.80030924 -0.93986219 -0.26122889
v -0.80030924 0.81986219 -0.26122889
v -0.80025202 -0.93978661 0.26061562
v -0.80025202 0.81978661 0.26061562
v -0.80019218 -0.86000001 0.26195100
v -0.80019218 0.74000001 0.26195100
v -0.80018759 -0.86371225 0.26243919
v -0.80018759 0.74371225 0.26243919
v -0.80016083 -0.93966585 0.26183739
v -0.80016083 0.81966585 0.26183739
v -0.80014801 -0.87124360 0.26473099
v -0.80014801 0.75124359 0.26473099
v -0.80008781 -0.99172401 -0.26920906
v -0.80008781 0.87172401 -0.26920906
v -0.80004823 -0.86000001 0.26098019
v -0.80004823 0.74000001 0.26098019
v -0.80000001 -0.89999998 -0.19000000
v -0.80000001 -0.86000001 0.23000000
v -0.80000001 -0.86000001 0.25999999
v -0.80000001 0.74000001 0.23000000
v -0.80000001 0.74000001 0.25999999
v -0.80000001 0.77999997 -0.19000000
v -0.79997981 -0.93942618 0.26303160
v -0.79997981 0.81942618 0.26303160
v -0.79996181 -0.86369842 0.26122880
v -0.79996181 0.74369842 0.26122880
v -0.79990357 -0.90196037 -0.19000000
v -0.79990357 0.78196037 -0.19000000
v -0.79984063 -0.95630342 -0.15491554
v -0.79984063 0.83630341 -0.15491554
v -0.79983938 -0.99058962 -0.26961824
v -0.79983938 0.87058961 -0.26961824
v -0.79971182 -0.93907118 0.26417962
v -0.79971182 0.81907117 0.26417962
v -0.79971099 -0.86588097 0.23000000
v -0.79971099 -0.86588097 0.25999999
v -0.79971099 0.74588096 0.23000000
v -0.79971099 0.74588096 0.25999999
v -0.79966360 -0.87898040 0.26673698
v -0.79966360 0.75898039 0.26673698
v -0.79964221 -0.87114900 0.26361239
v -0.79964221 0.75114900 0.26361239
v -0.79961580 -0.90390182 -0.19000000
v -0.79961580 0.78390181 -0.19000000
v -0.79958224 -0.98941481 -0.26988167
v -0.79958224 0.86941481 -0.26988167
v -0.79954320 -0.88739419 0.26895159
v -0.79954320 0.76739419 0.26895159
v -0.79953980 -0.95544982 -0.15975654
v -0.79953980 0.83544981 -0.15975654
v -0.79950899 -0.99807858 -0.25999999
v -0.79950899 -0.99807858 0.20999999
v -0.79950899 0.87807864 -0.25999999
v -0.79950899 0.87807864 0.20999999
v -0.79936081 -0.93860644 0.26526439
v -0.79936081 0.81860644 0.26526439
v -0.79933637 -0.91368783 -0.18982936
v -0.79933637 0.79368782 -0.18982936
v -0.79931974 -0.98821718 -0.26999524
v -0.79931974 0.86821717 -0.26999524
v -0.79927522 -0.87108040 0.26243919
v -0.79927522 0.75108039 0.26243919
v -0.79913878 -0.90580559 -0.19000000
v -0.79913878 0.78580558 -0.19000000
v -0.79905283 -0.87103879 0.26122880
v -0.79905283 0.75103879 0.26122880
v -0.79904360 -0.95404184 -0.16444966
v -0.79904360 0.83404183 -0.16444966
v -0.79893219 -0.93803877 0.26626918
v -0.79893219 0.81803876 0.26626918
v -0.79892802 -0.87874639 0.26577783
v -0.79892802 0.75874639 0.26577783
v -0.79884720 -0.87170541 0.23000000
v -0.79884720 -0.87170541 0.25999999
v -0.79884720 0.75170541 0.23000000
v -0.79884720 0.75170541 0.25999999
v -0.79876322 -0.93768156 -0.18334410
v -0.79876322 0.81768155 -0.18334410
v -0.79873079 -0.89636457 0.26995739
v -0.79873079 0.77636456 0.26995739
v -0.79857999 -0.92168665 -0.18907395
v -0.79857999 0.80168664 -0.18907395
v -0.79857463 -0.88694865 0.26833600
v -0.79857463 0.76694864 0.26833600
v -0.79847765 -0.90765357 -0.19000000
v -0.79847765 0.78765357 -0.19000000
v -0.79843223 -0.93737680 0.26717919
v -0.79843223 0.81737679 0.26717919
v -0.79839057 -0.92775422 -0.18772618
v -0.79839057 0.80775422 -0.18772618
v -0.79835939 -0.95210040 -0.16892374
v -0.79835939 0.83210039 -0.16892374
v -0.79831040 -0.87854981 0.26473099
v -0.79831040 0.75854981 0.26473099
v -0.79820281 -0.89889002 0.27000001
v -0.79820281 0.77889001 0.27000001
v -0.79786879 -0.93663061 0.26798019
v -0.79786879 0.81663060 0.26798019
v -0.79781997 -0.87839377 0.26361239
v -0.79781997 0.75839376 0.26361239
v -0.79769635 -0.89572406 0.26976842
v -0.79769635 0.77572405 0.26976842
v -0.79768205 -0.88653779 0.26759398
v -0.79768205 0.76653779 0.26759398
v -0.79763842 -0.90942800 -0.19000000
v -0.79763842 0.78942800 -0.19000000
v -0.79755819 -0.98827058 -0.27000001
v -0.79755819 0.86827058 -0.27000001
v -0.79750764 -0.91596037 -0.18982936
v -0.79750764 0.79596037 -0.18982936
v -0.79749781 -0.94965500 -0.17311096
v -0.79749781 0.82965499 -0.17311096
v -0.79746437 -0.87828082 0.26243919
v -0.79746437 0.75828081 0.26243919
v -0.79741699 -0.95741636 -0.15000001
v -0.79741699 -0.95741636 0.19000000
v -0.79741699 0.83741641 -0.15000001
v -0.79741699 0.83741641 0.19000000
v -0.79741639 -0.87741697 0.23000000
v -0.79741639 -0.87741697 0.25999999
v -0.79741639 0.75741696 0.23000000
v -0.79741639 0.75741696 0.25999999
v -0.79725021 -0.93581164 0.26866019
v -0.79725021 0.81581163 0.26866019
v -0.79724878 -0.87821221 0.26122880
v -0.79724878 0.75821221 0.26122880
v -0.79709542 -0.92957097 0.27000001
v -0.79709542 0.80957103 0.27000001
v -0.79687899 -0.88616836 0.26673698
v -0.79687899 0.76616836 0.26673698
v -0.79686201 -0.93386358 -0.18580654
v -0.79686201 0.81386358 -0.18580654
v -0.79668939 -0.89510065 0.26943162
v -0.79668939 0.77510065 0.26943162
v -0.79662943 -0.91111135 -0.19000000
v -0.79662943 0.79111135 -0.19000000
v -0.79658622 -0.93493217 0.26920900
v -0.79658622 0.81493217 0.26920900
v -0.79647166 -0.94674301 -0.17694782
v -0.79647166 0.82674301 -0.17694782
v -0.79617780 -0.88584578 0.26577783
v -0.79617780 0.76584578 0.26577783
v -0.79588640 -0.93400544 0.26961818
v -0.79588640 0.81400543 0.26961818
v -0.79577398 -0.92380542 -0.18907395
v -0.79577398 0.80380541 -0.18907395
v -0.79572541 -0.89450377 0.26895159
v -0.79572541 0.77450377 0.26895159
v -0.79560721 -0.97846282 0.23000000
v -0.79560721 0.85846281 0.23000000
v -0.79558885 -0.88557506 0.26473099
v -0.79558885 0.76557505 0.26473099
v -0.79555702 -0.94314694 -0.25999999
v -0.79555702 -0.94314694 -0.23000000
v -0.79555702 -0.94314694 0.19000000
v -0.79555702 -0.94314694 0.23000000
v -0.79555702 -0.94314694 0.25999999
v -0.79555702 0.82314700 -0.25999999
v -0.79555702 0.82314700 -0.23000000
v -0.79555702 0.82314700 0.19000000
v -0.79555702 0.82314700 0.23000000
v -0.79555702 0.82314700 0.25999999
v -0.79546022 -0.91268784 -0.19000000
v -0.79546022 0.79268783 -0.19000000
v -0.79543281 -0.88296098 0.23000000
v -0.79543281 -0.88296098 0.25999999
v -0.79543281 0.76296097 0.23000000
v -0.79543281 0.76296097 0.25999999
v -0.79541361 -0.91799080 -0.18982936
v -0.79541361 0.79799080 -0.18982936
v -0.79533339 -0.99877900 0.21123119
v -0.79533339 0.87877899 0.21123119
v -0.79529661 -0.94340843 -0.18037620
v -0.79529661 0.82340842 -0.18037620
v -0.79528701 -0.99848002 0.21367501
v -0.79528701 0.87848002 0.21367501
v -0.79519480 -0.99788660 0.21606301
v -0.79519480 0.87788659 0.21606301
v -0.79516160 -0.93304557 0.26988161
v -0.79516160 0.81304556 0.26988161
v -0.79512137 -0.88535982 0.26361239
v -0.79512137 0.76535982 0.26361239
v -0.79505837 -0.99700761 0.21835919
v -0.79505837 0.87700760 0.21835919
v -0.79487962 -0.99585640 0.22052860
v -0.79487962 0.87585640 0.22052860
v -0.79484040 -0.92980379 -0.18772618
v -0.79484040 0.80980378 -0.18772618
v -0.79481882 -0.89394242 0.26833600
v -0.79481882 0.77394241 0.26833600
v -0.79478240 -0.88520378 0.26243919
v -0.79478240 0.76520377 0.26243919
v -0.79466140 -0.99445039 0.22253841
v -0.79466140 0.87445039 0.22253841
v -0.79457682 -0.88510919 0.26122880
v -0.79457682 0.76510918 0.26122880
v -0.79453856 -0.95446378 -0.26995733
v -0.79453856 0.83446383 -0.26995733
v -0.79442263 -0.93206739 0.26999518
v -0.79442263 0.81206739 0.26999518
v -0.79440695 -0.99281120 0.22435822
v -0.79440695 0.87281120 0.22435822
v -0.79414225 -0.91414225 -0.19000000
v -0.79414225 0.79414225 -0.19000000
v -0.79412019 -0.99096322 0.22596039
v -0.79412019 0.87096322 0.22596039
v -0.79411077 -0.90440756 0.27000001
v -0.79411077 0.78440756 0.27000001
v -0.79399037 -0.93970180 -0.18334410
v -0.79399037 0.81970179 -0.18334410
v -0.79398364 -0.89342523 0.26759398
v -0.79398364 0.77342522 0.26759398
v -0.79393041 -0.95341003 -0.26976848
v -0.79393041 0.83341002 -0.26976848
v -0.79381680 -0.90330619 0.26995739
v -0.79381680 0.78330618 0.26995739
v -0.79380524 -0.98893476 0.22732060
v -0.79380524 0.86893481 0.22732060
v -0.79346716 -0.98675656 0.22841820
v -0.79346716 0.86675662 0.22841820
v -0.79333818 -0.95238459 -0.26943153
v -0.79333818 0.83238459 -0.26943153
v -0.79323196 -0.89295983 0.26673698
v -0.79323196 0.77295983 0.26673698
v -0.79311079 -0.98446184 0.22923660
v -0.79311079 0.86446184 0.22923660
v -0.79308599 -0.91974860 -0.18982936
v -0.79308599 0.79974860 -0.18982936
v -0.79291517 -0.88828379 0.23000000
v -0.79291517 -0.88828379 0.25999999
v -0.79291517 0.76828378 0.23000000
v -0.79291517 0.76828378 0.25999999
v -0.79286903 -0.90254343 0.26976842
v -0.79286903 0.78254342 0.26976842
v -0.79277140 -0.95140260 -0.26895162
v -0.79277140 0.83140260 -0.26895162
v -0.79277122 -0.95831484 -0.15491554
v -0.79277122 0.83831483 -0.15491554
v -0.79274201 -0.98208481 0.22976342
v -0.79274201 0.86208481 0.22976342
v -0.79272902 -0.92556345 -0.18907395
v -0.79272902 0.80556345 -0.18907395
v -0.79268783 -0.91546023 -0.19000000
v -0.79268783 0.79546022 -0.19000000
v -0.79257756 -0.95743078 -0.15975654
v -0.79257756 0.83743078 -0.15975654
v -0.79257584 -0.89255363 0.26577783
v -0.79257584 0.77255362 0.26577783
v -0.79257280 -0.93567902 -0.18580654
v -0.79257280 0.81567901 -0.18580654
v -0.79236579 -0.97966176 0.22999062
v -0.79236579 0.85966182 0.22999062
v -0.79225820 -0.95597237 -0.16444966
v -0.79225820 0.83597237 -0.16444966
v -0.79223824 -0.95047921 -0.26833603
v -0.79223824 0.83047920 -0.26833603
v -0.79202461 -0.89221239 0.26473099
v -0.79202461 0.77221239 0.26473099
v -0.79194641 -0.90180099 0.26943162
v -0.79194641 0.78180099 0.26943162
v -0.79185367 -0.95701140 -0.27000001
v -0.79185367 0.83701140 -0.27000001
v -0.79181778 -0.95396155 -0.16892374
v -0.79181778 0.83396155 -0.16892374
v -0.79174697 -0.94962823 -0.26759404
v -0.79174697 0.82962823 -0.26759404
v -0.79170537 -0.95884722 -0.15000001
v -0.79170537 -0.95884722 0.19000000
v -0.79170537 0.83884722 -0.15000001
v -0.79170537 0.83884722 0.19000000
v -0.79158723 -0.89194137 0.26361239
v -0.79158723 0.77194136 0.26361239
v -0.79130501 -0.94886279 -0.26673695
v -0.79130501 0.82886279 -0.26673695
v -0.79126984 -0.89174497 0.26243919
v -0.79126984 0.77174497 0.26243919
v -0.79126322 -0.95142901 -0.17311096
v -0.79126322 0.83142900 -0.17311096
v -0.79111135 -0.91662943 -0.19000000
v -0.79111135 0.79662943 -0.19000000
v -0.79107744 -0.89162582 0.26122880
v -0.79107744 0.77162582 0.26122880
v -0.79106539 -0.93140161 -0.18772618
v -0.79106539 0.81140161 -0.18772618
v -0.79106301 -0.90109015 0.26895159
v -0.79106301 0.78109014 0.26895159
v -0.79091907 -0.94819444 -0.26577774
v -0.79091907 0.82819444 -0.26577774
v -0.79060256 -0.94841301 -0.17694782
v -0.79060256 0.82841301 -0.17694782
v -0.79059500 -0.94763297 -0.26473093
v -0.79059500 0.82763296 -0.26473093
v -0.79055977 -0.92120695 -0.18982936
v -0.79055977 0.80120695 -0.18982936
v -0.79033762 -0.94718742 -0.26361242
v -0.79033762 0.82718742 -0.26361242
v -0.79023218 -0.90042186 0.26833600
v -0.79023218 0.78042185 0.26833600
v -0.79015100 -0.94686419 -0.26243913
v -0.79015100 0.82686418 -0.26243913
v -0.79003775 -0.94666815 -0.26122889
v -0.79003775 0.82666814 -0.26122889
v -0.79000139 -0.93483222 0.27000001
v -0.79000139 0.81483221 0.27000001
v -0.78999060 -0.94658625 0.26061562
v -0.78999060 0.82658625 0.26061562
v -0.78991479 -0.94645500 0.26183739
v -0.78991479 0.82645500 0.26183739
v -0.78988820 -0.89333421 0.23000000
v -0.78988820 -0.89333421 0.25999999
v -0.78988820 0.77333421 0.23000000
v -0.78988820 0.77333421 0.25999999
v -0.78984618 -0.94495916 -0.18037620
v -0.78984618 0.82495916 -0.18037620
v -0.78980178 -0.99951845 -0.25999999
v -0.78980178 -0.99951845 0.20999999
v -0.78980178 0.87951845 -0.25999999
v -0.78980178 0.87951845 0.20999999
v -0.78976476 -0.94619501 0.26303160
v -0.78976476 0.82619500 0.26303160
v -0.78954238 -0.94580978 0.26417962
v -0.78954238 0.82580978 0.26417962
v -0.78949738 -0.90949738 0.27000001
v -0.78949738 0.78949738 0.27000001
v -0.78949118 -0.92693400 -0.18907395
v -0.78949118 0.80693400 -0.18907395
v -0.78946680 -0.89980584 0.26759398
v -0.78946680 0.77980584 0.26759398
v -0.78942800 -0.91763842 -0.19000000
v -0.78942800 0.79763842 -0.19000000
v -0.78925103 -0.94530541 0.26526439
v -0.78925103 0.82530540 0.26526439
v -0.78922498 -0.99955457 -0.26061562
v -0.78922498 0.87955457 -0.26061562
v -0.78921121 -0.99940377 -0.26183748
v -0.78921121 0.87940377 -0.26183748
v -0.78918344 -0.99910474 -0.26303151
v -0.78918344 0.87910479 -0.26303151
v -0.78914237 -0.99866205 -0.26417962
v -0.78914237 0.87866205 -0.26417962
v -0.78908861 -0.99808198 -0.26526433
v -0.78908861 0.87808198 -0.26526433
v -0.78902298 -0.99737358 -0.26626924
v -0.78902298 0.87737358 -0.26626924
v -0.78900546 -0.94111997 -0.18334410
v -0.78900546 0.82112002 -0.18334410
v -0.78894639 -0.99654776 -0.26717913
v -0.78894639 0.87654775 -0.26717913
v -0.78889543 -0.94468939 0.26626918
v -0.78889543 0.82468939 0.26626918
v -0.78886014 -0.99561685 -0.26798016
v -0.78886014 0.87561685 -0.26798016
v -0.78882158 -0.98956656 -0.27000001
v -0.78882158 0.86956656 -0.27000001
v -0.78877825 -0.89925164 0.26673698
v -0.78877825 0.77925164 0.26673698
v -0.78876543 -0.99459481 -0.26866025
v -0.78876543 0.87459481 -0.26866025
v -0.78866380 -0.99349737 -0.26920906
v -0.78866380 0.87349737 -0.26920906
v -0.78855658 -0.99234098 -0.26961824
v -0.78855658 0.87234098 -0.26961824
v -0.78848058 -0.94397104 0.26717919
v -0.78848058 0.82397103 0.26717919
v -0.78844559 -0.99114341 -0.26988167
v -0.78844559 0.87114340 -0.26988167
v -0.78833258 -0.98992276 -0.26999524
v -0.78833258 0.86992282 -0.26999524
v -0.78817677 -0.89876777 0.26577783
v -0.78817677 0.77876776 0.26577783
v -0.78809303 -0.93695378 -0.18580654
v -0.78809303 0.81695384 -0.18580654
v -0.78808701 -0.90959138 0.26995739
v -0.78808701 0.78959137 0.26995739
v -0.78801322 -0.94316119 0.26798019
v -0.78801322 0.82316118 0.26798019
v -0.78787374 -0.92234397 -0.18982936
v -0.78787374 0.80234396 -0.18982936
v -0.78784144 -0.97961479 0.23000000
v -0.78784144 0.85961479 0.23000000
v -0.78767180 -0.89836144 0.26473099
v -0.78767180 0.77836144 0.26473099
v -0.78765357 -0.91847765 -0.19000000
v -0.78765357 0.79847765 -0.19000000
v -0.78750002 -0.94227242 0.26866019
v -0.78750002 0.82227242 0.26866019
v -0.78727096 -0.89803880 0.26361239
v -0.78727096 0.77803880 0.26361239
v -0.78724021 -0.90871805 0.26976842
v -0.78724021 0.78871804 0.26976842
v -0.78713959 -0.94819224 -0.25999999
v -0.78713959 -0.94819224 -0.23000000
v -0.78713959 -0.94819224 0.19000000
v -0.78713959 -0.94819224 0.23000000
v -0.78713959 -0.94819224 0.25999999
v -0.78713959 0.82819223 -0.25999999
v -0.78713959 0.82819223 -0.23000000
v -0.78713959 0.82819223 0.19000000
v -0.78713959 0.82819223 0.23000000
v -0.78713959 0.82819223 0.25999999
v -0.78712279 -0.93252343 -0.18772618
v -0.78712279 0.81252342 -0.18772618
v -0.78698021 -0.89780480 0.26243919
v -0.78698021 0.77780479 0.26243919
v -0.78694898 -0.94131798 0.26920900
v -0.78694898 0.82131797 0.26920900
v -0.78680384 -0.89766294 0.26122880
v -0.78680384 0.77766299 0.26122880
v -0.78641582 -0.90786779 0.26943162
v -0.78641582 0.78786778 0.26943162
v -0.78638059 -0.89806360 0.23000000
v -0.78638059 -0.89806360 0.25999999
v -0.78638059 0.77806360 0.23000000
v -0.78638059 0.77806360 0.25999999
v -0.78636843 -0.94031221 0.26961818
v -0.78636843 0.82031220 0.26961818
v -0.78610939 -0.92789620 -0.18907395
v -0.78610939 0.80789620 -0.18907395
v -0.78588098 -0.95971102 -0.15000001
v -0.78588098 -0.95971102 0.19000000
v -0.78588098 0.83971101 -0.15000001
v -0.78588098 0.83971101 0.19000000
v -0.78580558 -0.91913879 -0.19000000
v -0.78580558 0.79913878 -0.19000000
v -0.78576696 -0.93927062 0.26988161
v -0.78576696 0.81927061 0.26988161
v -0.78562635 -0.90705383 0.26895159
v -0.78562635 0.78705382 0.26895159
v -0.78550822 -0.95944220 -0.15491554
v -0.78550822 0.83944219 -0.15491554
v -0.78542459 -0.95854104 -0.15975654
v -0.78542459 0.83854103 -0.15975654
v -0.78528678 -0.95705438 -0.16444966
v -0.78528678 0.83705437 -0.16444966
v -0.78515404 -0.93820900 0.26999518
v -0.78515404 0.81820899 0.26999518
v -0.78509694 -0.95500481 -0.16892374
v -0.78509694 0.83500481 -0.16892374
v -0.78506821 -0.92314219 -0.18982936
v -0.78506821 0.80314219 -0.18982936
v -0.78488421 -0.90628839 0.26833600
v -0.78488421 0.78628838 0.26833600
v -0.78485781 -0.95242316 -0.17311096
v -0.78485781 0.83242315 -0.17311096
v -0.78457284 -0.94934899 -0.17694782
v -0.78457284 0.82934898 -0.17694782
v -0.78440756 -0.91411078 0.27000001
v -0.78440756 0.79411077 0.27000001
v -0.78424662 -0.94582838 -0.18037620
v -0.78424662 0.82582837 -0.18037620
v -0.78420019 -0.90558296 0.26759398
v -0.78420019 0.78558296 0.26759398
v -0.78390181 -0.91961581 -0.19000000
v -0.78390181 0.79961580 -0.19000000
v -0.78388399 -0.94191498 -0.18334410
v -0.78388399 0.82191497 -0.18334410
v -0.78358483 -0.90494841 0.26673698
v -0.78358483 0.78494841 0.26673698
v -0.78349036 -0.93766820 -0.18580654
v -0.78349036 0.81766820 -0.18580654
v -0.78307837 -0.99991465 0.21123119
v -0.78307837 0.87991464 0.21123119
v -0.78307199 -0.93315226 -0.18772618
v -0.78307199 0.81315225 -0.18772618
v -0.78306901 -0.99961221 0.21367501
v -0.78306901 0.87961221 0.21367501
v -0.78305060 -0.99901175 0.21606301
v -0.78305060 0.87901175 0.21606301
v -0.78304762 -0.90439421 0.26577783
v -0.78304762 0.78439420 0.26577783
v -0.78302324 -0.99812281 0.21835919
v -0.78302324 0.87812281 0.21835919
v -0.78298724 -0.99695837 0.22052860
v -0.78298724 0.87695837 0.22052860
v -0.78294343 -0.99553621 0.22253841
v -0.78294343 0.87553620 0.22253841
v -0.78289241 -0.99387819 0.22435822
v -0.78289241 0.87387818 0.22435822
v -0.78283477 -0.99200898 0.22596039
v -0.78283477 0.87200898 0.22596039
v -0.78277159 -0.98995745 0.22732060
v -0.78277159 0.86995745 0.22732060
v -0.78270364 -0.98775399 0.22841820
v -0.78270364 0.86775398 0.22841820
v -0.78263497 -0.92843556 -0.18907395
v -0.78263497 0.80843562 -0.18907395
v -0.78263223 -0.98543280 0.22923660
v -0.78263223 0.86543280 0.22923660
v -0.78259641 -0.90392900 0.26473099
v -0.78259641 0.78392899 0.26473099
v -0.78255796 -0.98302841 0.22976342
v -0.78255796 0.86302841 0.22976342
v -0.78251678 -0.96044999 -0.26995733
v -0.78251678 0.84044999 -0.26995733
v -0.78248262 -0.98057765 0.22999062
v -0.78248262 0.86057764 0.22999062
v -0.78242636 -0.90242636 0.23000000
v -0.78242636 -0.90242636 0.25999999
v -0.78242636 0.78242636 0.23000000
v -0.78242636 0.78242636 0.25999999
v -0.78242576 -0.93937302 0.27000001
v -0.78242576 0.81937301 0.27000001
v -0.78223825 -0.90355957 0.26361239
v -0.78223825 0.78355956 0.26361239
v -0.78218597 -0.92358965 -0.18982936
v -0.78218597 0.80358964 -0.18982936
v -0.78209519 -0.96162683 -0.27000001
v -0.78209519 0.84162682 -0.27000001
v -0.78204262 -0.95932937 -0.26976848
v -0.78204262 0.83932936 -0.26976848
v -0.78197825 -0.90329164 0.26243919
v -0.78197825 0.78329164 0.26243919
v -0.78196037 -0.91990358 -0.19000000
v -0.78196037 0.79990357 -0.19000000
v -0.78182083 -0.90312922 0.26122880
v -0.78182083 0.78312922 0.26122880
v -0.78162843 -0.91512483 0.26995739
v -0.78162843 0.79512483 0.26995739
v -0.78158098 -0.95823896 -0.26943153
v -0.78158098 0.83823895 -0.26943153
v -0.78113902 -0.95719481 -0.26895162
v -0.78113902 0.83719480 -0.26895162
v -0.78089523 -0.91415399 0.26976842
v -0.78089523 0.79415399 0.26976842
v -0.78072339 -0.95621276 -0.26833603
v -0.78072339 0.83621275 -0.26833603
v -0.78034043 -0.95530802 -0.26759404
v -0.78034043 0.83530802 -0.26759404
v -0.78018159 -0.91320902 0.26943162
v -0.78018159 0.79320902 0.26943162
v -0.77999997 -1.00000000 -0.25999999
v -0.77999997 -1.00000000 0.20999999
v -0.77999997 -0.99995178 -0.26098016
v -0.77999997 -0.99990356 0.21196041
v -0.77999997 -0.99980783 -0.26195091
v -0.77999997 -0.99961579 0.21390179
v -0.77999997 -0.99956942 -0.26290286
v -0.77999997 -0.99923879 -0.26382685
v -0.77999997 -0.99913877 0.21580559
v -0.77999997 -0.99881917 -0.26471397
v -0.77999997 -0.99847764 0.21765362
v -0.77999997 -0.99831462 -0.26555571
v -0.77999997 -0.99773020 -0.26634392
v -0.77999997 -0.99763840 0.21942799
v -0.77999997 -0.99707103 -0.26707107
v -0.77999997 -0.99662942 0.22111142
v -0.77999997 -0.99634397 -0.26773012
v -0.77999997 -0.99555582 -0.26831469
v -0.77999997 -0.99546021 0.22268780
v -0.77999997 -0.99471396 -0.26881921
v -0.77999997 -0.99414223 0.22414219
v -0.77999997 -0.99382681 -0.26923880
v -0.77999997 -0.99290282 -0.26956940
v -0.77999997 -0.99268782 0.22546020
v -0.77999997 -0.99195099 -0.26980785
v -0.77999997 -0.99111140 0.22662941
v -0.77999997 -0.99098021 -0.26995185
v -0.77999997 -0.99000001 -0.27000001
v -0.77999997 -0.98942804 0.22763839
v -0.77999997 -0.98765355 0.22847760
v -0.77999997 -0.98580557 0.22913879
v -0.77999997 -0.98390180 0.22961578
v -0.77999997 -0.98196036 0.22990361
v -0.77999997 -0.98000002 0.23000000
v -0.77999997 -0.95999998 -0.15000001
v -0.77999997 -0.95999998 0.19000000
v -0.77999997 -0.95980746 -0.15392068
v -0.77999997 -0.95923144 -0.15780362
v -0.77999997 -0.95827758 -0.16161138
v -0.77999997 -0.95695519 -0.16530734
v -0.77999997 -0.95527679 -0.16885586
v -0.77999997 -0.95325881 -0.17222279
v -0.77999997 -0.95092040 -0.17537574
v -0.77999997 -0.94828421 -0.17828429
v -0.77999997 -0.94537580 -0.18092042
v -0.77999997 -0.94222283 -0.18325879
v -0.77999997 -0.93885583 -0.18527687
v -0.77999997 -0.93530738 -0.18695517
v -0.77999997 -0.93161142 -0.18827762
v -0.77999997 -0.92780358 -0.18923143
v -0.77999997 -0.92392057 -0.18980737
v -0.77999997 -0.92000002 -0.19000000
v -0.77999997 -0.80000001 -0.23000000
v -0.77999997 0.68000001 -0.23000000
v -0.77999997 0.80000001 -0.19000000
v -0.77999997 0.80392057 -0.18980737
v -0.77999997 0.80780357 -0.18923143
v -0.77999997 0.81161141 -0.18827762
v -0.77999997 0.81530738 -0.18695517
v -0.77999997 0.81885582 -0.18527687
v -0.77999997 0.82222283 -0.18325879
v -0.77999997 0.82537580 -0.18092042
v -0.77999997 0.82828420 -0.17828429
v -0.77999997 0.83092040 -0.17537574
v -0.77999997 0.83325881 -0.17222279
v -0.77999997 0.83527678 -0.16885586
v -0.77999997 0.83695519 -0.16530734
v -0.77999997 0.83827758 -0.16161138
v -0.77999997 0.83923143 -0.15780362
v -0.77999997 0.83980745 -0.15392068
v -0.77999997 0.83999997 -0.15000001
v -0.77999997 0.83999997 0.19000000
v -0.77999997 0.86000001 0.23000000
v -0.77999997 0.86196035 0.22990361
v -0.77999997 0.86390185 0.22961578
v -0.77999997 0.86580557 0.22913879
v -0.77999997 0.86765361 0.22847760
v -0.77999997 0.86942804 0.22763839
v -0.77999997 0.87000000 -0.27000001
v -0.77999997 0.87098020 -0.26995185
v -0.77999997 0.87111139 0.22662941
v -0.77999997 0.87195098 -0.26980785
v -0.77999997 0.87268782 0.22546020
v -0.77999997 0.87290281 -0.26956940
v -0.77999997 0.87382680 -0.26923880
v -0.77999997 0.87414223 0.22414219
v -0.77999997 0.87471396 -0.26881921
v -0.77999997 0.87546021 0.22268780
v -0.77999997 0.87555581 -0.26831469
v -0.77999997 0.87634397 -0.26773012
v -0.77999997 0.87662941 0.22111142
v -0.77999997 0.87707102 -0.26707107
v -0.77999997 0.87763840 0.21942799
v -0.77999997 0.87773019 -0.26634392
v -0.77999997 0.87831461 -0.26555571
v -0.77999997 0.87847763 0.21765362
v -0.77999997 0.87881923 -0.26471397
v -0.77999997 0.87913877 0.21580559
v -0.77999997 0.87923884 -0.26382685
v -0.77999997 0.87956941 -0.26290286
v -0.77999997 0.87961578 0.21390179
v -0.77999997 0.87980783 -0.26195091
v -0.77999997 0.87990355 0.21196041
v -0.77999997 0.87995178 -0.26098016
v -0.77999997 0.88000000 -0.25999999
v -0.77999997 0.88000000 0.20999999
v -0.77999580 -0.95449400 -0.26673695
v -0.77999580 0.83449399 -0.26673695
v -0.77969497 -0.95378321 -0.26577774
v -0.77969497 0.83378321 -0.26577774
v -0.77951843 -0.80980182 -0.23000000
v -0.77951843 0.68980181 -0.23000000
v -0.77949822 -0.91230422 0.26895159
v -0.77949822 0.79230422 0.26895159
v -0.77944237 -0.95318639 -0.26473093
v -0.77944237 0.83318639 -0.26473093
v -0.77924180 -0.95271242 -0.26361242
v -0.77924180 0.83271241 -0.26361242
v -0.77909636 -0.95236862 -0.26243913
v -0.77909636 0.83236861 -0.26243913
v -0.77900815 -0.95216042 -0.26122889
v -0.77900815 0.83216041 -0.26122889
v -0.77897120 -0.95207298 0.26061562
v -0.77897120 0.83207297 0.26061562
v -0.77891219 -0.95193380 0.26183739
v -0.77891219 0.83193380 0.26183739
v -0.77889001 -0.91820282 0.27000001
v -0.77889001 0.79820281 0.27000001
v -0.77885556 -0.91145319 0.26833600
v -0.77885556 0.79145318 0.26833600
v -0.77879518 -0.95165718 0.26303160
v -0.77879518 0.83165717 0.26303160
v -0.77862185 -0.95124763 0.26417962
v -0.77862185 0.83124763 0.26417962
v -0.77839476 -0.95071119 0.26526439
v -0.77839476 0.83071119 0.26526439
v -0.77826846 -0.95238799 -0.25999999
v -0.77826846 -0.95238799 -0.23000000
v -0.77826846 -0.95238799 0.19000000
v -0.77826846 -0.95238799 0.23000000
v -0.77826846 -0.95238799 0.25999999
v -0.77826846 0.83238798 -0.25999999
v -0.77826846 0.83238798 -0.23000000
v -0.77826846 0.83238798 0.19000000
v -0.77826846 0.83238798 0.23000000
v -0.77826846 0.83238798 0.25999999
v -0.77826363 -0.91066915 0.26759398
v -0.77826363 0.79066920 0.26759398
v -0.77811736 -0.95005602 0.26626918
v -0.77811736 0.83005601 0.26626918
v -0.77807862 -0.81950897 -0.23000000
v -0.77807862 0.69950897 -0.23000000
v -0.77806360 -0.90638059 0.23000000
v -0.77806360 -0.90638059 0.25999999
v -0.77806360 0.78638059 0.23000000
v -0.77806360 0.78638059 0.25999999
v -0.77779418 -0.94929224 0.26717919
v -0.77779418 0.82929224 0.26717919
v -0.77773100 -0.90996385 0.26673698
v -0.77773100 0.78996384 0.26673698
v -0.77742982 -0.94843119 0.26798019
v -0.77742982 0.82843119 0.26798019
v -0.77726579 -0.90934777 0.26577783
v -0.77726579 0.78934777 0.26577783
v -0.77702957 -0.94748598 0.26866019
v -0.77702957 0.82748598 0.26866019
v -0.77687526 -0.90883058 0.26473099
v -0.77687526 0.78883058 0.26473099
v -0.77660006 -0.94647104 0.26920900
v -0.77660006 0.82647103 0.26920900
v -0.77656502 -0.90842003 0.26361239
v -0.77656502 0.78842002 0.26361239
v -0.77634001 -0.90812200 0.26243919
v -0.77634001 0.78812200 0.26243919
v -0.77620375 -0.90794158 0.26122880
v -0.77620375 0.78794158 0.26122880
v -0.77614737 -0.94540161 0.26961818
v -0.77614737 0.82540160 0.26961818
v -0.77569395 -0.82902837 -0.23000000
v -0.77569395 0.70902842 -0.23000000
v -0.77567863 -0.94429398 0.26988161
v -0.77567863 0.82429397 0.26988161
v -0.77520078 -0.94316500 0.26999518
v -0.77520078 0.82316500 0.26999518
v -0.77453858 -0.91982275 0.26995739
v -0.77453858 0.79982275 0.26995739
v -0.77444160 -0.94314921 0.27000001
v -0.77444160 0.82314920 0.27000001
v -0.77393043 -0.91876900 0.26976842
v -0.77393043 0.79876900 0.26976842
v -0.77333814 -0.91774362 0.26943162
v -0.77333814 0.79774362 0.26943162
v -0.77333421 -0.90988821 0.23000000
v -0.77333421 -0.90988821 0.25999999
v -0.77333421 0.78988820 0.23000000
v -0.77333421 0.78988820 0.25999999
v -0.77299780 -0.92173439 0.27000001
v -0.77299780 0.80173439 0.27000001
v -0.77277136 -0.91676164 0.26895159
v -0.77277136 0.79676163 0.26895159
v -0.77238798 -0.83826846 -0.23000000
v -0.77238798 0.71826845 -0.23000000
v -0.77223825 -0.91583818 0.26833600
v -0.77223825 0.79583818 0.26833600
v -0.77193141 -0.96526337 -0.27000001
v -0.77193141 0.84526336 -0.27000001
v -0.77174699 -0.91498721 0.26759398
v -0.77174699 0.79498720 0.26759398
v -0.77130502 -0.91422182 0.26673698
v -0.77130502 0.79422182 0.26673698
v -0.77091902 -0.91355342 0.26577783
v -0.77091902 0.79355341 0.26577783
v -0.77059501 -0.91299200 0.26473099
v -0.77059501 0.79299200 0.26473099
v -0.77033758 -0.91254640 0.26361239
v -0.77033758 0.79254639 0.26361239
v -0.77015096 -0.91222298 0.26243919
v -0.77015096 0.79222298 0.26243919
v -0.77003777 -0.91202718 0.26122880
v -0.77003777 0.79202724 0.26122880
v -0.76985037 -0.96491343 -0.26995733
v -0.76985037 0.84491342 -0.26995733
v -0.76951736 -0.96374321 -0.26976848
v -0.76951736 0.84374321 -0.26976848
v -0.76919341 -0.96260422 -0.26943153
v -0.76919341 0.84260422 -0.26943153
v -0.76902843 -0.95569396 -0.25999999
v -0.76902843 -0.95569396 -0.23000000
v -0.76902843 -0.95569396 0.19000000
v -0.76902843 -0.95569396 0.23000000
v -0.76902843 -0.95569396 0.25999999
v -0.76902843 0.83569396 -0.25999999
v -0.76902843 0.83569396 -0.23000000
v -0.76902843 0.83569396 0.19000000
v -0.76902843 0.83569396 0.23000000
v -0.76902843 0.83569396 0.25999999
v -0.76888323 -0.96151358 -0.26895162
v -0.76888323 0.84151357 -0.26895162
v -0.76859140 -0.96048796 -0.26833603
v -0.76859140 0.84048796 -0.26833603
v -0.76832235 -0.95954299 -0.26759404
v -0.76832235 0.83954298 -0.26759404
v -0.76828378 -0.91291517 0.23000000
v -0.76828378 -0.91291517 0.25999999
v -0.76828378 0.79291517 0.23000000
v -0.76828378 0.79291517 0.25999999
v -0.76819223 -0.84713960 -0.23000000
v -0.76819223 0.72713959 -0.23000000
v -0.76808059 -0.95869279 -0.26673695
v -0.76808059 0.83869278 -0.26673695
v -0.76786941 -0.95795035 -0.26577774
v -0.76786941 0.83795035 -0.26577774
v -0.76769203 -0.95732695 -0.26473093
v -0.76769203 0.83732694 -0.26473093
v -0.76755095 -0.95683199 -0.26361242
v -0.76755095 0.83683199 -0.26361242
v -0.76744902 -0.95647299 -0.26243913
v -0.76744902 0.83647299 -0.26243913
v -0.76738703 -0.95625544 -0.26122889
v -0.76738703 0.83625543 -0.26122889
v -0.76736122 -0.95616442 0.26061562
v -0.76736122 0.83616441 0.26061562
v -0.76731980 -0.95601881 0.26183739
v -0.76731980 0.83601880 0.26183739
v -0.76723760 -0.95572996 0.26303160
v -0.76723760 0.83572996 0.26303160
v -0.76711577 -0.95530218 0.26417962
v -0.76711577 0.83530217 0.26417962
v -0.76695639 -0.95474195 0.26526439
v -0.76695639 0.83474195 0.26526439
v -0.76692545 -0.92361361 0.26995739
v -0.76692545 0.80361360 0.26995739
v -0.76678777 -0.92467165 0.27000001
v -0.76678777 0.80467165 0.27000001
v -0.76676178 -0.95405775 0.26626918
v -0.76676178 0.83405775 0.26626918
v -0.76653481 -0.95325994 0.26717919
v -0.76653481 0.83325994 0.26717919
v -0.76645118 -0.92249322 0.26976842
v -0.76645118 0.80249321 0.26976842
v -0.76627874 -0.95236063 0.26798019
v -0.76627874 0.83236063 0.26798019
v -0.76612556 -0.94612455 0.27000001
v -0.76612556 0.82612455 0.27000001
v -0.76599801 -0.95137334 0.26866019
v -0.76599801 0.83137339 0.26866019
v -0.76598960 -0.92140281 0.26943162
v -0.76598960 0.80140281 0.26943162
v -0.76569641 -0.95031339 0.26920900
v -0.76569641 0.83031344 0.26920900
v -0.76554763 -0.92035860 0.26895159
v -0.76554763 0.80035859 0.26895159
v -0.76537859 -0.94919640 0.26961818
v -0.76537859 0.82919639 0.26961818
v -0.76513201 -0.91937661 0.26833600
v -0.76513201 0.79937661 0.26833600
v -0.76504934 -0.94803965 0.26988161
v -0.76504934 0.82803965 0.26988161
v -0.76474899 -0.91847181 0.26759398
v -0.76474899 0.79847181 0.26759398
v -0.76471400 -0.94686055 0.26999518
v -0.76471400 0.82686061 0.26999518
v -0.76440436 -0.91765779 0.26673698
v -0.76440436 0.79765779 0.26673698
v -0.76410365 -0.91694701 0.26577783
v -0.76410365 0.79694700 0.26577783
v -0.76385099 -0.91635001 0.26473099
v -0.76385099 0.79635000 0.26473099
v -0.76365042 -0.91587621 0.26361239
v -0.76365042 0.79587626 0.26361239
v -0.76350480 -0.91553235 0.26243919
v -0.76350480 0.79553241 0.26243919
v -0.76341659 -0.91532415 0.26122880
v -0.76341659 0.79532415 0.26122880
v -0.76314700 -0.85555702 -0.23000000
v -0.76314700 0.73555702 -0.23000000
v -0.76296097 -0.91543281 0.23000000
v -0.76296097 -0.91543281 0.25999999
v -0.76296097 0.79543281 0.23000000
v -0.76296097 0.79543281 0.25999999
v -0.76146007 -0.96788645 -0.27000001
v -0.76146007 0.84788644 -0.27000001
v -0.76031995 -0.92698580 0.27000001
v -0.76031995 0.80698580 0.27000001
v -0.75950897 -0.95807862 -0.25999999
v -0.75950897 -0.95807862 -0.23000000
v -0.75950897 -0.95807862 0.19000000
v -0.75950897 -0.95807862 0.23000000
v -0.75950897 -0.95807862 0.25999999
v -0.75950897 0.83807862 -0.25999999
v -0.75950897 0.83807862 -0.23000000
v -0.75950897 0.83807862 0.19000000
v -0.75950897 0.83807862 0.23000000
v -0.75950897 0.83807862 0.25999999
v -0.75890404 -0.92644042 0.26995739
v -0.75890404 0.80644041 0.26995739
v -0.75857103 -0.92527026 0.26976842
v -0.75857103 0.80527025 0.26976842
v -0.75824678 -0.92413116 0.26943162
v -0.75824678 0.80413115 0.26943162
v -0.75793666 -0.92304063 0.26895159
v -0.75793666 0.80304062 0.26895159
v -0.75764483 -0.92201501 0.26833600
v -0.75764483 0.80201501 0.26833600
v -0.75755823 -0.94827056 0.27000001
v -0.75755823 0.82827055 0.27000001
v -0.75741696 -0.91741639 0.23000000
v -0.75741696 -0.91741639 0.25999999
v -0.75741696 0.79741639 0.23000000
v -0.75741696 0.79741639 0.25999999
v -0.75737602 -0.92107004 0.26759398
v -0.75737602 0.80107003 0.26759398
v -0.75730103 -0.86343938 -0.23000000
v -0.75730103 0.74343944 -0.23000000
v -0.75713402 -0.92021978 0.26673698
v -0.75713402 0.80021977 0.26673698
v -0.75692284 -0.91947740 0.26577783
v -0.75692284 0.79947740 0.26577783
v -0.75674540 -0.91885400 0.26473099
v -0.75674540 0.79885399 0.26473099
v -0.75673157 -0.96778643 -0.26995733
v -0.75673157 0.84778643 -0.26995733
v -0.75660461 -0.91835898 0.26361239
v -0.75660461 0.79835898 0.26361239
v -0.75654501 -0.96658415 -0.26976848
v -0.75654501 0.84658414 -0.26976848
v -0.75650239 -0.91800004 0.26243919
v -0.75650239 0.79800004 0.26243919
v -0.75644058 -0.91778237 0.26122880
v -0.75644058 0.79778236 0.26122880
v -0.75636321 -0.96541399 -0.26943153
v -0.75636321 0.84541398 -0.26943153
v -0.75618941 -0.96429360 -0.26895162
v -0.75618941 0.84429359 -0.26895162
v -0.75602579 -0.96323997 -0.26833603
v -0.75602579 0.84323996 -0.26833603
v -0.75587499 -0.96226901 -0.26759404
v -0.75587499 0.84226900 -0.26759404
v -0.75573957 -0.96139556 -0.26673695
v -0.75573957 0.84139556 -0.26673695
v -0.75562119 -0.96063280 -0.26577774
v -0.75562119 0.84063280 -0.26577774
v -0.75552160 -0.95999235 -0.26473093
v -0.75552160 0.83999234 -0.26473093
v -0.75544280 -0.95948380 -0.26361242
v -0.75544280 0.83948380 -0.26361242
v -0.75538546 -0.95911497 -0.26243913
v -0.75538546 0.83911496 -0.26243913
v -0.75535083 -0.95889139 -0.26122889
v -0.75535083 0.83889139 -0.26122889
v -0.75533623 -0.95879781 0.26061562
v -0.75533623 0.83879781 0.26061562
v -0.75531304 -0.95864820 0.26183739
v -0.75531304 0.83864820 0.26183739
v -0.75526702 -0.95835161 0.26303160
v -0.75526702 0.83835161 0.26303160
v -0.75519884 -0.95791197 0.26417962
v -0.75519884 0.83791196 0.26417962
v -0.75510943 -0.95733643 0.26526439
v -0.75510943 0.83733642 0.26526439
v -0.75500023 -0.95663339 0.26626918
v -0.75500023 0.83663338 0.26626918
v -0.75487298 -0.95581383 0.26717919
v -0.75487298 0.83581382 0.26717919
v -0.75472963 -0.95489001 0.26798019
v -0.75472963 0.83489001 0.26798019
v -0.75457221 -0.95387578 0.26866019
v -0.75457221 0.83387583 0.26866019
v -0.75440323 -0.95278662 0.26920900
v -0.75440323 0.83278662 0.26920900
v -0.75422502 -0.95163918 0.26961818
v -0.75422502 0.83163917 0.26961818
v -0.75404060 -0.95045060 0.26988161
v -0.75404060 0.83045059 0.26988161
v -0.75385237 -0.94923919 0.26999518
v -0.75385237 0.82923919 0.26999518
v -0.75365639 -0.92865503 0.27000001
v -0.75365639 0.80865502 0.27000001
v -0.75170541 -0.91884720 0.23000000
v -0.75170541 -0.91884720 0.25999999
v -0.75170541 0.79884720 0.23000000
v -0.75170541 0.79884720 0.25999999
v -0.75078177 -0.96947038 -0.27000001
v -0.75078177 0.84947038 -0.27000001
v -0.75071061 -0.87071061 -0.23000000
v -0.75071061 0.75071061 -0.23000000
v -0.75059581 -0.92825979 0.26995739
v -0.75059581 0.80825979 0.26995739
v -0.75040919 -0.92705756 0.26976842
v -0.75040919 0.80705756 0.26976842
v -0.75022757 -0.92588735 0.26943162
v -0.75022757 0.80588740 0.26943162
v -0.75005364 -0.92476702 0.26895159
v -0.75005364 0.80476701 0.26895159
v -0.74989021 -0.92371339 0.26833600
v -0.74989021 0.80371338 0.26833600
v -0.74980181 -0.95951843 -0.25999999
v -0.74980181 -0.95951843 -0.23000000
v -0.74980181 -0.95951843 0.19000000
v -0.74980181 -0.95951843 0.23000000
v -0.74980181 -0.95951843 0.25999999
v -0.74980181 0.83951843 -0.25999999
v -0.74980181 0.83951843 -0.23000000
v -0.74980181 0.83951843 0.19000000
v -0.74980181 0.83951843 0.23000000
v -0.74980181 0.83951843 0.25999999
v -0.74973941 -0.92274237 0.26759398
v -0.74973941 0.80274236 0.26759398
v -0.74960381 -0.92186898 0.26673698
v -0.74960381 0.80186898 0.26673698
v -0.74948537 -0.92110616 0.26577783
v -0.74948537 0.80110621 0.26577783
v -0.74938601 -0.92046577 0.26473099
v -0.74938601 0.80046576 0.26473099
v -0.74930704 -0.91995722 0.26361239
v -0.74930704 0.79995722 0.26361239
v -0.74924982 -0.91958839 0.26243919
v -0.74924982 0.79958838 0.26243919
v -0.74921519 -0.91936475 0.26122880
v -0.74921519 0.79936481 0.26122880
v -0.74882156 -0.94956660 0.27000001
v -0.74882156 0.82956660 0.27000001
v -0.74686122 -0.92966300 0.27000001
v -0.74686122 0.80966300 0.27000001
v -0.74588096 -0.91971099 0.23000000
v -0.74588096 -0.91971099 0.25999999
v -0.74588096 0.79971099 0.23000000
v -0.74588096 0.79971099 0.25999999
v -0.74343944 -0.87730104 -0.23000000
v -0.74343944 0.75730103 -0.23000000
v -0.74335897 -0.96902555 -0.26995733
v -0.74335897 0.84902555 -0.26995733
v -0.74332160 -0.96780962 -0.26976848
v -0.74332160 0.84780961 -0.26976848
v -0.74328524 -0.96662581 -0.26943153
v -0.74328524 0.84662580 -0.26943153
v -0.74325019 -0.96549261 -0.26895162
v -0.74325019 0.84549260 -0.26895162
v -0.74321741 -0.96442682 -0.26833603
v -0.74321741 0.84442681 -0.26833603
v -0.74318701 -0.96344483 -0.26759404
v -0.74318701 0.84344482 -0.26759404
v -0.74315977 -0.96256119 -0.26673695
v -0.74315977 0.84256119 -0.26673695
v -0.74313623 -0.96178979 -0.26577774
v -0.74313623 0.84178978 -0.26577774
v -0.74311620 -0.96114182 -0.26473093
v -0.74311620 0.84114182 -0.26473093
v -0.74310040 -0.96062762 -0.26361242
v -0.74310040 0.84062761 -0.26361242
v -0.74308884 -0.96025437 -0.26243913
v -0.74308884 0.84025437 -0.26243913
v -0.74308181 -0.96002841 -0.26122889
v -0.74308181 0.84002841 -0.26122889
v -0.74307901 -0.95993364 0.26061562
v -0.74307901 0.83993363 0.26061562
v -0.74307418 -0.95978242 0.26183739
v -0.74307418 0.83978242 0.26183739
v -0.74306506 -0.95948219 0.26303160
v -0.74306506 0.83948219 0.26303160
v -0.74305135 -0.95903760 0.26417962
v -0.74305135 0.83903766 0.26417962
v -0.74303335 -0.95845544 0.26526439
v -0.74303335 0.83845544 0.26526439
v -0.74301142 -0.95774436 0.26626918
v -0.74301142 0.83774436 0.26626918
v -0.74298596 -0.95691544 0.26717919
v -0.74298596 0.83691543 0.26717919
v -0.74295723 -0.95598084 0.26798019
v -0.74295723 0.83598083 0.26798019
v -0.74292898 -0.80000001 -0.26707107
v -0.74292898 -0.13853982 -0.26707107
v -0.74292898 0.68000001 -0.26707107
v -0.74292558 -0.95495498 0.26866019
v -0.74292558 0.83495498 0.26866019
v -0.74289161 -0.95385337 0.26920900
v -0.74289161 0.83385336 0.26920900
v -0.74285585 -0.95269257 0.26961818
v -0.74285585 0.83269256 0.26961818
v -0.74281883 -0.95149064 0.26988161
v -0.74281883 0.83149064 0.26988161
v -0.74278098 -0.95026517 0.26999518
v -0.74278098 0.83026522 0.26999518
v -0.74262601 -0.80616820 -0.26707107
v -0.74262601 0.68616819 -0.26707107
v -0.74234301 -0.80771983 -0.26717913
v -0.74234301 0.68771982 -0.26717913
v -0.74220175 -0.80000001 -0.26773012
v -0.74220175 0.68000001 -0.26773012
v -0.74212724 -0.92904454 0.26995739
v -0.74212724 0.80904460 0.26995739
v -0.74208975 -0.92782837 0.26976842
v -0.74208975 0.80782837 0.26976842
v -0.74205339 -0.92664480 0.26943162
v -0.74205339 0.80664480 0.26943162
v -0.74201846 -0.92551160 0.26895159
v -0.74201846 0.80551165 0.26895159
v -0.74198562 -0.92444581 0.26833600
v -0.74198562 0.80444580 0.26833600
v -0.74195516 -0.92346382 0.26759398
v -0.74195516 0.80346382 0.26759398
v -0.74192804 -0.92258018 0.26673698
v -0.74192804 0.80258018 0.26673698
v -0.74190438 -0.92180878 0.26577783
v -0.74190438 0.80180877 0.26577783
v -0.74188441 -0.92116082 0.26473099
v -0.74188441 0.80116081 0.26473099
v -0.74186838 -0.92064661 0.26361239
v -0.74186838 0.80064660 0.26361239
v -0.74185699 -0.92027342 0.26243919
v -0.74185699 0.80027342 0.26243919
v -0.74184996 -0.92004740 0.26122880
v -0.74184996 0.80004740 0.26122880
v -0.74171984 -0.81227678 -0.26707107
v -0.74171984 0.69227678 -0.26707107
v -0.74141520 -0.80760485 -0.26798016
v -0.74141520 0.68760484 -0.26798016
v -0.74141359 -0.80000001 -0.26831469
v -0.74141359 0.68000001 -0.26831469
v -0.74092180 -0.81532240 -0.26717913
v -0.74092180 0.69532239 -0.26717913
v -0.74057180 -0.80000001 -0.26881921
v -0.74057180 0.68000001 -0.26881921
v -0.74039656 -0.80747879 -0.26866025
v -0.74039656 0.68747878 -0.26866025
v -0.74021918 -0.81826735 -0.26707107
v -0.74021918 0.69826734 -0.26707107
v -0.74001521 -0.81509435 -0.26798016
v -0.74001521 0.69509435 -0.26798016
v -0.74000001 -0.97000003 -0.27000001
v -0.74000001 -0.96901977 -0.26995185
v -0.74000001 -0.96804899 -0.26980785
v -0.74000001 -0.96709716 -0.26956940
v -0.74000001 -0.96617317 -0.26923880
v -0.74000001 -0.96528602 -0.26881921
v -0.74000001 -0.96444422 -0.26831469
v -0.74000001 -0.96365601 -0.26773012
v -0.74000001 -0.96292901 -0.26707107
v -0.74000001 -0.96226984 -0.26634392
v -0.74000001 -0.96168542 -0.26555571
v -0.74000001 -0.96118081 -0.26471397
v -0.74000001 -0.96076119 -0.26382685
v -0.74000001 -0.96043062 -0.26290286
v -0.74000001 -0.96019220 -0.26195091
v -0.74000001 -0.96004820 -0.26098016
v -0.74000001 -0.95999998 -0.25999999
v -0.74000001 -0.95999998 -0.23000000
v -0.74000001 -0.95999998 0.19000000
v -0.74000001 -0.95999998 0.23000000
v -0.74000001 -0.95999998 0.25999999
v -0.74000001 -0.95995176 0.26098019
v -0.74000001 -0.95980781 0.26195100
v -0.74000001 -0.95956939 0.26290280
v -0.74000001 -0.95923883 0.26382679
v -0.74000001 -0.95881921 0.26471400
v -0.74000001 -0.95831460 0.26555580
v -0.74000001 -0.95773017 0.26634398
v -0.74000001 -0.95707101 0.26707101
v -0.74000001 -0.95634401 0.26773021
v -0.74000001 -0.95555580 0.26831460
v -0.74000001 -0.95471400 0.26881921
v -0.74000001 -0.95382684 0.26923883
v -0.74000001 -0.95290285 0.26956940
v -0.74000001 -0.95195097 0.26980782
v -0.74000001 -0.95098025 0.26995179
v -0.74000001 -0.94999999 0.27000001
v -0.74000001 -0.93000001 0.27000001
v -0.74000001 -0.92901975 0.26995179
v -0.74000001 -0.92804903 0.26980782
v -0.74000001 -0.92709714 0.26956940
v -0.74000001 -0.92617315 0.26923883
v -0.74000001 -0.92528605 0.26881921
v -0.74000001 -0.92444420 0.26831460
v -0.74000001 -0.92365599 0.26773021
v -0.74000001 -0.92292899 0.26707101
v -0.74000001 -0.92226982 0.26634398
v -0.74000001 -0.92168540 0.26555580
v -0.74000001 -0.92118078 0.26471400
v -0.74000001 -0.92076117 0.26382679
v -0.74000001 -0.92043060 0.26290280
v -0.74000001 -0.92019218 0.26195100
v -0.74000001 -0.92004824 0.26098019
v -0.74000001 -0.92000002 0.23000000
v -0.74000001 -0.92000002 0.25999999
v -0.74000001 -0.80000001 -0.19000000
v -0.74000001 0.68000001 -0.19000000
v -0.74000001 0.80000001 0.23000000
v -0.74000001 0.80000001 0.25999999
v -0.74000001 0.80004823 0.26098019
v -0.74000001 0.80019218 0.26195100
v -0.74000001 0.80043060 0.26290280
v -0.74000001 0.80076116 0.26382679
v -0.74000001 0.80118078 0.26471400
v -0.74000001 0.80168539 0.26555580
v -0.74000001 0.80226982 0.26634398
v -0.74000001 0.80292898 0.26707101
v -0.74000001 0.80365598 0.26773021
v -0.74000001 0.80444419 0.26831460
v -0.74000001 0.80528605 0.26881921
v -0.74000001 0.80617315 0.26923883
v -0.74000001 0.80709720 0.26956940
v -0.74000001 0.80804902 0.26980782
v -0.74000001 0.80901980 0.26995179
v -0.74000001 0.81000000 0.27000001
v -0.74000001 0.82999998 0.27000001
v -0.74000001 0.83098024 0.26995179
v -0.74000001 0.83195096 0.26980782
v -0.74000001 0.83290285 0.26956940
v -0.74000001 0.83382684 0.26923883
v -0.74000001 0.83471400 0.26881921
v -0.74000001 0.83555579 0.26831460
v -0.74000001 0.83634400 0.26773021
v -0.74000001 0.83707100 0.26707101
v -0.74000001 0.83773017 0.26634398
v -0.74000001 0.83831459 0.26555580
v -0.74000001 0.83881921 0.26471400
v -0.74000001 0.83923882 0.26382679
v -0.74000001 0.83956939 0.26290280
v -0.74000001 0.83980781 0.26195100
v -0.74000001 0.83995175 0.26098019
v -0.74000001 0.83999997 -0.25999999
v -0.74000001 0.83999997 -0.23000000
v -0.74000001 0.83999997 0.19000000
v -0.74000001 0.83999997 0.23000000
v -0.74000001 0.83999997 0.25999999
v -0.74000001 0.84004819 -0.26098016
v -0.74000001 0.84019220 -0.26195091
v -0.74000001 0.84043062 -0.26290286
v -0.74000001 0.84076118 -0.26382685
v -0.74000001 0.84118080 -0.26471397
v -0.74000001 0.84168541 -0.26555571
v -0.74000001 0.84226984 -0.26634392
v -0.74000001 0.84292901 -0.26707107
v -0.74000001 0.84365600 -0.26773012
v -0.74000001 0.84444422 -0.26831469
v -0.74000001 0.84528601 -0.26881921
v -0.74000001 0.84617317 -0.26923880
v -0.74000001 0.84709716 -0.26956940
v -0.74000001 0.84804899 -0.26980785
v -0.74000001 0.84901977 -0.26995185
v -0.74000001 0.85000002 -0.27000001
v -0.73971099 -0.80588096 -0.19000000
v -0.73971099 0.68588096 -0.19000000
v -0.73968458 -0.80000001 -0.26923880
v -0.73968458 0.68000001 -0.26923880
v -0.73930281 -0.80734324 -0.26920906
v -0.73930281 0.68734324 -0.26920906
v -0.73901975 -0.81484395 -0.26866025
v -0.73901975 0.69484401 -0.26866025
v -0.73884720 -0.81170541 -0.19000000
v -0.73884720 0.69170541 -0.19000000
v -0.73876083 -0.80000001 -0.26956940
v -0.73876083 0.68000001 -0.26956940
v -0.73857719 -0.82269305 -0.26717913
v -0.73857719 0.70269305 -0.26717913
v -0.73815042 -0.80720061 -0.26961824
v -0.73815042 0.68720061 -0.26961824
v -0.73813879 -0.82408178 -0.26707107
v -0.73813879 0.70408177 -0.26707107
v -0.73795098 -0.81457520 -0.26920906
v -0.73795098 0.69457519 -0.26920906
v -0.73780882 -0.80000001 -0.26980785
v -0.73780882 0.68000001 -0.26980785
v -0.73770541 -0.82235521 -0.26798016
v -0.73770541 0.70235521 -0.26798016
v -0.73741639 -0.81741697 -0.19000000
v -0.73741639 0.69741702 -0.19000000
v -0.73695678 -0.80705279 -0.26988167
v -0.73695678 0.68705279 -0.26988167
v -0.73683798 -0.80000001 -0.26995185
v -0.73683798 0.68000001 -0.26995185
v -0.73682481 -0.81429201 -0.26961824
v -0.73682481 0.69429201 -0.26961824
v -0.73674822 -0.82198441 -0.26866025
v -0.73674822 0.70198441 -0.26866025
v -0.73585778 -0.80000001 -0.27000001
v -0.73585778 0.68000001 -0.27000001
v -0.73574018 -0.80690223 -0.26999524
v -0.73574018 0.68690223 -0.26999524
v -0.73572057 -0.82158625 -0.26920906
v -0.73572057 0.70158625 -0.26920906
v -0.73565841 -0.81399858 -0.26988167
v -0.73565841 0.69399858 -0.26988167
v -0.73558885 -0.80547500 -0.27000001
v -0.73558885 0.68547499 -0.27000001
v -0.73555702 -0.88314700 -0.23000000
v -0.73555702 0.76314700 -0.23000000
v -0.73549843 -0.82966441 -0.26707107
v -0.73549843 0.70966440 -0.26707107
v -0.73543280 -0.82296097 -0.19000000
v -0.73543280 0.70296097 -0.19000000
v -0.73534441 -0.82971936 -0.26717913
v -0.73534441 0.70971942 -0.26717913
v -0.73478460 -0.81089735 -0.27000001
v -0.73478460 0.69089735 -0.27000001
v -0.73463786 -0.82116675 -0.26961824
v -0.73463786 0.70116675 -0.26961824
v -0.73452079 -0.82927698 -0.26798016
v -0.73452079 0.70927697 -0.26798016
v -0.73446935 -0.81369954 -0.26999524
v -0.73446935 0.69369960 -0.26999524
v -0.73361659 -0.82879144 -0.26866025
v -0.73361659 0.70879143 -0.26866025
v -0.73351622 -0.82073241 -0.26988167
v -0.73351622 0.70073241 -0.26988167
v -0.73345262 -0.81621462 -0.27000001
v -0.73345262 0.69621462 -0.27000001
v -0.73291516 -0.82828379 -0.19000000
v -0.73291516 0.70828378 -0.19000000
v -0.73264557 -0.82827002 -0.26920906
v -0.73264557 0.70827001 -0.26920906
v -0.73237300 -0.82028937 -0.26999524
v -0.73237300 0.70028937 -0.26999524
v -0.73232341 -0.83496141 -0.26707107
v -0.73232341 0.71496141 -0.26707107
v -0.73162240 -0.82772058 -0.26961824
v -0.73162240 0.70772058 -0.26961824
v -0.73160601 -0.82137579 -0.27000001
v -0.73160601 0.70137578 -0.27000001
v -0.73127282 -0.83629519 -0.26717913
v -0.73127282 0.71629518 -0.26717913
v -0.73056281 -0.82715154 -0.26988167
v -0.73056281 0.70715159 -0.26988167
v -0.73050982 -0.83575499 -0.26798016
v -0.73050982 0.71575499 -0.26798016
v -0.72988820 -0.83333421 -0.19000000
v -0.72988820 0.71333420 -0.19000000
v -0.72967201 -0.83516198 -0.26866025
v -0.72967201 0.71516198 -0.26866025
v -0.72948283 -0.82657158 -0.26999524
v -0.72948283 0.70657158 -0.26999524
v -0.72926223 -0.82633120 -0.27000001
v -0.72926223 0.70633119 -0.27000001
v -0.72877240 -0.83452523 -0.26920906
v -0.72877240 0.71452522 -0.26920906
v -0.72864479 -0.83992159 -0.26707107
v -0.72864479 0.71992159 -0.26707107
v -0.72782463 -0.83385438 -0.26961824
v -0.72782463 0.71385437 -0.26961824
v -0.72713959 -0.88819224 -0.23000000
v -0.72713959 0.76819223 -0.23000000
v -0.72684306 -0.83315939 -0.26988167
v -0.72684306 0.71315938 -0.26988167
v -0.72644418 -0.83103299 -0.27000001
v -0.72644418 0.71103305 -0.27000001
v -0.72642404 -0.84232104 -0.26717913
v -0.72642404 0.72232103 -0.26717913
v -0.72638059 -0.83806360 -0.19000000
v -0.72638059 0.71806359 -0.19000000
v -0.72584242 -0.83245116 -0.26999524
v -0.72584242 0.71245116 -0.26999524
v -0.72573304 -0.84169120 -0.26798016
v -0.72573304 0.72169119 -0.26798016
v -0.72497457 -0.84099960 -0.26866025
v -0.72497457 0.72099960 -0.26866025
v -0.72449738 -0.84449738 -0.26707107
v -0.72449738 0.72449738 -0.26707107
v -0.72416002 -0.84025717 -0.26920906
v -0.72416002 0.72025716 -0.26920906
v -0.72330177 -0.83947480 -0.26961824
v -0.72330177 0.71947479 -0.26961824
v -0.72317880 -0.83543581 -0.27000001
v -0.72317880 0.71543580 -0.27000001
v -0.72242635 -0.84242636 -0.19000000
v -0.72242635 0.72242635 -0.19000000
v -0.72241300 -0.83866465 -0.26988167
v -0.72241300 0.71866465 -0.26988167
v -0.72150701 -0.83783859 -0.26999524
v -0.72150701 0.71783859 -0.26999524
v -0.72087145 -0.84770525 -0.26717913
v -0.72087145 0.72770524 -0.26717913
v -0.72026300 -0.84699517 -0.26798016
v -0.72026300 0.72699517 -0.26798016
v -0.71992159 -0.84864479 -0.26707107
v -0.71992159 0.72864479 -0.26707107
v -0.71959519 -0.84621584 -0.26866025
v -0.71959519 0.72621584 -0.26866025
v -0.71949738 -0.83949739 -0.27000001
v -0.71949738 0.71949738 -0.27000001
v -0.71887815 -0.84537882 -0.26920906
v -0.71887815 0.72537881 -0.26920906
v -0.71826845 -0.89238799 -0.23000000
v -0.71826845 0.77238798 -0.23000000
v -0.71812266 -0.84449697 -0.26961824
v -0.71812266 0.72449702 -0.26961824
v -0.71806359 -0.84638059 -0.19000000
v -0.71806359 0.72638059 -0.19000000
v -0.71734017 -0.84358358 -0.26988167
v -0.71734017 0.72358358 -0.26988167
v -0.71654260 -0.84265256 -0.26999524
v -0.71654260 0.72265261 -0.26999524
v -0.71543580 -0.84317881 -0.27000001
v -0.71543580 0.72317880 -0.27000001
v -0.71496141 -0.85232335 -0.26707107
v -0.71496141 0.73232341 -0.26707107
v -0.71469915 -0.85236621 -0.26717913
v -0.71469915 0.73236620 -0.26717913
v -0.71418262 -0.85158682 -0.26798016
v -0.71418262 0.73158681 -0.26798016
v -0.71361578 -0.85073119 -0.26866025
v -0.71361578 0.73073119 -0.26866025
v -0.71333420 -0.84988821 -0.19000000
v -0.71333420 0.72988820 -0.19000000
v -0.71300697 -0.84981263 -0.26920906
v -0.71300697 0.72981262 -0.26920906
v -0.71236557 -0.84884459 -0.26961824
v -0.71236557 0.72884458 -0.26961824
v -0.71170121 -0.84784204 -0.26988167
v -0.71170121 0.72784203 -0.26988167
v -0.71103305 -0.84644419 -0.27000001
v -0.71103305 0.72644418 -0.27000001
v -0.71102405 -0.84682000 -0.26999524
v -0.71102405 0.72681999 -0.26999524
v -0.70966440 -0.85549843 -0.26707107
v -0.70966440 0.73549843 -0.26707107
v -0.70902842 -0.89569396 -0.23000000
v -0.70902842 0.77569395 -0.23000000
v -0.70828378 -0.85291517 -0.19000000
v -0.70828378 0.73291516 -0.19000000
v -0.70800102 -0.85623336 -0.26717913
v -0.70800102 0.73623335 -0.26717913
v -0.70758420 -0.85539645 -0.26798016
v -0.70758420 0.73539644 -0.26798016
v -0.70712662 -0.85447776 -0.26866025
v -0.70712662 0.73447776 -0.26866025
v -0.70663542 -0.85349119 -0.26920906
v -0.70663542 0.73349118 -0.26920906
v -0.70633119 -0.84926224 -0.27000001
v -0.70633119 0.72926223 -0.27000001
v -0.70611781 -0.85245162 -0.26961824
v -0.70611781 0.73245162 -0.26961824
v -0.70558184 -0.85137498 -0.26988167
v -0.70558184 0.73137498 -0.26988167
v -0.70503515 -0.85027766 -0.26999524
v -0.70503515 0.73027766 -0.26999524
v -0.70408177 -0.85813880 -0.26707107
v -0.70408177 0.73813879 -0.26707107
v -0.70296097 -0.85543281 -0.19000000
v -0.70296097 0.73543280 -0.19000000
v -0.70137578 -0.85160601 -0.27000001
v -0.70137578 0.73160601 -0.27000001
v -0.70087820 -0.85924822 -0.26717913
v -0.70087820 0.73924822 -0.26717913
v -0.70056760 -0.85836637 -0.26798016
v -0.70056760 0.73836637 -0.26798016
v -0.70022637 -0.85739839 -0.26866025
v -0.70022637 0.73739839 -0.26866025
v -0.69999999 -0.80000001 -0.23000000
v -0.69999999 0.68000001 -0.23000000
v -0.69990355 -0.80196035 -0.23000000
v -0.69990355 0.68196034 -0.23000000
v -0.69986022 -0.85635877 -0.26920906
v -0.69986022 0.73635882 -0.26920906
v -0.69961578 -0.80390185 -0.23000000
v -0.69961578 0.68390185 -0.23000000
v -0.69950897 -0.89807862 -0.23000000
v -0.69950897 0.77807862 -0.23000000
v -0.69947416 -0.85526359 -0.26961824
v -0.69947416 0.73526359 -0.26961824
v -0.69913882 -0.80580556 -0.23000000
v -0.69913882 0.68580556 -0.23000000
v -0.69907439 -0.85412943 -0.26988167
v -0.69907439 0.73412943 -0.26988167
v -0.69866699 -0.85297304 -0.26999524
v -0.69866699 0.73297304 -0.26999524
v -0.69847763 -0.80765361 -0.23000000
v -0.69847763 0.68765360 -0.23000000
v -0.69826734 -0.86021918 -0.26707107
v -0.69826734 0.74021918 -0.26707107
v -0.69763839 -0.80942804 -0.23000000
v -0.69763839 0.68942803 -0.23000000
v -0.69741702 -0.85741639 -0.19000000
v -0.69741702 0.73741639 -0.19000000
v -0.69662941 -0.81111139 -0.23000000
v -0.69662941 0.69111139 -0.23000000
v -0.69621462 -0.85345262 -0.27000001
v -0.69621462 0.73345262 -0.27000001
v -0.69546020 -0.81268781 -0.23000000
v -0.69546020 0.69268781 -0.23000000
v -0.69414222 -0.81414223 -0.23000000
v -0.69414222 0.69414222 -0.23000000
v -0.69343919 -0.86136484 -0.26717913
v -0.69343919 0.74136484 -0.26717913
v -0.69323897 -0.86045146 -0.26798016
v -0.69323897 0.74045146 -0.26798016
v -0.69301963 -0.85944903 -0.26866025
v -0.69301963 0.73944902 -0.26866025
v -0.69278383 -0.85837221 -0.26920906
v -0.69278383 0.73837221 -0.26920906
v -0.69268781 -0.81546021 -0.23000000
v -0.69268781 0.69546020 -0.23000000
v -0.69253540 -0.85723799 -0.26961824
v -0.69253540 0.73723799 -0.26961824
v -0.69227797 -0.85606301 -0.26988167
v -0.69227797 0.73606300 -0.26988167
v -0.69227678 -0.86171985 -0.26707107
v -0.69227678 0.74171984 -0.26707107
v -0.69201577 -0.85486543 -0.26999524
v -0.69201577 0.73486543 -0.26999524
v -0.69170541 -0.85884720 -0.19000000
v -0.69170541 0.73884720 -0.19000000
v -0.69111139 -0.81662941 -0.23000000
v -0.69111139 0.69662941 -0.23000000
v -0.69089735 -0.85478461 -0.27000001
v -0.69089735 0.73478460 -0.27000001
v -0.68980181 -0.89951843 -0.23000000
v -0.68980181 0.77951843 -0.23000000
v -0.68942803 -0.81763840 -0.23000000
v -0.68942803 0.69763839 -0.23000000
v -0.68765360 -0.81847763 -0.23000000
v -0.68765360 0.69847763 -0.23000000
v -0.68616819 -0.86262602 -0.26707107
v -0.68616819 0.74262601 -0.26707107
v -0.68588096 -0.85971099 -0.19000000
v -0.68588096 0.73971099 -0.19000000
v -0.68580556 -0.81913877 -0.23000000
v -0.68580556 0.69913882 -0.23000000
v -0.68579620 -0.86255121 -0.26717913
v -0.68579620 0.74255121 -0.26717913
v -0.68571001 -0.86162019 -0.26798016
v -0.68571001 0.74162018 -0.26798016
v -0.68561524 -0.86059821 -0.26866025
v -0.68561524 0.74059820 -0.26866025
v -0.68551362 -0.85950083 -0.26920906
v -0.68551362 0.73950082 -0.26920906
v -0.68547499 -0.85558885 -0.27000001
v -0.68547499 0.73558885 -0.27000001
v -0.68540645 -0.85834455 -0.26961824
v -0.68540645 0.73834455 -0.26961824
v -0.68529540 -0.85714698 -0.26988167
v -0.68529540 0.73714697 -0.26988167
v -0.68518239 -0.85592622 -0.26999524
v -0.68518239 0.73592621 -0.26999524
v -0.68390185 -0.81961578 -0.23000000
v -0.68390185 0.69961578 -0.23000000
v -0.68196034 -0.81990355 -0.23000000
v -0.68196034 0.69990355 -0.23000000
v -0.68000001 -0.89999998 -0.23000000
v -0.68000001 -0.86292899 -0.26707107
v -0.68000001 -0.86220175 -0.26773012
v -0.68000001 -0.86141360 -0.26831469
v -0.68000001 -0.86057180 -0.26881921
v -0.68000001 -0.86000001 -0.19000000
v -0.68000001 -0.85968459 -0.26923880
v -0.68000001 -0.85876083 -0.26956940
v -0.68000001 -0.85780883 -0.26980785
v -0.68000001 -0.85683799 -0.26995185
v -0.68000001 -0.85585779 -0.27000001
v -0.68000001 -0.81999999 -0.23000000
v -0.68000001 0.69999999 -0.23000000
v -0.68000001 0.73585778 -0.27000001
v -0.68000001 0.73683798 -0.26995185
v -0.68000001 0.73780882 -0.26980785
v -0.68000001 0.73876083 -0.26956940
v -0.68000001 0.73968458 -0.26923880
v -0.68000001 0.74000001 -0.19000000
v -0.68000001 0.74057180 -0.26881921
v -0.68000001 0.74141359 -0.26831469
v -0.68000001 0.74220175 -0.26773012
v -0.68000001 0.74292898 -0.26707107
v -0.68000001 0.77999997 -0.23000000
v -0.47999999 0.88000000 -0.25799999
v -0.47999999 0.88000000 0.17000000
v -0.44000000 0.88000000 -0.13000000
v -0.44000000 0.88000000 0.17000000
v -0.44000000 0.92000002 -0.21799999
v -0.44000000 0.92000002 -0.14414214
v -0.44000000 0.92000002 0.17000000
v -0.44000000 0.93414223 -0.13000000
v -0.44000000 0.96800005 -0.17000000
v -0.44000000 0.99000001 -0.14305562
v -0.44000000 0.99000001 -0.13000000
v -0.43998799 0.93379515 -0.12965304
v -0.43995178 0.93344903 -0.12930691
v -0.43995178 0.99098021 -0.13000000
v -0.43992501 0.93664014 -0.12700222
v -0.43985021 0.99172479 -0.14094323
v -0.43981099 0.93629801 -0.12666920
v -0.43980780 0.92000002 -0.14138314
v -0.43980780 0.93276262 -0.12862051
v -0.43980780 0.99195099 -0.13000000
v -0.43976101 0.93595976 -0.12633432
v -0.43972519 0.99061561 -0.12446564
v -0.43971100 0.99000001 -0.12411898
v -0.43970039 0.93913221 -0.12401193
v -0.43957460 0.99183738 -0.12447960
v -0.43957400 0.93879640 -0.12368972
v -0.43956938 0.93208963 -0.12794738
v -0.43956938 0.99290282 -0.13000000
v -0.43950981 0.93846518 -0.12336594
v -0.43940780 0.99339044 -0.13890329
v -0.43932679 0.94161165 -0.12103662
v -0.43931541 0.93780839 -0.12272988
v -0.43927538 0.99303162 -0.12450732
v -0.43923882 0.92000002 -0.13873018
v -0.43923882 0.93143624 -0.12729402
v -0.43923882 0.99382681 -0.13000000
v -0.43919301 0.94128221 -0.12072586
v -0.43911517 0.94095778 -0.12041408
v -0.43903980 0.93111879 -0.12697671
v -0.43903640 0.93716300 -0.12211334
v -0.43884718 0.99000001 -0.11829458
v -0.43883258 0.99417961 -0.12454836
v -0.43881920 0.93080878 -0.12666672
v -0.43881920 0.99471396 -0.13000000
v -0.43880481 0.94407243 -0.11808368
v -0.43868321 0.99496001 -0.13698082
v -0.43867600 0.93653458 -0.12152144
v -0.43866861 0.94374961 -0.11778488
v -0.43859240 0.99061561 -0.11716808
v -0.43857843 0.94343138 -0.11748590
v -0.43857720 0.93050683 -0.12636474
v -0.43846643 0.93622839 -0.12123635
v -0.43844458 0.99183738 -0.11720044
v -0.43833938 0.94279981 -0.11690404
v -0.43831459 0.92000002 -0.13628519
v -0.43831459 0.93021363 -0.12607151
v -0.43831459 0.99555582 -0.13000000
v -0.43825260 0.99526441 -0.12460210
v -0.43823761 0.93592840 -0.12095928
v -0.43815121 0.99303162 -0.11726468
v -0.43803200 0.92992997 -0.12578776
v -0.43802559 0.94217843 -0.11634704
v -0.43799043 0.93563521 -0.12069093
v -0.43773022 0.92965621 -0.12551416
v -0.43773022 0.99634397 -0.13000000
v -0.43772498 0.93534982 -0.12043194
v -0.43771678 0.99417961 -0.11735984
v -0.43766800 0.99641901 -0.13519411
v -0.43764001 0.94157159 -0.11581901
v -0.43754423 0.99626923 -0.12466774
v -0.43744180 0.93507242 -0.12018292
v -0.43742141 0.94127542 -0.11556714
v -0.43741637 0.99000001 -0.11258292
v -0.43740958 0.92939341 -0.12525135
v -0.43732202 0.94891340 -0.11227440
v -0.43718600 0.94098443 -0.11532406
v -0.43714780 0.99526441 -0.11748447
v -0.43714142 0.93480420 -0.11994453
v -0.43707877 0.94829696 -0.11172918
v -0.43707100 0.92000002 -0.13414215
v -0.43707100 0.92914224 -0.12500000
v -0.43707100 0.99707103 -0.13000000
v -0.43693420 0.94069964 -0.11509028
v -0.43682399 0.93454534 -0.11971736
v -0.43680358 0.94768786 -0.11120612
v -0.43671840 0.99717921 -0.12474428
v -0.43671557 0.92890280 -0.12476067
v -0.43666679 0.94042158 -0.11486630
v -0.43657139 0.99061561 -0.11006502
v -0.43649021 0.93429679 -0.11950211
v -0.43646300 0.94708765 -0.11071186
v -0.43645278 0.99626923 -0.11763664
v -0.43642861 0.99183738 -0.11011530
v -0.43638378 0.94015062 -0.11465264
v -0.43634400 0.92000002 -0.13321012
v -0.43634400 0.92867625 -0.12453400
v -0.43634400 0.99773020 -0.13000000
v -0.43631160 0.99775660 -0.13355580
v -0.43614540 0.99303162 -0.11021512
v -0.43614078 0.93405938 -0.11929944
v -0.43608582 0.93988740 -0.11444981
v -0.43605998 0.94650042 -0.11024959
v -0.43583599 0.94621301 -0.11003150
v -0.43578738 0.99798018 -0.12483054
v -0.43577659 0.93383336 -0.11910978
v -0.43577319 0.93963277 -0.11425833
v -0.43572602 0.99417961 -0.11036294
v -0.43564260 0.99717921 -0.11781409
v -0.43559760 0.94593018 -0.10982260
v -0.43555582 0.92000002 -0.13238339
v -0.43555582 0.92826277 -0.12412062
v -0.43555582 0.99831462 -0.13000000
v -0.43549120 0.99835742 -0.13281986
v -0.43544638 0.93938696 -0.11407872
v -0.43543282 0.99000001 -0.10703900
v -0.43534520 0.94565278 -0.10962330
v -0.43526679 0.95360702 -0.10664210
v -0.43517658 0.99526441 -0.11055651
v -0.43510601 0.93915099 -0.11391152
v -0.43507919 0.94538116 -0.10943402
v -0.43501481 0.95301324 -0.10615309
v -0.43479979 0.94511598 -0.10925516
v -0.43476540 0.99866021 -0.12492524
v -0.43475300 0.93892515 -0.11375700
v -0.43472919 0.99798018 -0.11801412
v -0.43471402 0.92000002 -0.13166988
v -0.43471402 0.92790604 -0.12376387
v -0.43471402 0.99881917 -0.13000000
v -0.43471280 0.95242417 -0.10569201
v -0.43457040 0.99889457 -0.13216211
v -0.43450761 0.94485766 -0.10908712
v -0.43450561 0.99626923 -0.11079294
v -0.43435439 0.95184278 -0.10526232
v -0.43420300 0.94460660 -0.10893030
v -0.43403062 0.95588380 -0.10391001
v -0.43401241 0.93850499 -0.11348657
v -0.43394262 0.95127279 -0.10486654
v -0.43388599 0.94436365 -0.10878509
v -0.43382680 0.92000002 -0.13107650
v -0.43382680 0.92760938 -0.12346718
v -0.43382680 0.99923879 -0.13000000
v -0.43377239 0.95529997 -0.10345064
v -0.43372661 0.99866021 -0.11823368
v -0.43372342 0.99717921 -0.11106862
v -0.43371737 0.95099318 -0.10468210
v -0.43369281 0.99061561 -0.10326416
v -0.43366799 0.99920899 -0.12502694
v -0.43355781 0.94412905 -0.10865194
v -0.43355739 0.99183738 -0.10333160
v -0.43354821 0.99934936 -0.13160504
v -0.43347999 0.95071775 -0.10450704
v -0.43346080 0.95472026 -0.10302129
v -0.43328860 0.99303162 -0.10346546
v -0.43323138 0.93812895 -0.11326855
v -0.43323058 0.95044702 -0.10434170
v -0.43321860 0.94390321 -0.10853098
v -0.43309718 0.95414758 -0.10262422
v -0.43296960 0.95018142 -0.10418633
v -0.43291518 0.99000001 -0.10171619
v -0.43290278 0.92000002 -0.13060896
v -0.43290278 0.92737556 -0.12323341
v -0.43290278 0.99956942 -0.13000000
v -0.43289039 0.99417961 -0.10366369
v -0.43284142 0.99798018 -0.11137938
v -0.43269742 0.94992119 -0.10404125
v -0.43268439 0.95358545 -0.10226152
v -0.43265960 0.95810622 -0.10124306
v -0.43265000 0.99920899 -0.11846945
v -0.43251160 0.99961823 -0.12513408
v -0.43243018 0.99970019 -0.13117535
v -0.43241638 0.93779981 -0.11310404
v -0.43241420 0.94966722 -0.10390683
v -0.43239120 0.95753145 -0.10081492
v -0.43236899 0.99526441 -0.10392334
v -0.43212059 0.94941938 -0.10378328
v -0.43207279 0.95695996 -0.10041755
v -0.43195099 0.92000002 -0.13027173
v -0.43195099 0.92720705 -0.12306480
v -0.43195099 0.99980783 -0.13000000
v -0.43187341 0.99866021 -0.11172047
v -0.43184340 0.99982858 -0.13101806
v -0.43181679 0.94917876 -0.10367096
v -0.43173221 0.99626923 -0.10424042
v -0.43170658 0.95639557 -0.10005303
v -0.43151560 0.99961823 -0.11871790
v -0.43150318 0.94894540 -0.10357016
v -0.43131402 0.99988157 -0.12524505
v -0.43129522 0.95584083 -0.09972313
v -0.43124118 0.99992263 -0.13090286
v -0.43118060 0.94872004 -0.10348101
v -0.43115699 0.96026880 -0.09864794
v -0.43098980 0.99717921 -0.10461014
v -0.43098018 0.92000002 -0.13006811
v -0.43098018 0.92710519 -0.12296298
v -0.43098018 0.99995178 -0.13000000
v -0.43087840 0.95970076 -0.09825287
v -0.43084079 0.95529938 -0.09942967
v -0.43083400 0.99920899 -0.11208678
v -0.43062460 0.99998039 -0.13083208
v -0.43055579 0.95913756 -0.09788746
v -0.43051061 0.94829339 -0.10333759
v -0.43034619 0.95477402 -0.09917446
v -0.43034080 0.99988157 -0.11897520
v -0.43018922 0.95858079 -0.09755522
v -0.43015280 0.99798018 -0.10502689
v -0.43009338 0.99999517 -0.12535816
v -0.43000039 0.99061561 -0.09686857
v -0.43000001 0.92000002 -0.13000000
v -0.43000001 0.92707098 -0.12292895
v -0.43000001 1.00000000 -0.13080816
v -0.43000001 1.00000000 -0.13000000
v -0.42988819 0.99000001 -0.09666578
v -0.42987418 0.99183738 -0.09695216
v -0.42981380 0.95426822 -0.09895933
v -0.42981178 0.94790137 -0.10324097
v -0.42978120 0.95803320 -0.09725764
v -0.42975920 1.00000000 -0.12509914
v -0.42973882 0.99961823 -0.11247271
v -0.42962378 0.99303162 -0.09711803
v -0.42952678 0.96236616 -0.09613113
v -0.42925319 0.99417961 -0.09736370
v -0.42924622 0.95378500 -0.09878609
v -0.42923963 0.96180397 -0.09576994
v -0.42923400 0.99866021 -0.10548441
v -0.42914322 0.99999517 -0.11923746
v -0.42908859 0.94754624 -0.10319123
v -0.42903918 1.00000000 -0.12024548
v -0.42900398 0.93700141 -0.11299866
v -0.42891499 0.96124840 -0.09543630
v -0.42876759 0.99526441 -0.09768543
v -0.42864639 0.95332766 -0.09865629
v -0.42860439 0.99988157 -0.11287246
v -0.42855042 0.96069860 -0.09513590
v -0.42834580 0.94722974 -0.10318857
v -0.42824742 0.99920899 -0.10597567
v -0.42817459 0.99626923 -0.09807838
v -0.42814800 0.96015763 -0.09487005
v -0.42801860 0.95289880 -0.09857024
v -0.42784700 1.00000000 -0.11548577
v -0.42777279 0.96439302 -0.09369894
v -0.42770982 0.95962799 -0.09464008
v -0.42758837 0.94695419 -0.10323320
v -0.42757142 0.94471240 -0.10533058
v -0.42748320 0.99717921 -0.09853657
v -0.42747959 0.96383595 -0.09337137
v -0.42744818 0.99999517 -0.11327992
v -0.42736661 0.95250022 -0.09852780
v -0.42723802 0.95911264 -0.09444723
v -0.42720780 0.99961823 -0.10649326
v -0.42715579 0.96328759 -0.09306914
v -0.42679518 0.96274459 -0.09280007
v -0.42673501 0.95861417 -0.09429281
v -0.42670360 0.99798018 -0.09905300
v -0.42669442 0.95213419 -0.09852882
v -0.42640018 0.96220964 -0.09256527
v -0.42638060 0.99000001 -0.09193639
v -0.42620280 0.95813560 -0.09417814
v -0.42619401 1.00000000 -0.11086582
v -0.42613122 0.99988157 -0.10702936
v -0.42605561 0.94653600 -0.10346401
v -0.42589939 0.96634424 -0.09135742
v -0.42584819 0.99866021 -0.09961993
v -0.42564419 0.95767957 -0.09410423
v -0.42560378 0.96579260 -0.09106251
v -0.42554981 0.99061561 -0.09097525
v -0.42543498 0.99183738 -0.09107368
v -0.42528260 0.96525079 -0.09079111
v -0.42520699 0.99303162 -0.09126905
v -0.42506242 0.95724863 -0.09407112
v -0.42503381 0.99999517 -0.10757582
v -0.42492938 0.99920899 -0.10022873
v -0.42492840 0.96471423 -0.09055267
v -0.42486918 0.99417961 -0.09155843
v -0.42454281 0.96418500 -0.09034807
v -0.42446059 0.95684463 -0.09407841
v -0.42442679 0.99526441 -0.09193743
v -0.42412782 0.96366578 -0.09017821
v -0.42409599 1.00000000 -0.10643017
v -0.42396140 0.99961823 -0.10087013
v -0.42391139 0.96821517 -0.08911242
v -0.42388660 0.99626923 -0.09240025
v -0.42384219 0.95646894 -0.09412573
v -0.42368543 0.96315902 -0.09004389
v -0.42361698 0.96766937 -0.08884853
v -0.42330077 0.96713364 -0.08860735
v -0.42325678 0.99717921 -0.09293991
v -0.42321739 0.96266723 -0.08994604
v -0.42321059 0.95612395 -0.09421276
v -0.42295879 0.99988157 -0.10153446
v -0.42295459 0.96660280 -0.08839872
v -0.42272580 0.96219277 -0.08988554
v -0.42258042 0.96607900 -0.08822338
v -0.42256883 0.95581162 -0.09433914
v -0.42254663 0.99798018 -0.09354824
v -0.42242640 0.99000001 -0.08757360
v -0.42221260 0.96173823 -0.08986302
v -0.42193681 0.99999517 -0.10221167
v -0.42187101 0.95439917 -0.09560084
v -0.42181462 0.97000003 -0.08697056
v -0.42176720 0.99866021 -0.09421600
v -0.42168042 0.96130562 -0.08987825
v -0.42165580 0.96936798 -0.08684452
v -0.42157340 1.00000000 -0.10222149
v -0.42146838 0.96873683 -0.08674755
v -0.42125261 0.96810859 -0.08668035
v -0.42113221 0.96089637 -0.08993073
v -0.42100960 0.96748620 -0.08664350
v -0.42093021 0.99920899 -0.09493306
v -0.42073977 0.96687216 -0.08663744
v -0.42057040 0.96051276 -0.09001991
v -0.42044419 0.96626878 -0.08666252
v -0.42040902 0.99061561 -0.08567348
v -0.42030701 0.99183738 -0.08578529
v -0.42012361 0.96567899 -0.08671894
v -0.42010480 0.99303162 -0.08600722
v -0.42004842 0.99961823 -0.09568857
v -0.41999999 0.92000002 -0.13000000
v -0.41999999 0.92000002 0.17000000
v -0.41980499 0.99417961 -0.08633593
v -0.41977960 0.96510535 -0.08680681
v -0.41941318 0.96455038 -0.08692608
v -0.41941261 0.99526441 -0.08676638
v -0.41913521 0.99988157 -0.09647110
v -0.41902581 0.96401656 -0.08707659
v -0.41893342 0.99626923 -0.08729208
v -0.41865060 1.00000000 -0.09828033
v -0.41861901 0.96350640 -0.08725794
v -0.41837460 0.99717921 -0.08790506
v -0.41820419 0.99999517 -0.09726872
v -0.41819462 0.96302241 -0.08746971
v -0.41806358 0.99000001 -0.08361939
v -0.41775420 0.96256697 -0.08771120
v -0.41774479 0.99798018 -0.08859604
v -0.41760361 0.96938437 -0.08326994
v -0.41750857 0.96816260 -0.08338781
v -0.41747960 0.97000003 -0.08314619
v -0.41732040 0.96696836 -0.08362179
v -0.41729981 0.96214259 -0.08798159
v -0.41705319 0.99866021 -0.08935449
v -0.41704160 0.96582037 -0.08396830
v -0.41667640 0.96473557 -0.08442209
v -0.41635740 0.96139503 -0.08860495
v -0.41631082 0.99920899 -0.09016899
v -0.41623038 0.96373075 -0.08497629
v -0.41571042 0.96282083 -0.08562252
v -0.41569600 0.96100283 -0.08899712
v -0.41552842 0.99961823 -0.09102716
v -0.41535541 1.00000000 -0.09464466
v -0.41512421 0.96201980 -0.08635096
v -0.41498482 0.96069962 -0.08930046
v -0.41471821 0.99988157 -0.09191599
v -0.41465542 0.99061561 -0.08104366
v -0.41456798 0.99183738 -0.08116716
v -0.41448078 0.96133977 -0.08715055
v -0.41439462 0.99303162 -0.08141228
v -0.41418579 0.96045095 -0.08954889
v -0.41413760 0.99417961 -0.08177529
v -0.41389221 0.99999517 -0.09282198
v -0.41380101 0.99526441 -0.08225071
v -0.41378978 0.96079099 -0.08800922
v -0.41339001 0.99626923 -0.08283132
v -0.41338637 0.96027064 -0.08972944
v -0.41333419 0.99000001 -0.08011183
v -0.41306180 0.96038175 -0.08891392
v -0.41291082 0.99717921 -0.08350834
v -0.41279659 0.97000003 -0.07975677
v -0.41237059 0.99798018 -0.08427147
v -0.41230783 0.96011841 -0.08985092
v -0.41177762 0.99866021 -0.08510916
v -0.41171959 1.00000000 -0.09134949
v -0.41170362 0.96006316 -0.08993687
v -0.41157600 0.96938437 -0.07900310
v -0.41149619 0.96816260 -0.07913174
v -0.41133821 0.96696836 -0.07938705
v -0.41114080 0.99920899 -0.08600874
v -0.41110402 0.96582037 -0.07976522
v -0.41079739 0.96473557 -0.08026047
v -0.41046983 0.99961823 -0.08695652
v -0.41042301 0.96373075 -0.08086527
v -0.41000000 0.95999998 -0.09000000
v -0.40998620 0.96282083 -0.08157049
v -0.40977502 0.99988157 -0.08793817
v -0.40949401 0.96201980 -0.08236544
v -0.40906659 0.99999517 -0.08893881
v -0.40895379 0.96133977 -0.08323807
v -0.40837660 0.99061561 -0.07715597
v -0.40837359 0.96079099 -0.08417513
v -0.40830502 0.99183738 -0.07728928
v -0.40828380 0.99000001 -0.07708471
v -0.40816298 0.99303162 -0.07755386
v -0.40795261 0.99417961 -0.07794571
v -0.40780917 0.97000003 -0.07683376
v -0.40777859 1.00000000 -0.08842652
v -0.40776217 0.96038175 -0.08516241
v -0.40767699 0.99526441 -0.07845888
v -0.40734041 0.99626923 -0.07908560
v -0.40712920 0.96011841 -0.08618498
v -0.40694800 0.99717921 -0.07981636
v -0.40650582 0.99798018 -0.08064011
v -0.40648380 0.96000481 -0.08722732
v -0.40602019 0.99866021 -0.08154432
v -0.40549880 0.99920899 -0.08251531
v -0.40506962 0.96938437 -0.07550932
v -0.40500641 0.96816260 -0.07564677
v -0.40494943 0.99961823 -0.08353838
v -0.40488097 0.96696836 -0.07591957
v -0.40469500 0.96582037 -0.07632364
v -0.40445161 0.96473557 -0.07685280
v -0.40438041 0.99988157 -0.08459800
v -0.40415421 0.96373075 -0.07749906
v -0.40380761 0.96282083 -0.07825260
v -0.40380040 0.99999517 -0.08567808
v -0.40356979 1.00000000 -0.08590393
v -0.40341678 0.96201980 -0.07910202
v -0.40320542 0.95999998 -0.08571104
v -0.40298778 0.96133977 -0.08003443
v -0.40296102 0.99000001 -0.07456722
v -0.40256360 0.97000003 -0.07440428
v -0.40252721 0.96079099 -0.08103565
v -0.40204182 0.96038175 -0.08209061
v -0.40166759 0.99061561 -0.07406937
v -0.40161300 0.99183738 -0.07421044
v -0.40153921 0.96011841 -0.08318321
v -0.40150461 0.99303162 -0.07449045
v -0.40134379 0.99417961 -0.07490520
v -0.40113339 0.99526441 -0.07544834
v -0.40102682 0.96000481 -0.08429699
v -0.40087640 0.99626923 -0.07611168
v -0.40057677 0.99717921 -0.07688515
v -0.40023899 0.99798018 -0.07775698
v -0.39986819 0.99866021 -0.07871403
v -0.39947021 0.99920899 -0.07974175
v -0.39913422 1.00000000 -0.08380602
v -0.39905059 0.99961823 -0.08082457
v -0.39861622 0.99988157 -0.08194607
v -0.39818341 0.96938437 -0.07284157
v -0.39817342 0.99999517 -0.08308924
v -0.39813760 0.96816260 -0.07298575
v -0.39804661 0.96696836 -0.07327192
v -0.39791161 0.96582037 -0.07369576
v -0.39773500 0.96473557 -0.07425081
v -0.39751941 0.96373075 -0.07492872
v -0.39741698 0.99000001 -0.07258358
v -0.39726800 0.96282083 -0.07571915
v -0.39710861 0.97000003 -0.07249090
v -0.39698461 0.96201980 -0.07661015
v -0.39667338 0.96133977 -0.07758818
v -0.39633918 0.96079099 -0.07863846
v -0.39598721 0.96038175 -0.07974506
v -0.39581138 0.95999998 -0.08256584
v -0.39562261 0.96011841 -0.08089115
v -0.39525101 0.96000481 -0.08205944
v -0.39463019 0.99061561 -0.07183058
v -0.39459321 0.99183738 -0.07197733
v -0.39451998 0.99303162 -0.07226856
v -0.39451420 1.00000000 -0.08215298
v -0.39441159 0.99417961 -0.07269987
v -0.39426941 0.99526441 -0.07326477
v -0.39409599 0.99626923 -0.07395466
v -0.39389360 0.99717921 -0.07475907
v -0.39366561 0.99798018 -0.07566582
v -0.39341518 0.99866021 -0.07666117
v -0.39314640 0.99920899 -0.07773003
v -0.39286318 0.99961823 -0.07885619
v -0.39256981 0.99988157 -0.08002257
v -0.39227080 0.99999517 -0.08121149
v -0.39170539 0.99000001 -0.07115288
v -0.39149478 0.97000003 -0.07111135
v -0.39102137 0.96938437 -0.07104027
v -0.39099362 0.96816260 -0.07118899
v -0.39093861 0.96696836 -0.07148419
v -0.39085677 0.96582037 -0.07192139
v -0.39074981 0.96473557 -0.07249393
v -0.39061901 0.96373075 -0.07319321
v -0.39046660 0.96282083 -0.07400854
v -0.39029479 0.96201980 -0.07492760
v -0.39010620 0.96133977 -0.07593649
v -0.38990378 0.96079099 -0.07701986
v -0.38975459 1.00000000 -0.08096073
v -0.38969040 0.96038175 -0.07816131
v -0.38946941 0.96011841 -0.07934355
v -0.38924399 0.96000481 -0.08054865
v -0.38800919 0.95999998 -0.08064562
v -0.38737097 0.99061561 -0.07047360
v -0.38735241 0.99183738 -0.07062374
v -0.38731539 0.99303162 -0.07092179
v -0.38726082 0.99417961 -0.07136318
v -0.38718921 0.99526441 -0.07194124
v -0.38710177 0.99626923 -0.07264723
v -0.38699982 0.99717921 -0.07347040
v -0.38688499 0.99798018 -0.07439831
v -0.38675880 0.99866021 -0.07541689
v -0.38662338 0.99920899 -0.07651066
v -0.38648078 0.99961823 -0.07766308
v -0.38633302 0.99988157 -0.07885668
v -0.38618222 0.99999517 -0.08007336
v -0.38588101 0.99000001 -0.07028893
v -0.38577420 0.97000003 -0.07027847
v -0.38490081 1.00000000 -0.08024076
v -0.38369238 0.96938437 -0.07013273
v -0.38368320 0.96816260 -0.07028374
v -0.38366458 0.96696836 -0.07058348
v -0.38363740 0.96582037 -0.07102741
v -0.38360143 0.96473557 -0.07160877
v -0.38355759 0.96373075 -0.07231880
v -0.38350660 0.96282083 -0.07314671
v -0.38344899 0.96201980 -0.07407992
v -0.38338581 0.96133977 -0.07510431
v -0.38331798 0.96079099 -0.07620436
v -0.38324660 0.96038175 -0.07736339
v -0.38317242 0.96011841 -0.07856382
v -0.38309699 0.96000481 -0.07978746
v -0.38000000 0.95999998 -0.08000000
v -0.38000000 0.96004820 -0.07901981
v -0.38000000 0.96019220 -0.07804911
v -0.38000000 0.96043062 -0.07709717
v -0.38000000 0.96076119 -0.07617316
v -0.38000000 0.96118081 -0.07528605
v -0.38000000 0.96168542 -0.07444429
v -0.38000000 0.96226984 -0.07365606
v -0.38000000 0.96292901 -0.07292894
v -0.38000000 0.96365601 -0.07226989
v -0.38000000 0.96444422 -0.07168529
v -0.38000000 0.96528602 -0.07118078
v -0.38000000 0.96617317 -0.07076120
v -0.38000000 0.96709716 -0.07043061
v -0.38000000 0.96804899 -0.07019214
v -0.38000000 0.96901977 -0.07004816
v -0.38000000 0.97000003 -0.07000000
v -0.38000000 0.99000001 -0.07000000
v -0.38000000 0.99098021 -0.07004816
v -0.38000000 0.99195099 -0.07019214
v -0.38000000 0.99290282 -0.07043061
v -0.38000000 0.99382681 -0.07076120
v -0.38000000 0.99471396 -0.07118078
v -0.38000000 0.99555582 -0.07168529
v -0.38000000 0.99634397 -0.07226989
v -0.38000000 0.99707103 -0.07292894
v -0.38000000 0.99773020 -0.07365606
v -0.38000000 0.99831462 -0.07444429
v -0.38000000 0.99881917 -0.07528605
v -0.38000000 0.99923879 -0.07617316
v -0.38000000 0.99956942 -0.07709717
v -0.38000000 0.99980783 -0.07804911
v -0.38000000 0.99995178 -0.07901981
v -0.38000000 1.00000000 -0.08000000
v -0.07853982 0.74292898 -0.26707107
v 0.07853982 -0.86292899 -0.26707107
v 0.38000000 0.95999998 -0.08000000
v 0.38000000 0.96004820 -0.07901981
v 0.38000000 0.96019220 -0.07804911
v 0.38000000 0.96043062 -0.07709717
v 0.38000000 0.96076119 -0.07617316
v 0.38000000 0.96118081 -0.07528605
v 0.38000000 0.96168542 -0.07444429
v 0.38000000 0.96226984 -0.07365606
v 0.38000000 0.96292901 -0.07292894
v 0.38000000 0.96365601 -0.07226989
v 0.38000000 0.96444422 -0.07168529
v 0.38000000 0.96528602 -0.07118078
v 0.38000000 0.96617317 -0.07076120
v 0.38000000 0.96709716 -0.07043061
v 0.38000000 0.96804899 -0.07019214
v 0.38000000 0.96901977 -0.07004816
v 0.38000000 0.97000003 -0.07000000
v 0.38000000 0.99000001 -0.07000000
v 0.38000000 0.99098021 -0.07004816
v 0.38000000 0.99195099 -0.07019214
v 0.38000000 0.99290282 -0.07043061
v 0.38000000 0.99382681 -0.07076120
v 0.38000000 0.99471396 -0.07118078
v 0.38000000 0.99555582 -0.07168529
v 0.38000000 0.99634397 -0.07226989
v 0.38000000 0.99707103 -0.07292894
v 0.38000000 0.99773020 -0.07365606
v 0.38000000 0.99831462 -0.07444429
v 0.38000000 0.99881917 -0.07528605
v 0.38000000 0.99923879 -0.07617316
v 0.38000000 0.99956942 -0.07709717
v 0.38000000 0.99980783 -0.07804911
v 0.38000000 0.99995178 -0.07901981
v 0.38000000 1.00000000 -0.08000000
v 0.38309699 0.96000481 -0.07978746
v 0.38317242 0.96011841 -0.07856382
v 0.38324660 0.96038175 -0.07736339
v 0.38331798 0.96079099 -0.07620436
v 0.38338581 0.96133977 -0.07510431
v 0.38344899 0.96201980 -0.07407992
v 0.38350660 0.96282083 -0.07314671
v 0.38355759 0.96373075 -0.07231880
v 0.38360143 0.96473557 -0.07160877
v 0.38363740 0.96582037 -0.07102741
v 0.38366458 0.96696836 -0.07058348
v 0.38368320 0.96816260 -0.07028374
v 0.38369238 0.96938437 -0.07013273
v 0.38490081 1.00000000 -0.08024076
v 0.38577420 0.97000003 -0.07027847
v 0.38588101 0.99000001 -0.07028893
v 0.38618222 0.99999517 -0.08007336
v 0.38633302 0.99988157 -0.07885668
v 0.38648078 0.99961823 -0.07766308
v 0.38662338 0.99920899 -0.07651066
v 0.38675880 0.99866021 -0.07541689
v 0.38688499 0.99798018 -0.07439831
v 0.38699982 0.99717921 -0.07347040
v 0.38710177 0.99626923 -0.07264723
v 0.38718921 0.99526441 -0.07194124
v 0.38726082 0.99417961 -0.07136318
v 0.38731539 0.99303162 -0.07092179
v 0.38735241 0.99183738 -0.07062374
v 0.38737097 0.99061561 -0.07047360
v 0.38800919 0.95999998 -0.08064562
v 0.38924399 0.96000481 -0.08054865
v 0.38946941 0.96011841 -0.07934355
v 0.38969040 0.96038175 -0.07816131
v 0.38975459 1.00000000 -0.08096073
v 0.38990378 0.96079099 -0.07701986
v 0.39010620 0.96133977 -0.07593649
v 0.39029479 0.96201980 -0.07492760
v 0.39046660 0.96282083 -0.07400854
v 0.39061901 0.96373075 -0.07319321
v 0.39074981 0.96473557 -0.07249393
v 0.39085677 0.96582037 -0.07192139
v 0.39093861 0.96696836 -0.07148419
v 0.39099362 0.96816260 -0.07118899
v 0.39102137 0.96938437 -0.07104027
v 0.39149478 0.97000003 -0.07111135
v 0.39170539 0.99000001 -0.07115288
v 0.39227080 0.99999517 -0.08121149
v 0.39256981 0.99988157 -0.08002257
v 0.39286318 0.99961823 -0.07885619
v 0.39314640 0.99920899 -0.07773003
v 0.39341518 0.99866021 -0.07666117
v 0.39366561 0.99798018 -0.07566582
v 0.39389360 0.99717921 -0.07475907
v 0.39409599 0.99626923 -0.07395466
v 0.39426941 0.99526441 -0.07326477
v 0.39441159 0.99417961 -0.07269987
v 0.39451420 1.00000000 -0.08215298
v 0.39451998 0.99303162 -0.07226856
v 0.39459321 0.99183738 -0.07197733
v 0.39463019 0.99061561 -0.07183058
v 0.39525101 0.96000481 -0.08205944
v 0.39562261 0.96011841 -0.08089115
v 0.39581138 0.95999998 -0.08256584
v 0.39598721 0.96038175 -0.07974506
v 0.39633918 0.96079099 -0.07863846
v 0.39667338 0.96133977 -0.07758818
v 0.39698461 0.96201980 -0.07661015
v 0.39710861 0.97000003 -0.07249090
v 0.39726800 0.96282083 -0.07571915
v 0.39741698 0.99000001 -0.07258358
v 0.39751941 0.96373075 -0.07492872
v 0.39773500 0.96473557 -0.07425081
v 0.39791161 0.96582037 -0.07369576
v 0.39804661 0.96696836 -0.07327192
v 0.39813760 0.96816260 -0.07298575
v 0.39817342 0.99999517 -0.08308924
v 0.39818341 0.96938437 -0.07284157
v 0.39861622 0.99988157 -0.08194607
v 0.39905059 0.99961823 -0.08082457
v 0.39913422 1.00000000 -0.08380602
v 0.39947021 0.99920899 -0.07974175
v 0.39986819 0.99866021 -0.07871403
v 0.40023899 0.99798018 -0.07775698
v 0.40057677 0.99717921 -0.07688515
v 0.40087640 0.99626923 -0.07611168
v 0.40102682 0.96000481 -0.08429699
v 0.40113339 0.99526441 -0.07544834
v 0.40134379 0.99417961 -0.07490520
v 0.40150461 0.99303162 -0.07449045
v 0.40153921 0.96011841 -0.08318321
v 0.40161300 0.99183738 -0.07421044
v 0.40166759 0.99061561 -0.07406937
v 0.40204182 0.96038175 -0.08209061
v 0.40252721 0.96079099 -0.08103565
v 0.40256360 0.97000003 -0.07440428
v 0.40296102 0.99000001 -0.07456722
v 0.40298778 0.96133977 -0.08003443
v 0.40320542 0.95999998 -0.08571104
v 0.40341678 0.96201980 -0.07910202
v 0.40356979 1.00000000 -0.08590393
v 0.40380040 0.99999517 -0.08567808
v 0.40380761 0.96282083 -0.07825260
v 0.40415421 0.96373075 -0.07749906
v 0.40438041 0.99988157 -0.08459800
v 0.40445161 0.96473557 -0.07685280
v 0.40469500 0.96582037 -0.07632364
v 0.40488097 0.96696836 -0.07591957
v 0.40494943 0.99961823 -0.08353838
v 0.40500641 0.96816260 -0.07564677
v 0.40506962 0.96938437 -0.07550932
v 0.40549880 0.99920899 -0.08251531
v 0.40602019 0.99866021 -0.08154432
v 0.40648380 0.96000481 -0.08722732
v 0.40650582 0.99798018 -0.08064011
v 0.40694800 0.99717921 -0.07981636
v 0.40712920 0.96011841 -0.08618498
v 0.40734041 0.99626923 -0.07908560
v 0.40767699 0.99526441 -0.07845888
v 0.40776217 0.96038175 -0.08516241
v 0.40777859 1.00000000 -0.08842652
v 0.40780917 0.97000003 -0.07683376
v 0.40795261 0.99417961 -0.07794571
v 0.40816298 0.99303162 -0.07755386
v 0.40828380 0.99000001 -0.07708471
v 0.40830502 0.99183738 -0.07728928
v 0.40837359 0.96079099 -0.08417513
v 0.40837660 0.99061561 -0.07715597
v 0.40895379 0.96133977 -0.08323807
v 0.40906659 0.99999517 -0.08893881
v 0.40949401 0.96201980 -0.08236544
v 0.40977502 0.99988157 -0.08793817
v 0.40998620 0.96282083 -0.08157049
v 0.41000000 0.95999998 -0.09000000
v 0.41042301 0.96373075 -0.08086527
v 0.41046983 0.99961823 -0.08695652
v 0.41079739 0.96473557 -0.08026047
v 0.41110402 0.96582037 -0.07976522
v 0.41114080 0.99920899 -0.08600874
v 0.41133821 0.96696836 -0.07938705
v 0.41149619 0.96816260 -0.07913174
v 0.41157600 0.96938437 -0.07900310
v 0.41170362 0.96006316 -0.08993687
v 0.41171959 1.00000000 -0.09134949
v 0.41177762 0.99866021 -0.08510916
v 0.41230783 0.96011841 -0.08985092
v 0.41237059 0.99798018 -0.08427147
v 0.41279659 0.97000003 -0.07975677
v 0.41291082 0.99717921 -0.08350834
v 0.41306180 0.96038175 -0.08891392
v 0.41333419 0.99000001 -0.08011183
v 0.41338637 0.96027064 -0.08972944
v 0.41339001 0.99626923 -0.08283132
v 0.41378978 0.96079099 -0.08800922
v 0.41380101 0.99526441 -0.08225071
v 0.41389221 0.99999517 -0.09282198
v 0.41413760 0.99417961 -0.08177529
v 0.41418579 0.96045095 -0.08954889
v 0.41439462 0.99303162 -0.08141228
v 0.41448078 0.96133977 -0.08715055
v 0.41456798 0.99183738 -0.08116716
v 0.41465542 0.99061561 -0.08104366
v 0.41471821 0.99988157 -0.09191599
v 0.41498482 0.96069962 -0.08930046
v 0.41512421 0.96201980 -0.08635096
v 0.41535541 1.00000000 -0.09464466
v 0.41552842 0.99961823 -0.09102716
v 0.41569600 0.96100283 -0.08899712
v 0.41571042 0.96282083 -0.08562252
v 0.41623038 0.96373075 -0.08497629
v 0.41631082 0.99920899 -0.09016899
v 0.41635740 0.96139503 -0.08860495
v 0.41667640 0.96473557 -0.08442209
v 0.41704160 0.96582037 -0.08396830
v 0.41705319 0.99866021 -0.08935449
v 0.41729981 0.96214259 -0.08798159
v 0.41732040 0.96696836 -0.08362179
v 0.41747960 0.97000003 -0.08314619
v 0.41750857 0.96816260 -0.08338781
v 0.41760361 0.96938437 -0.08326994
v 0.41774479 0.99798018 -0.08859604
v 0.41775420 0.96256697 -0.08771120
v 0.41806358 0.99000001 -0.08361939
v 0.41819462 0.96302241 -0.08746971
v 0.41820419 0.99999517 -0.09726872
v 0.41837460 0.99717921 -0.08790506
v 0.41861901 0.96350640 -0.08725794
v 0.41865060 1.00000000 -0.09828033
v 0.41893342 0.99626923 -0.08729208
v 0.41902581 0.96401656 -0.08707659
v 0.41913521 0.99988157 -0.09647110
v 0.41941261 0.99526441 -0.08676638
v 0.41941318 0.96455038 -0.08692608
v 0.41977960 0.96510535 -0.08680681
v 0.41980499 0.99417961 -0.08633593
v 0.41999999 0.92000002 -0.13000000
v 0.41999999 0.92000002 0.17000000
v 0.42004842 0.99961823 -0.09568857
v 0.42010480 0.99303162 -0.08600722
v 0.42012361 0.96567899 -0.08671894
v 0.42030701 0.99183738 -0.08578529
v 0.42040902 0.99061561 -0.08567348
v 0.42044419 0.96626878 -0.08666252
v 0.42057040 0.96051276 -0.09001991
v 0.42073977 0.96687216 -0.08663744
v 0.42093021 0.99920899 -0.09493306
v 0.42100960 0.96748620 -0.08664350
v 0.42113221 0.96089637 -0.08993073
v 0.42125261 0.96810859 -0.08668035
v 0.42146838 0.96873683 -0.08674755
v 0.42157340 1.00000000 -0.10222149
v 0.42165580 0.96936798 -0.08684452
v 0.42168042 0.96130562 -0.08987825
v 0.42176720 0.99866021 -0.09421600
v 0.42181462 0.97000003 -0.08697056
v 0.42187101 0.95439917 -0.09560084
v 0.42193681 0.99999517 -0.10221167
v 0.42221260 0.96173823 -0.08986302
v 0.42242640 0.99000001 -0.08757360
v 0.42254663 0.99798018 -0.09354824
v 0.42256883 0.95581162 -0.09433914
v 0.42258042 0.96607900 -0.08822338
v 0.42272580 0.96219277 -0.08988554
v 0.42295459 0.96660280 -0.08839872
v 0.42295879 0.99988157 -0.10153446
v 0.42321059 0.95612395 -0.09421276
v 0.42321739 0.96266723 -0.08994604
v 0.42325678 0.99717921 -0.09293991
v 0.42330077 0.96713364 -0.08860735
v 0.42361698 0.96766937 -0.08884853
v 0.42368543 0.96315902 -0.09004389
v 0.42384219 0.95646894 -0.09412573
v 0.42388660 0.99626923 -0.09240025
v 0.42391139 0.96821517 -0.08911242
v 0.42396140 0.99961823 -0.10087013
v 0.42409599 1.00000000 -0.10643017
v 0.42412782 0.96366578 -0.09017821
v 0.42442679 0.99526441 -0.09193743
v 0.42446059 0.95684463 -0.09407841
v 0.42454281 0.96418500 -0.09034807
v 0.42486918 0.99417961 -0.09155843
v 0.42492840 0.96471423 -0.09055267
v 0.42492938 0.99920899 -0.10022873
v 0.42503381 0.99999517 -0.10757582
v 0.42506242 0.95724863 -0.09407112
v 0.42520699 0.99303162 -0.09126905
v 0.42528260 0.96525079 -0.09079111
v 0.42543498 0.99183738 -0.09107368
v 0.42554981 0.99061561 -0.09097525
v 0.42560378 0.96579260 -0.09106251
v 0.42564419 0.95767957 -0.09410423
v 0.42584819 0.99866021 -0.09961993
v 0.42589939 0.96634424 -0.09135742
v 0.42605561 0.94653600 -0.10346401
v 0.42613122 0.99988157 -0.10702936
v 0.42619401 1.00000000 -0.11086582
v 0.42620280 0.95813560 -0.09417814
v 0.42638060 0.99000001 -0.09193639
v 0.42640018 0.96220964 -0.09256527
v 0.42669442 0.95213419 -0.09852882
v 0.42670360 0.99798018 -0.09905300
v 0.42673501 0.95861417 -0.09429281
v 0.42679518 0.96274459 -0.09280007
v 0.42715579 0.96328759 -0.09306914
v 0.42720780 0.99961823 -0.10649326
v 0.42723802 0.95911264 -0.09444723
v 0.42736661 0.95250022 -0.09852780
v 0.42744818 0.99999517 -0.11327992
v 0.42747959 0.96383595 -0.09337137
v 0.42748320 0.99717921 -0.09853657
v 0.42758837 0.94695419 -0.10323320
v 0.42770982 0.95962799 -0.09464008
v 0.42777279 0.96439302 -0.09369894
v 0.42784700 1.00000000 -0.11548577
v 0.42801860 0.95289880 -0.09857024
v 0.42814800 0.96015763 -0.09487005
v 0.42817459 0.99626923 -0.09807838
v 0.42824742 0.99920899 -0.10597567
v 0.42834580 0.94722974 -0.10318857
v 0.42838019 0.94276422 -0.10729469
v 0.42855042 0.96069860 -0.09513590
v 0.42860439 0.99988157 -0.11287246
v 0.42864639 0.95332766 -0.09865629
v 0.42876759 0.99526441 -0.09768543
v 0.42891499 0.96124840 -0.09543630
v 0.42900398 0.93700141 -0.11299866
v 0.42903918 1.00000000 -0.12024548
v 0.42908859 0.94754624 -0.10319123
v 0.42914322 0.99999517 -0.11923746
v 0.42923400 0.99866021 -0.10548441
v 0.42923963 0.96180397 -0.09576994
v 0.42924622 0.95378500 -0.09878609
v 0.42925319 0.99417961 -0.09736370
v 0.42952678 0.96236616 -0.09613113
v 0.42962378 0.99303162 -0.09711803
v 0.42973882 0.99961823 -0.11247271
v 0.42975920 1.00000000 -0.12509914
v 0.42978120 0.95803320 -0.09725764
v 0.42981178 0.94790137 -0.10324097
v 0.42981380 0.95426822 -0.09895933
v 0.42987418 0.99183738 -0.09695216
v 0.42988819 0.99000001 -0.09666578
v 0.43000001 0.92000002 -0.13000000
v 0.43000001 0.92707098 -0.12292895
v 0.43000001 1.00000000 -0.13080816
v 0.43000001 1.00000000 -0.13000000
v 0.43000039 0.99061561 -0.09686857
v 0.43009338 0.99999517 -0.12535816
v 0.43015280 0.99798018 -0.10502689
v 0.43018922 0.95858079 -0.09755522
v 0.43034080 0.99988157 -0.11897520
v 0.43034619 0.95477402 -0.09917446
v 0.43051061 0.94829339 -0.10333759
v 0.43055579 0.95913756 -0.09788746
v 0.43062460 0.99998039 -0.13083208
v 0.43083400 0.99920899 -0.11208678
v 0.43084079 0.95529938 -0.09942967
v 0.43087840 0.95970076 -0.09825287
v 0.43098018 0.92000002 -0.13006811
v 0.43098018 0.92710519 -0.12296298
v 0.43098018 0.99995178 -0.13000000
v 0.43098980 0.99717921 -0.10461014
v 0.43115699 0.96026880 -0.09864794
v 0.43118060 0.94872004 -0.10348101
v 0.43124160 0.99992263 -0.13090295
v 0.43129522 0.95584083 -0.09972313
v 0.43131402 0.99988157 -0.12524505
v 0.43150318 0.94894540 -0.10357016
v 0.43151560 0.99961823 -0.11871790
v 0.43170658 0.95639557 -0.10005303
v 0.43173221 0.99626923 -0.10424042
v 0.43181679 0.94917876 -0.10367096
v 0.43184558 0.99982816 -0.13101855
v 0.43187341 0.99866021 -0.11172047
v 0.43195099 0.92000002 -0.13027173
v 0.43195099 0.92720705 -0.12306480
v 0.43195099 0.99980783 -0.13000000
v 0.43207279 0.95695996 -0.10041755
v 0.43212059 0.94941938 -0.10378328
v 0.43236899 0.99526441 -0.10392334
v 0.43239120 0.95753145 -0.10081492
v 0.43241420 0.94966722 -0.10390683
v 0.43241638 0.93779981 -0.11310404
v 0.43243501 0.99969900 -0.13117677
v 0.43251160 0.99961823 -0.12513408
v 0.43265000 0.99920899 -0.11846945
v 0.43265960 0.95810622 -0.10124306
v 0.43268439 0.95358545 -0.10226152
v 0.43269742 0.94992119 -0.10404125
v 0.43284142 0.99798018 -0.11137938
v 0.43289039 0.99417961 -0.10366369
v 0.43290278 0.92000002 -0.13060896
v 0.43290278 0.92737556 -0.12323341
v 0.43290278 0.99956942 -0.13000000
v 0.43291518 0.99000001 -0.10171619
v 0.43296960 0.95018142 -0.10418633
v 0.43309718 0.95414758 -0.10262422
v 0.43321860 0.94390321 -0.10853098
v 0.43323058 0.95044702 -0.10434170
v 0.43323138 0.93812895 -0.11326855
v 0.43328860 0.99303162 -0.10346546
v 0.43346080 0.95472026 -0.10302129
v 0.43347999 0.95071775 -0.10450704
v 0.43355381 0.99934721 -0.13160764
v 0.43355739 0.99183738 -0.10333160
v 0.43355781 0.94412905 -0.10865194
v 0.43366799 0.99920899 -0.12502694
v 0.43369281 0.99061561 -0.10326416
v 0.43371737 0.95099318 -0.10468210
v 0.43372342 0.99717921 -0.11106862
v 0.43372661 0.99866021 -0.11823368
v 0.43377239 0.95529997 -0.10345064
v 0.43382680 0.92000002 -0.13107650
v 0.43382680 0.92760938 -0.12346718
v 0.43382680 0.99923879 -0.13000000
v 0.43388599 0.94436365 -0.10878509
v 0.43394262 0.95127279 -0.10486654
v 0.43401241 0.93850499 -0.11348657
v 0.43403062 0.95588380 -0.10391001
v 0.43420300 0.94460660 -0.10893030
v 0.43435439 0.95184278 -0.10526232
v 0.43450561 0.99626923 -0.11079294
v 0.43450761 0.94485766 -0.10908712
v 0.43457681 0.99889123 -0.13216622
v 0.43471280 0.95242417 -0.10569201
v 0.43471402 0.92000002 -0.13166988
v 0.43471402 0.92790604 -0.12376387
v 0.43471402 0.99881917 -0.13000000
v 0.43472919 0.99798018 -0.11801412
v 0.43475300 0.93892515 -0.11375700
v 0.43476540 0.99866021 -0.12492524
v 0.43479979 0.94511598 -0.10925516
v 0.43501481 0.95301324 -0.10615309
v 0.43507919 0.94538116 -0.10943402
v 0.43510601 0.93915099 -0.11391152
v 0.43517658 0.99526441 -0.11055651
v 0.43526679 0.95360702 -0.10664210
v 0.43534520 0.94565278 -0.10962330
v 0.43543282 0.99000001 -0.10703900
v 0.43544638 0.93938696 -0.11407872
v 0.43549937 0.99835223 -0.13282637
v 0.43555582 0.92000002 -0.13238339
v 0.43555582 0.92826277 -0.12412062
v 0.43555582 0.99831462 -0.13000000
v 0.43559760 0.94593018 -0.10982260
v 0.43564260 0.99717921 -0.11781409
v 0.43572602 0.99417961 -0.11036294
v 0.43577319 0.93963277 -0.11425833
v 0.43577659 0.93383336 -0.11910978
v 0.43578738 0.99798018 -0.12483054
v 0.43583599 0.94621301 -0.11003150
v 0.43605998 0.94650042 -0.11024959
v 0.43608582 0.93988740 -0.11444981
v 0.43614078 0.93405938 -0.11929944
v 0.43614540 0.99303162 -0.11021512
v 0.43632060 0.99774915 -0.13356486
v 0.43634400 0.92000002 -0.13321012
v 0.43634400 0.92867625 -0.12453400
v 0.43634400 0.99773020 -0.13000000
v 0.43638378 0.94015062 -0.11465264
v 0.43642861 0.99183738 -0.11011530
v 0.43645278 0.99626923 -0.11763664
v 0.43646300 0.94708765 -0.11071186
v 0.43649021 0.93429679 -0.11950211
v 0.43657139 0.99061561 -0.11006502
v 0.43666679 0.94042158 -0.11486630
v 0.43671557 0.92890280 -0.12476067
v 0.43671840 0.99717921 -0.12474428
v 0.43680358 0.94768786 -0.11120612
v 0.43682399 0.93454534 -0.11971736
v 0.43693420 0.94069964 -0.11509028
v 0.43707100 0.92000002 -0.13414215
v 0.43707100 0.92914224 -0.12500000
v 0.43707100 0.99707103 -0.13000000
v 0.43707877 0.94829696 -0.11172918
v 0.43714142 0.93480420 -0.11994453
v 0.43714780 0.99526441 -0.11748447
v 0.43718600 0.94098443 -0.11532406
v 0.43732202 0.94891340 -0.11227440
v 0.43740958 0.92939341 -0.12525135
v 0.43741637 0.99000001 -0.11258292
v 0.43742141 0.94127542 -0.11556714
v 0.43744180 0.93507242 -0.12018292
v 0.43754423 0.99626923 -0.12466774
v 0.43764001 0.94157159 -0.11581901
v 0.43767980 0.99640501 -0.13521121
v 0.43771678 0.99417961 -0.11735984
v 0.43772498 0.93534982 -0.12043194
v 0.43773022 0.92965621 -0.12551416
v 0.43773022 0.99634397 -0.13000000
v 0.43799043 0.93563521 -0.12069093
v 0.43802559 0.94217843 -0.11634704
v 0.43803200 0.92992997 -0.12578776
v 0.43815121 0.99303162 -0.11726468
v 0.43823761 0.93592840 -0.12095928
v 0.43825260 0.99526441 -0.12460210
v 0.43831459 0.92000002 -0.13628519
v 0.43831459 0.93021363 -0.12607151
v 0.43831459 0.99555582 -0.13000000
v 0.43833938 0.94279981 -0.11690404
v 0.43844458 0.99183738 -0.11720044
v 0.43846643 0.93622839 -0.12123635
v 0.43857720 0.93050683 -0.12636474
v 0.43857843 0.94343138 -0.11748590
v 0.43859240 0.99061561 -0.11716808
v 0.43866861 0.94374961 -0.11778488
v 0.43867600 0.93653458 -0.12152144
v 0.43869600 0.99493760 -0.13700841
v 0.43880481 0.94407243 -0.11808368
v 0.43881920 0.93080878 -0.12666672
v 0.43881920 0.99471396 -0.13000000
v 0.43883258 0.99417961 -0.12454836
v 0.43884718 0.99000001 -0.11829458
v 0.43903640 0.93716300 -0.12211334
v 0.43903980 0.93111879 -0.12697671
v 0.43911517 0.94095778 -0.12041408
v 0.43919301 0.94128221 -0.12072586
v 0.43923882 0.92000002 -0.13873018
v 0.43923882 0.93143624 -0.12729402
v 0.43923882 0.99382681 -0.13000000
v 0.43927538 0.99303162 -0.12450732
v 0.43931541 0.93780839 -0.12272988
v 0.43932679 0.94161165 -0.12103662
v 0.43941399 0.99337316 -0.13892442
v 0.43950981 0.93846518 -0.12336594
v 0.43956938 0.93208963 -0.12794738
v 0.43956938 0.99290282 -0.13000000
v 0.43957400 0.93879640 -0.12368972
v 0.43957460 0.99183738 -0.12447960
v 0.43970039 0.93913221 -0.12401193
v 0.43971100 0.99000001 -0.12411898
v 0.43972519 0.99061561 -0.12446564
v 0.43976101 0.93595976 -0.12633432
v 0.43980780 0.92000002 -0.14138314
v 0.43980780 0.93276262 -0.12862051
v 0.43980780 0.99195099 -0.13000000
v 0.43981099 0.93629801 -0.12666920
v 0.43985179 0.99171519 -0.14095500
v 0.43992501 0.93664014 -0.12700222
v 0.43995178 0.93344903 -0.12930691
v 0.43995178 0.99098021 -0.13000000
v 0.43998799 0.93379515 -0.12965304
v 0.44000000 0.88000000 -0.13000000
v 0.44000000 0.88000000 0.17000000
v 0.44000000 0.92000002 -0.21799999
v 0.44000000 0.92000002 -0.14414214
v 0.44000000 0.92000002 0.17000000
v 0.44000000 0.93414223 -0.13000000
v 0.44000000 0.96800005 -0.17000000
v 0.44000000 0.99000001 -0.14305562
v 0.44000000 0.99000001 -0.13000000
v 0.47999999 0.88000000 -0.25799999
v 0.47999999 0.88000000 0.17000000
v 0.68000001 -0.89999998 -0.23000000
v 0.68000001 -0.86292899 -0.26707107
v 0.68000001 -0.86220175 -0.26773012
v 0.68000001 -0.86141360 -0.26831469
v 0.68000001 -0.86057180 -0.26881921
v 0.68000001 -0.86000001 -0.19000000
v 0.68000001 -0.85968459 -0.26923880
v 0.68000001 -0.85876083 -0.26956940
v 0.68000001 -0.85780883 -0.26980785
v 0.68000001 -0.85683799 -0.26995185
v 0.68000001 -0.85585779 -0.27000001
v 0.68000001 -0.81999999 -0.23000000
v 0.68000001 0.69999999 -0.23000000
v 0.68000001 0.73585778 -0.27000001
v 0.68000001 0.73683798 -0.26995185
v 0.68000001 0.73780882 -0.26980785
v 0.68000001 0.73876083 -0.26956940
v 0.68000001 0.73968458 -0.26923880
v 0.68000001 0.74000001 -0.19000000
v 0.68000001 0.74057180 -0.26881921
v 0.68000001 0.74141359 -0.26831469
v 0.68000001 0.74220175 -0.26773012
v 0.68000001 0.74292898 -0.26707107
v 0.68000001 0.77999997 -0.23000000
v 0.68172956 -0.85613924 -0.26999524
v 0.68172956 0.73613924 -0.26999524
v 0.68176740 -0.85736459 -0.26988167
v 0.68176740 0.73736459 -0.26988167
v 0.68180442 -0.85856682 -0.26961824
v 0.68180442 0.73856682 -0.26961824
v 0.68184018 -0.85972738 -0.26920906
v 0.68184018 0.73972738 -0.26920906
v 0.68187422 -0.86082900 -0.26866025
v 0.68187422 0.74082899 -0.26866025
v 0.68190581 -0.86185479 -0.26798016
v 0.68190581 0.74185479 -0.26798016
v 0.68193460 -0.86278939 -0.26717913
v 0.68193460 0.74278939 -0.26717913
v 0.68196034 -0.81990355 -0.23000000
v 0.68196034 0.69990355 -0.23000000
v 0.68390185 -0.81961578 -0.23000000
v 0.68390185 0.69961578 -0.23000000
v 0.68547499 -0.85558885 -0.27000001
v 0.68547499 0.73558885 -0.27000001
v 0.68580556 -0.81913877 -0.23000000
v 0.68580556 0.69913882 -0.23000000
v 0.68588096 -0.85971099 -0.19000000
v 0.68588096 0.73971099 -0.19000000
v 0.68616819 -0.86262602 -0.26707107
v 0.68616819 0.74262601 -0.26707107
v 0.68765360 -0.81847763 -0.23000000
v 0.68765360 0.69847763 -0.23000000
v 0.68861544 -0.85550117 -0.26999524
v 0.68861544 0.73550117 -0.26999524
v 0.68880343 -0.85671258 -0.26988167
v 0.68880343 0.73671257 -0.26988167
v 0.68898803 -0.85790098 -0.26961824
v 0.68898803 0.73790097 -0.26961824
v 0.68916601 -0.85904860 -0.26920906
v 0.68916601 0.73904860 -0.26920906
v 0.68933505 -0.86013764 -0.26866025
v 0.68933505 0.74013764 -0.26866025
v 0.68942803 -0.81763840 -0.23000000
v 0.68942803 0.69763839 -0.23000000
v 0.68949258 -0.86115181 -0.26798016
v 0.68949258 0.74115181 -0.26798016
v 0.68963599 -0.86207581 -0.26717913
v 0.68963599 0.74207580 -0.26717913
v 0.68980181 -0.89951843 -0.23000000
v 0.68980181 0.77951843 -0.23000000
v 0.69089735 -0.85478461 -0.27000001
v 0.69089735 0.73478460 -0.27000001
v 0.69111139 -0.81662941 -0.23000000
v 0.69111139 0.69662941 -0.23000000
v 0.69170541 -0.85884720 -0.19000000
v 0.69170541 0.73884720 -0.19000000
v 0.69227678 -0.86171985 -0.26707107
v 0.69227678 0.74171984 -0.26707107
v 0.69268781 -0.81546021 -0.23000000
v 0.69268781 0.69546020 -0.23000000
v 0.69414222 -0.81414223 -0.23000000
v 0.69414222 0.69414222 -0.23000000
v 0.69537061 -0.85402185 -0.26999524
v 0.69537061 0.73402184 -0.26999524
v 0.69546020 -0.81268781 -0.23000000
v 0.69546020 0.69268781 -0.23000000
v 0.69570601 -0.85520083 -0.26988167
v 0.69570601 0.73520082 -0.26988167
v 0.69603521 -0.85635757 -0.26961824
v 0.69603521 0.73635757 -0.26961824
v 0.69621462 -0.85345262 -0.27000001
v 0.69621462 0.73345262 -0.27000001
v 0.69635302 -0.85747457 -0.26920906
v 0.69635302 0.73747462 -0.26920906
v 0.69662941 -0.81111139 -0.23000000
v 0.69662941 0.69111139 -0.23000000
v 0.69665456 -0.85853463 -0.26866025
v 0.69665456 0.73853463 -0.26866025
v 0.69693542 -0.85952181 -0.26798016
v 0.69693542 0.73952180 -0.26798016
v 0.69719118 -0.86042124 -0.26717913
v 0.69719118 0.74042124 -0.26717913
v 0.69741702 -0.85741639 -0.19000000
v 0.69741702 0.73741639 -0.19000000
v 0.69763839 -0.80942804 -0.23000000
v 0.69763839 0.68942803 -0.23000000
v 0.69826734 -0.86021918 -0.26707107
v 0.69826734 0.74021918 -0.26707107
v 0.69847763 -0.80765361 -0.23000000
v 0.69847763 0.68765360 -0.23000000
v 0.69913882 -0.80580556 -0.23000000
v 0.69913882 0.68580556 -0.23000000
v 0.69950897 -0.89807862 -0.23000000
v 0.69950897 0.77807862 -0.23000000
v 0.69961578 -0.80390185 -0.23000000
v 0.69961578 0.68390185 -0.23000000
v 0.69990355 -0.80196035 -0.23000000
v 0.69990355 0.68196034 -0.23000000
v 0.69999999 -0.80000001 -0.23000000
v 0.69999999 0.68000001 -0.23000000
v 0.70137578 -0.85160601 -0.27000001
v 0.70137578 0.73160601 -0.27000001
v 0.70189261 -0.85172343 -0.26999524
v 0.70189261 0.73172343 -0.26999524
v 0.70237058 -0.85285240 -0.26988167
v 0.70237058 0.73285240 -0.26988167
v 0.70283943 -0.85396004 -0.26961824
v 0.70283943 0.73396003 -0.26961824
v 0.70296097 -0.85543281 -0.19000000
v 0.70296097 0.73543280 -0.19000000
v 0.70329201 -0.85502934 -0.26920906
v 0.70329201 0.73502940 -0.26920906
v 0.70372164 -0.85604441 -0.26866025
v 0.70372164 0.73604441 -0.26866025
v 0.70408177 -0.85813880 -0.26707107
v 0.70408177 0.73813879 -0.26707107
v 0.70412165 -0.85698962 -0.26798016
v 0.70412165 0.73698962 -0.26798016
v 0.70448601 -0.85785055 -0.26717913
v 0.70448601 0.73785055 -0.26717913
v 0.70633119 -0.84926224 -0.27000001
v 0.70633119 0.72926223 -0.27000001
v 0.70808297 -0.84864098 -0.26999524
v 0.70808297 0.72864097 -0.26999524
v 0.70828378 -0.85291517 -0.19000000
v 0.70828378 0.73291516 -0.19000000
v 0.70869583 -0.84970284 -0.26988167
v 0.70869583 0.72970283 -0.26988167
v 0.70902842 -0.89569396 -0.23000000
v 0.70902842 0.77569395 -0.23000000
v 0.70929718 -0.85074443 -0.26961824
v 0.70929718 0.73074442 -0.26961824
v 0.70966440 -0.85549843 -0.26707107
v 0.70966440 0.73549843 -0.26707107
v 0.70987779 -0.85175002 -0.26920906
v 0.70987779 0.73175001 -0.26920906
v 0.71042901 -0.85270441 -0.26866025
v 0.71042901 0.73270440 -0.26866025
v 0.71094221 -0.85359323 -0.26798016
v 0.71094221 0.73359323 -0.26798016
v 0.71103305 -0.84644419 -0.27000001
v 0.71103305 0.72644418 -0.27000001
v 0.71140963 -0.85440302 -0.26717913
v 0.71140963 0.73440301 -0.26717913
v 0.71333420 -0.84988821 -0.19000000
v 0.71333420 0.72988820 -0.19000000
v 0.71384740 -0.84482116 -0.26999524
v 0.71384740 0.72482115 -0.26999524
v 0.71458620 -0.84579962 -0.26988167
v 0.71458620 0.72579962 -0.26988167
v 0.71496141 -0.85232335 -0.26707107
v 0.71496141 0.73232341 -0.26707107
v 0.71531099 -0.84675944 -0.26961824
v 0.71531099 0.72675943 -0.26961824
v 0.71543580 -0.84317881 -0.27000001
v 0.71543580 0.72317880 -0.27000001
v 0.71601081 -0.84768599 -0.26920906
v 0.71601081 0.72768599 -0.26920906
v 0.71667504 -0.84856558 -0.26866025
v 0.71667504 0.72856557 -0.26866025
v 0.71729362 -0.84938461 -0.26798016
v 0.71729362 0.72938460 -0.26798016
v 0.71785700 -0.85013080 -0.26717913
v 0.71785700 0.73013079 -0.26717913
v 0.71806359 -0.84638059 -0.19000000
v 0.71806359 0.72638059 -0.19000000
v 0.71826845 -0.89238799 -0.23000000
v 0.71826845 0.77238798 -0.23000000
v 0.71909899 -0.84032220 -0.26999524
v 0.71909899 0.72032219 -0.26999524
v 0.71949738 -0.83949739 -0.27000001
v 0.71949738 0.71949738 -0.27000001
v 0.71992159 -0.84864479 -0.26707107
v 0.71992159 0.72864479 -0.26707107
v 0.71995240 -0.84120214 -0.26988167
v 0.71995240 0.72120214 -0.26988167
v 0.72078955 -0.84206557 -0.26961824
v 0.72078955 0.72206557 -0.26961824
v 0.72159797 -0.84289938 -0.26920906
v 0.72159797 0.72289938 -0.26920906
v 0.72236520 -0.84369057 -0.26866025
v 0.72236520 0.72369057 -0.26866025
v 0.72242635 -0.84242636 -0.19000000
v 0.72242635 0.72242635 -0.19000000
v 0.72307962 -0.84442741 -0.26798016
v 0.72307962 0.72442740 -0.26798016
v 0.72317880 -0.83543581 -0.27000001
v 0.72317880 0.71543580 -0.27000001
v 0.72373062 -0.84509856 -0.26717913
v 0.72373062 0.72509855 -0.26717913
v 0.72375762 -0.83521158 -0.26999524
v 0.72375762 0.71521157 -0.26999524
v 0.72449738 -0.84449738 -0.26707107
v 0.72449738 0.72449738 -0.26707107
v 0.72471285 -0.83598024 -0.26988167
v 0.72471285 0.71598023 -0.26988167
v 0.72564977 -0.83673424 -0.26961824
v 0.72564977 0.71673423 -0.26961824
v 0.72638059 -0.83806360 -0.19000000
v 0.72638059 0.71806359 -0.19000000
v 0.72644418 -0.83103299 -0.27000001
v 0.72644418 0.71103305 -0.27000001
v 0.72655457 -0.83746225 -0.26920906
v 0.72655457 0.71746224 -0.26920906
v 0.72713959 -0.88819224 -0.23000000
v 0.72713959 0.76819223 -0.23000000
v 0.72741318 -0.83815324 -0.26866025
v 0.72741318 0.71815324 -0.26866025
v 0.72775322 -0.82956743 -0.26999524
v 0.72775322 0.70956743 -0.26999524
v 0.72821283 -0.83879662 -0.26798016
v 0.72821283 0.71879661 -0.26798016
v 0.72864479 -0.83992159 -0.26707107
v 0.72864479 0.71992159 -0.26707107
v 0.72879541 -0.83021277 -0.26988167
v 0.72879541 0.71021277 -0.26988167
v 0.72894120 -0.83938277 -0.26717913
v 0.72894120 0.71938276 -0.26717913
v 0.72926223 -0.82633120 -0.27000001
v 0.72926223 0.70633119 -0.27000001
v 0.72981799 -0.83084601 -0.26961824
v 0.72981799 0.71084601 -0.26961824
v 0.72988820 -0.83333421 -0.19000000
v 0.72988820 0.71333420 -0.19000000
v 0.73080546 -0.83145738 -0.26920906
v 0.73080546 0.71145737 -0.26920906
v 0.73102462 -0.82347506 -0.26999524
v 0.73102462 0.70347506 -0.26999524
v 0.73160601 -0.82137579 -0.27000001
v 0.73160601 0.70137578 -0.27000001
v 0.73174238 -0.83203757 -0.26866025
v 0.73174238 0.71203756 -0.26866025
v 0.73213840 -0.82398742 -0.26988167
v 0.73213840 0.70398742 -0.26988167
v 0.73232341 -0.83496141 -0.26707107
v 0.73232341 0.71496141 -0.26707107
v 0.73261499 -0.83257782 -0.26798016
v 0.73261499 0.71257782 -0.26798016
v 0.73291516 -0.82828379 -0.19000000
v 0.73291516 0.70828378 -0.19000000
v 0.73323095 -0.82449019 -0.26961824
v 0.73323095 0.70449018 -0.26961824
v 0.73341006 -0.83306998 -0.26717913
v 0.73341006 0.71306998 -0.26717913
v 0.73345262 -0.81621462 -0.27000001
v 0.73345262 0.69621462 -0.27000001
v 0.73352277 -0.81702685 -0.26999524
v 0.73352277 0.69702685 -0.26999524
v 0.73428595 -0.82497561 -0.26920906
v 0.73428595 0.70497561 -0.26920906
v 0.73469102 -0.81739837 -0.26988167
v 0.73469102 0.69739836 -0.26988167
v 0.73478460 -0.81089735 -0.27000001
v 0.73478460 0.69089735 -0.27000001
v 0.73520941 -0.81032044 -0.26999524
v 0.73520941 0.69032043 -0.26999524
v 0.73528719 -0.82543617 -0.26866025
v 0.73528719 0.70543617 -0.26866025
v 0.73543280 -0.82296097 -0.19000000
v 0.73543280 0.70296097 -0.19000000
v 0.73549843 -0.82966441 -0.26707107
v 0.73549843 0.70966440 -0.26707107
v 0.73555702 -0.88314700 -0.23000000
v 0.73555702 0.76314700 -0.23000000
v 0.73558885 -0.80547500 -0.27000001
v 0.73558885 0.68547499 -0.27000001
v 0.73583716 -0.81776297 -0.26961824
v 0.73583716 0.69776297 -0.26961824
v 0.73585778 -0.80000001 -0.27000001
v 0.73585778 0.68000001 -0.27000001
v 0.73605919 -0.80345756 -0.26999524
v 0.73605919 0.68345755 -0.26999524
v 0.73621964 -0.82586515 -0.26798016
v 0.73621964 0.70586514 -0.26798016
v 0.73641455 -0.81054580 -0.26988167
v 0.73641455 0.69054580 -0.26988167
v 0.73683798 -0.80000001 -0.26995185
v 0.73683798 0.68000001 -0.26995185
v 0.73694384 -0.81811523 -0.26920906
v 0.73694384 0.69811523 -0.26920906
v 0.73706901 -0.82625604 -0.26717913
v 0.73706901 0.70625603 -0.26717913
v 0.73728299 -0.80353302 -0.26988167
v 0.73728299 0.68353301 -0.26988167
v 0.73741639 -0.81741697 -0.19000000
v 0.73741639 0.69741702 -0.19000000
v 0.73759681 -0.81076682 -0.26961824
v 0.73759681 0.69076681 -0.26961824
v 0.73780882 -0.80000001 -0.26980785
v 0.73780882 0.68000001 -0.26980785
v 0.73799402 -0.81844920 -0.26866025
v 0.73799402 0.69844919 -0.26866025
v 0.73813879 -0.82408178 -0.26707107
v 0.73813879 0.70408177 -0.26707107
v 0.73848343 -0.80360717 -0.26961824
v 0.73848343 0.68360716 -0.26961824
v 0.73873818 -0.81098002 -0.26920906
v 0.73873818 0.69098002 -0.26920906
v 0.73876083 -0.80000001 -0.26956940
v 0.73876083 0.68000001 -0.26956940
v 0.73884720 -0.81170541 -0.19000000
v 0.73884720 0.69170541 -0.19000000
v 0.73897201 -0.81876040 -0.26798016
v 0.73897201 0.69876039 -0.26798016
v 0.73964238 -0.80367857 -0.26920906
v 0.73964238 0.68367857 -0.26920906
v 0.73968458 -0.80000001 -0.26923880
v 0.73968458 0.68000001 -0.26923880
v 0.73971099 -0.80588096 -0.19000000
v 0.73971099 0.68588096 -0.19000000
v 0.73982161 -0.81118262 -0.26866025
v 0.73982161 0.69118261 -0.26866025
v 0.73986298 -0.81904382 -0.26717913
v 0.73986298 0.69904381 -0.26717913
v 0.74000001 -0.97000003 -0.27000001
v 0.74000001 -0.96901977 -0.26995185
v 0.74000001 -0.96804899 -0.26980785
v 0.74000001 -0.96709716 -0.26956940
v 0.74000001 -0.96617317 -0.26923880
v 0.74000001 -0.96528602 -0.26881921
v 0.74000001 -0.96444422 -0.26831469
v 0.74000001 -0.96365601 -0.26773012
v 0.74000001 -0.96292901 -0.26707107
v 0.74000001 -0.96226984 -0.26634392
v 0.74000001 -0.96168542 -0.26555571
v 0.74000001 -0.96118081 -0.26471397
v 0.74000001 -0.96076119 -0.26382685
v 0.74000001 -0.96043062 -0.26290286
v 0.74000001 -0.96019220 -0.26195091
v 0.74000001 -0.96004820 -0.26098016
v 0.74000001 -0.95999998 -0.25999999
v 0.74000001 -0.95999998 -0.23000000
v 0.74000001 -0.95999998 0.19000000
v 0.74000001 -0.95999998 0.23000000
v 0.74000001 -0.95999998 0.25999999
v 0.74000001 -0.95995176 0.26098019
v 0.74000001 -0.95980781 0.26195100
v 0.74000001 -0.95956939 0.26290280
v 0.74000001 -0.95923883 0.26382679
v 0.74000001 -0.95881921 0.26471400
v 0.74000001 -0.95831460 0.26555580
v 0.74000001 -0.95773017 0.26634398
v 0.74000001 -0.95707101 0.26707101
v 0.74000001 -0.95634401 0.26773021
v 0.74000001 -0.95555580 0.26831460
v 0.74000001 -0.95471400 0.26881921
v 0.74000001 -0.95382684 0.26923883
v 0.74000001 -0.95290285 0.26956940
v 0.74000001 -0.95195097 0.26980782
v 0.74000001 -0.95098025 0.26995179
v 0.74000001 -0.94999999 0.27000001
v 0.74000001 -0.93000001 0.27000001
v 0.74000001 -0.92901975 0.26995179
v 0.74000001 -0.92804903 0.26980782
v 0.74000001 -0.92709714 0.26956940
v 0.74000001 -0.92617315 0.26923883
v 0.74000001 -0.92528605 0.26881921
v 0.74000001 -0.92444420 0.26831460
v 0.74000001 -0.92365599 0.26773021
v 0.74000001 -0.92292899 0.26707101
v 0.74000001 -0.92226982 0.26634398
v 0.74000001 -0.92168540 0.26555580
v 0.74000001 -0.92118078 0.26471400
v 0.74000001 -0.92076117 0.26382679
v 0.74000001 -0.92043060 0.26290280
v 0.74000001 -0.92019218 0.26195100
v 0.74000001 -0.92004824 0.26098019
v 0.74000001 -0.92000002 0.23000000
v 0.74000001 -0.92000002 0.25999999
v 0.74000001 -0.80000001 -0.19000000
v 0.74000001 0.68000001 -0.19000000
v 0.74000001 0.80000001 0.23000000
v 0.74000001 0.80000001 0.25999999
v 0.74000001 0.80004823 0.26098019
v 0.74000001 0.80019218 0.26195100
v 0.74000001 0.80043060 0.26290280
v 0.74000001 0.80076116 0.26382679
v 0.74000001 0.80118078 0.26471400
v 0.74000001 0.80168539 0.26555580
v 0.74000001 0.80226982 0.26634398
v 0.74000001 0.80292898 0.26707101
v 0.74000001 0.80365598 0.26773021
v 0.74000001 0.80444419 0.26831460
v 0.74000001 0.80528605 0.26881921
v 0.74000001 0.80617315 0.26923883
v 0.74000001 0.80709720 0.26956940
v 0.74000001 0.80804902 0.26980782
v 0.74000001 0.80901980 0.26995179
v 0.74000001 0.81000000 0.27000001
v 0.74000001 0.82999998 0.27000001
v 0.74000001 0.83098024 0.26995179
v 0.74000001 0.83195096 0.26980782
v 0.74000001 0.83290285 0.26956940
v 0.74000001 0.83382684 0.26923883
v 0.74000001 0.83471400 0.26881921
v 0.74000001 0.83555579 0.26831460
v 0.74000001 0.83634400 0.26773021
v 0.74000001 0.83707100 0.26707101
v 0.74000001 0.83773017 0.26634398
v 0.74000001 0.83831459 0.26555580
v 0.74000001 0.83881921 0.26471400
v 0.74000001 0.83923882 0.26382679
v 0.74000001 0.83956939 0.26290280
v 0.74000001 0.83980781 0.26195100
v 0.74000001 0.83995175 0.26098019
v 0.74000001 0.83999997 -0.25999999
v 0.74000001 0.83999997 -0.23000000
v 0.74000001 0.83999997 0.19000000
v 0.74000001 0.83999997 0.23000000
v 0.74000001 0.83999997 0.25999999
v 0.74000001 0.84004819 -0.26098016
v 0.74000001 0.84019220 -0.26195091
v 0.74000001 0.84043062 -0.26290286
v 0.74000001 0.84076118 -0.26382685
v 0.74000001 0.84118080 -0.26471397
v 0.74000001 0.84168541 -0.26555571
v 0.74000001 0.84226984 -0.26634392
v 0.74000001 0.84292901 -0.26707107
v 0.74000001 0.84365600 -0.26773012
v 0.74000001 0.84444422 -0.26831469
v 0.74000001 0.84528601 -0.26881921
v 0.74000001 0.84617317 -0.26923880
v 0.74000001 0.84709716 -0.26956940
v 0.74000001 0.84804899 -0.26980785
v 0.74000001 0.84901977 -0.26995185
v 0.74000001 0.85000002 -0.27000001
v 0.74021918 -0.81826735 -0.26707107
v 0.74021918 0.69826734 -0.26707107
v 0.74057180 -0.80000001 -0.26881921
v 0.74057180 0.68000001 -0.26881921
v 0.74074244 -0.80374640 -0.26866025
v 0.74074244 0.68374640 -0.26866025
v 0.74083060 -0.81137121 -0.26798016
v 0.74083060 0.69137120 -0.26798016
v 0.74141359 -0.80000001 -0.26831469
v 0.74141359 0.68000001 -0.26831469
v 0.74171984 -0.81227678 -0.26707107
v 0.74171984 0.69227678 -0.26707107
v 0.74174958 -0.81154299 -0.26717913
v 0.74174958 0.69154298 -0.26717913
v 0.74176681 -0.80380958 -0.26798016
v 0.74176681 0.68380958 -0.26798016
v 0.74220175 -0.80000001 -0.26773012
v 0.74220175 0.68000001 -0.26773012
v 0.74262601 -0.80616820 -0.26707107
v 0.74262601 0.68616819 -0.26707107
v 0.74269998 -0.80386716 -0.26717913
v 0.74269998 0.68386722 -0.26717913
v 0.74292898 -0.80000001 -0.26707107
v 0.74292898 0.01853982 -0.26707107
v 0.74292898 0.68000001 -0.26707107
v 0.74343944 -0.87730104 -0.23000000
v 0.74343944 0.75730103 -0.23000000
v 0.74554300 -0.91981959 0.26122880
v 0.74554300 0.79981959 0.26122880
v 0.74556398 -0.92004478 0.26243919
v 0.74556398 0.80004478 0.26243919
v 0.74559838 -0.92041641 0.26361239
v 0.74559838 0.80041641 0.26361239
v 0.74564582 -0.92092878 0.26473099
v 0.74564582 0.80092883 0.26473099
v 0.74570554 -0.92157418 0.26577783
v 0.74570554 0.80157417 0.26577783
v 0.74577695 -0.92234284 0.26673698
v 0.74577695 0.80234283 0.26673698
v 0.74585837 -0.92322302 0.26759398
v 0.74585837 0.80322301 0.26759398
v 0.74588096 -0.91971099 0.23000000
v 0.74588096 -0.91971099 0.25999999
v 0.74588096 0.79971099 0.23000000
v 0.74588096 0.79971099 0.25999999
v 0.74594915 -0.92420143 0.26833600
v 0.74594915 0.80420142 0.26833600
v 0.74604762 -0.92526299 0.26895159
v 0.74604762 0.80526298 0.26895159
v 0.74615216 -0.92639196 0.26943162
v 0.74615216 0.80639195 0.26943162
v 0.74626136 -0.92757118 0.26976842
v 0.74626136 0.80757117 0.26976842
v 0.74637359 -0.92878258 0.26995739
v 0.74637359 0.80878258 0.26995739
v 0.74686122 -0.92966300 0.27000001
v 0.74686122 0.80966300 0.27000001
v 0.74833262 -0.94992280 0.26999518
v 0.74833262 0.82992280 0.26999518
v 0.74844557 -0.95114344 0.26988161
v 0.74844557 0.83114344 0.26988161
v 0.74855661 -0.95234102 0.26961818
v 0.74855661 0.83234102 0.26961818
v 0.74866378 -0.95349741 0.26920900
v 0.74866378 0.83349741 0.26920900
v 0.74876541 -0.95459479 0.26866019
v 0.74876541 0.83459479 0.26866019
v 0.74882156 -0.94956660 0.27000001
v 0.74882156 0.82956660 0.27000001
v 0.74886018 -0.95561683 0.26798019
v 0.74886018 0.83561683 0.26798019
v 0.74894637 -0.95654780 0.26717919
v 0.74894637 0.83654779 0.26717919
v 0.74902296 -0.95737356 0.26626918
v 0.74902296 0.83737355 0.26626918
v 0.74908859 -0.95808196 0.26526439
v 0.74908859 0.83808196 0.26526439
v 0.74914241 -0.95866203 0.26417962
v 0.74914241 0.83866203 0.26417962
v 0.74918342 -0.95910478 0.26303160
v 0.74918342 0.83910477 0.26303160
v 0.74921119 -0.95940375 0.26183739
v 0.74921119 0.83940375 0.26183739
v 0.74922502 -0.95955461 0.26061562
v 0.74922502 0.83955461 0.26061562
v 0.74923378 -0.95964885 -0.26122889
v 0.74923378 0.83964884 -0.26122889
v 0.74925482 -0.95987421 -0.26243913
v 0.74925482 0.83987421 -0.26243913
v 0.74928916 -0.96024585 -0.26361242
v 0.74928916 0.84024584 -0.26361242
v 0.74933660 -0.96075821 -0.26473093
v 0.74933660 0.84075820 -0.26473093
v 0.74939638 -0.96140361 -0.26577774
v 0.74939638 0.84140360 -0.26577774
v 0.74946761 -0.96217215 -0.26673695
v 0.74946761 0.84217215 -0.26673695
v 0.74954915 -0.96305239 -0.26759404
v 0.74954915 0.84305239 -0.26759404
v 0.74963981 -0.96403062 -0.26833603
v 0.74963981 0.84403062 -0.26833603
v 0.74973822 -0.96509242 -0.26895162
v 0.74973822 0.84509242 -0.26895162
v 0.74980181 -0.95951843 -0.25999999
v 0.74980181 -0.95951843 -0.23000000
v 0.74980181 -0.95951843 0.19000000
v 0.74980181 -0.95951843 0.23000000
v 0.74980181 -0.95951843 0.25999999
v 0.74980181 0.83951843 -0.25999999
v 0.74980181 0.83951843 -0.23000000
v 0.74980181 0.83951843 0.19000000
v 0.74980181 0.83951843 0.23000000
v 0.74980181 0.83951843 0.25999999
v 0.74984282 -0.96622139 -0.26943153
v 0.74984282 0.84622139 -0.26943153
v 0.74995214 -0.96740061 -0.26976848
v 0.74995214 0.84740061 -0.26976848
v 0.75006437 -0.96861196 -0.26995733
v 0.75006437 0.84861201 -0.26995733
v 0.75071061 -0.87071061 -0.23000000
v 0.75071061 0.75071061 -0.23000000
v 0.75078177 -0.96947038 -0.27000001
v 0.75078177 0.84947038 -0.27000001
v 0.75170541 -0.91884720 0.23000000
v 0.75170541 -0.91884720 0.25999999
v 0.75170541 0.79884720 0.23000000
v 0.75170541 0.79884720 0.25999999
v 0.75285220 -0.91868502 0.26122880
v 0.75285220 0.79868501 0.26122880
v 0.75290060 -0.91890603 0.26243919
v 0.75290060 0.79890603 0.26243919
v 0.75298041 -0.91927063 0.26361239
v 0.75298041 0.79927063 0.26361239
v 0.75309062 -0.91977316 0.26473099
v 0.75309062 0.79977316 0.26473099
v 0.75322920 -0.92040640 0.26577783
v 0.75322920 0.80040640 0.26577783
v 0.75339437 -0.92116046 0.26673698
v 0.75339437 0.80116045 0.26673698
v 0.75358337 -0.92202377 0.26759398
v 0.75358337 0.80202377 0.26759398
v 0.75365639 -0.92865503 0.27000001
v 0.75365639 0.80865502 0.27000001
v 0.75379354 -0.92298365 0.26833600
v 0.75379354 0.80298364 0.26833600
v 0.75402182 -0.92402518 0.26895159
v 0.75402182 0.80402517 0.26895159
v 0.75426424 -0.92513281 0.26943162
v 0.75426424 0.80513281 0.26943162
v 0.75451761 -0.92628962 0.26976842
v 0.75451761 0.80628961 0.26976842
v 0.75477797 -0.92747802 0.26995739
v 0.75477797 0.80747801 0.26995739
v 0.75730103 -0.86343938 -0.23000000
v 0.75730103 0.74343944 -0.23000000
v 0.75741696 -0.91741639 0.23000000
v 0.75741696 -0.91741639 0.25999999
v 0.75741696 0.79741639 0.23000000
v 0.75741696 0.79741639 0.25999999
v 0.75755823 -0.94827056 0.27000001
v 0.75755823 0.82827055 0.27000001
v 0.75931978 -0.94821715 0.26999518
v 0.75931978 0.82821715 0.26999518
v 0.75950897 -0.95807862 -0.25999999
v 0.75950897 -0.95807862 -0.23000000
v 0.75950897 -0.95807862 0.19000000
v 0.75950897 -0.95807862 0.23000000
v 0.75950897 -0.95807862 0.25999999
v 0.75950897 0.83807862 -0.25999999
v 0.75950897 0.83807862 -0.23000000
v 0.75950897 0.83807862 0.19000000
v 0.75950897 0.83807862 0.23000000
v 0.75950897 0.83807862 0.25999999
v 0.75958222 -0.94941485 0.26988161
v 0.75958222 0.82941484 0.26988161
v 0.75983942 -0.95058960 0.26961818
v 0.75983942 0.83058959 0.26961818
v 0.75996643 -0.91666079 0.26122880
v 0.75996643 0.79666078 0.26122880
v 0.76004159 -0.91687423 0.26243919
v 0.76004159 0.79687423 0.26243919
v 0.76008779 -0.95172399 0.26920900
v 0.76008779 0.83172399 0.26920900
v 0.76016581 -0.91722620 0.26361239
v 0.76016581 0.79722619 0.26361239
v 0.76031995 -0.92698580 0.27000001
v 0.76031995 0.80698580 0.27000001
v 0.76032358 -0.95280057 0.26866019
v 0.76032358 0.83280063 0.26866019
v 0.76033682 -0.91771156 0.26473099
v 0.76033682 0.79771155 0.26473099
v 0.76054323 -0.95380318 0.26798019
v 0.76054323 0.83380318 0.26798019
v 0.76055223 -0.91832280 0.26577783
v 0.76055223 0.79832286 0.26577783
v 0.76074320 -0.95471656 0.26717919
v 0.76074320 0.83471656 0.26717919
v 0.76080877 -0.91905081 0.26673698
v 0.76080877 0.79905081 0.26673698
v 0.76092058 -0.95552683 0.26626918
v 0.76092058 0.83552682 0.26626918
v 0.76107275 -0.95622164 0.26526439
v 0.76107275 0.83622164 0.26526439
v 0.76110238 -0.91988444 0.26759398
v 0.76110238 0.79988444 0.26759398
v 0.76119745 -0.95679063 0.26417962
v 0.76119745 0.83679062 0.26417962
v 0.76129258 -0.95722520 0.26303160
v 0.76129258 0.83722520 0.26303160
v 0.76135683 -0.95751864 0.26183739
v 0.76135683 0.83751863 0.26183739
v 0.76138926 -0.95766640 0.26061562
v 0.76138926 0.83766639 0.26061562
v 0.76140958 -0.95775878 -0.26122889
v 0.76140958 0.83775878 -0.26122889
v 0.76142901 -0.92081124 0.26833600
v 0.76142901 0.80081123 0.26833600
v 0.76145798 -0.95797980 -0.26243913
v 0.76145798 0.83797979 -0.26243913
v 0.76146007 -0.96788645 -0.27000001
v 0.76146007 0.84788644 -0.27000001
v 0.76153779 -0.95834440 -0.26361242
v 0.76153779 0.83834440 -0.26361242
v 0.76164782 -0.95884722 -0.26473093
v 0.76164782 0.83884722 -0.26473093
v 0.76178336 -0.92181677 0.26895159
v 0.76178336 0.80181676 0.26895159
v 0.76178658 -0.95948035 -0.26577774
v 0.76178658 0.83948034 -0.26577774
v 0.76195163 -0.96023440 -0.26673695
v 0.76195163 0.84023440 -0.26673695
v 0.76214081 -0.96109778 -0.26759404
v 0.76214081 0.84109777 -0.26759404
v 0.76216018 -0.92288619 0.26943162
v 0.76216018 0.80288619 0.26943162
v 0.76235098 -0.96205759 -0.26833603
v 0.76235098 0.84205759 -0.26833603
v 0.76255381 -0.92400301 0.26976842
v 0.76255381 0.80400300 0.26976842
v 0.76257896 -0.96309924 -0.26895162
v 0.76257896 0.84309924 -0.26895162
v 0.76282156 -0.96420676 -0.26943153
v 0.76282156 0.84420675 -0.26943153
v 0.76295823 -0.92515063 0.26995739
v 0.76295823 0.80515063 0.26995739
v 0.76296097 -0.91543281 0.23000000
v 0.76296097 -0.91543281 0.25999999
v 0.76296097 0.79543281 0.23000000
v 0.76296097 0.79543281 0.25999999
v 0.76307505 -0.96536362 -0.26976848
v 0.76307505 0.84536362 -0.26976848
v 0.76314700 -0.85555702 -0.23000000
v 0.76314700 0.73555702 -0.23000000
v 0.76333517 -0.96655196 -0.26995733
v 0.76333517 0.84655195 -0.26995733
v 0.76612556 -0.94612455 0.27000001
v 0.76612556 0.82612455 0.27000001
v 0.76677805 -0.91377759 0.26122880
v 0.76677805 0.79377764 0.26122880
v 0.76678777 -0.92467165 0.27000001
v 0.76678777 0.80467165 0.27000001
v 0.76687896 -0.91398019 0.26243919
v 0.76687896 0.79398018 0.26243919
v 0.76704520 -0.91431421 0.26361239
v 0.76704520 0.79431421 0.26361239
v 0.76727462 -0.91477501 0.26473099
v 0.76727462 0.79477501 0.26473099
v 0.76756364 -0.91535521 0.26577783
v 0.76756364 0.79535520 0.26577783
v 0.76790756 -0.91604596 0.26673698
v 0.76790756 0.79604602 0.26673698
v 0.76819223 -0.84713960 -0.23000000
v 0.76819223 0.72713959 -0.23000000
v 0.76828378 -0.91291517 0.23000000
v 0.76828378 -0.91291517 0.25999999
v 0.76828378 0.79291517 0.23000000
v 0.76828378 0.79291517 0.25999999
v 0.76830161 -0.91683739 0.26759398
v 0.76830161 0.79683739 0.26759398
v 0.76873964 -0.91771680 0.26833600
v 0.76873964 0.79771686 0.26833600
v 0.76902843 -0.95569396 -0.25999999
v 0.76902843 -0.95569396 -0.23000000
v 0.76902843 -0.95569396 0.19000000
v 0.76902843 -0.95569396 0.23000000
v 0.76902843 -0.95569396 0.25999999
v 0.76902843 0.83569396 -0.25999999
v 0.76902843 0.83569396 -0.23000000
v 0.76902843 0.83569396 0.19000000
v 0.76902843 0.83569396 0.23000000
v 0.76902843 0.83569396 0.25999999
v 0.76921481 -0.91867143 0.26895159
v 0.76921481 0.79867142 0.26895159
v 0.76972026 -0.91968644 0.26943162
v 0.76972026 0.79968643 0.26943162
v 0.77001417 -0.94517440 0.26999518
v 0.77001417 0.82517439 0.26999518
v 0.77024817 -0.92074639 0.26976842
v 0.77024817 0.80074638 0.26976842
v 0.77042180 -0.94633055 0.26988161
v 0.77042180 0.82633054 0.26988161
v 0.77079040 -0.92183542 0.26995739
v 0.77079040 0.80183542 0.26995739
v 0.77082139 -0.94746500 0.26961818
v 0.77082139 0.82746500 0.26961818
v 0.77120745 -0.94856018 0.26920900
v 0.77120745 0.82856017 0.26920900
v 0.77157378 -0.94959962 0.26866019
v 0.77157378 0.82959962 0.26866019
v 0.77191484 -0.95056760 0.26798019
v 0.77191484 0.83056760 0.26798019
v 0.77193141 -0.96526337 -0.27000001
v 0.77193141 0.84526336 -0.27000001
v 0.77222556 -0.95144957 0.26717919
v 0.77222556 0.83144957 0.26717919
v 0.77238798 -0.83826846 -0.23000000
v 0.77238798 0.71826845 -0.23000000
v 0.77250123 -0.95223182 0.26626918
v 0.77250123 0.83223182 0.26626918
v 0.77273756 -0.95290285 0.26526439
v 0.77273756 0.83290285 0.26526439
v 0.77293122 -0.95345223 0.26417962
v 0.77293122 0.83345222 0.26417962
v 0.77299780 -0.92173439 0.27000001
v 0.77299780 0.80173439 0.27000001
v 0.77307898 -0.95387161 0.26303160
v 0.77307898 0.83387160 0.26303160
v 0.77317882 -0.95415479 0.26183739
v 0.77317882 0.83415484 0.26183739
v 0.77318382 -0.91007942 0.26122880
v 0.77318382 0.79007941 0.26122880
v 0.77322924 -0.95429766 0.26061562
v 0.77322924 0.83429766 0.26061562
v 0.77326059 -0.95438695 -0.26122889
v 0.77326059 0.83438700 -0.26122889
v 0.77330881 -0.91026801 0.26243919
v 0.77330881 0.79026800 0.26243919
v 0.77333421 -0.90988821 0.23000000
v 0.77333421 -0.90988821 0.25999999
v 0.77333421 0.78988820 0.23000000
v 0.77333421 0.78988820 0.25999999
v 0.77333581 -0.95460039 -0.26243913
v 0.77333581 0.83460039 -0.26243913
v 0.77346003 -0.95495242 -0.26361242
v 0.77346003 0.83495241 -0.26361242
v 0.77351481 -0.91057897 0.26361239
v 0.77351481 0.79057902 0.26361239
v 0.77363098 -0.95543760 -0.26473093
v 0.77363098 0.83543760 -0.26473093
v 0.77379918 -0.91100800 0.26473099
v 0.77379918 0.79100800 0.26473099
v 0.77384645 -0.95604897 -0.26577774
v 0.77384645 0.83604896 -0.26577774
v 0.77410281 -0.95677698 -0.26673695
v 0.77410281 0.83677697 -0.26673695
v 0.77415717 -0.91154838 0.26577783
v 0.77415717 0.79154837 0.26577783
v 0.77439660 -0.95761061 -0.26759404
v 0.77439660 0.83761060 -0.26759404
v 0.77444160 -0.94314921 0.27000001
v 0.77444160 0.82314920 0.27000001
v 0.77458358 -0.91219175 0.26673698
v 0.77458358 0.79219174 0.26673698
v 0.77472323 -0.95853734 -0.26833603
v 0.77472323 0.83853740 -0.26833603
v 0.77507180 -0.91292864 0.26759398
v 0.77507180 0.79292864 0.26759398
v 0.77507758 -0.95954299 -0.26895162
v 0.77507758 0.83954298 -0.26895162
v 0.77545440 -0.96061242 -0.26943153
v 0.77545440 0.84061241 -0.26943153
v 0.77561438 -0.91374761 0.26833600
v 0.77561438 0.79374766 0.26833600
v 0.77569395 -0.82902837 -0.23000000
v 0.77569395 0.70902842 -0.23000000
v 0.77584803 -0.96172923 -0.26976848
v 0.77584803 0.84172922 -0.26976848
v 0.77620339 -0.91463637 0.26895159
v 0.77620339 0.79463637 0.26895159
v 0.77625239 -0.96287680 -0.26995733
v 0.77625239 0.84287679 -0.26995733
v 0.77682984 -0.91558158 0.26943162
v 0.77682984 0.79558158 0.26943162
v 0.77748382 -0.91656882 0.26976842
v 0.77748382 0.79656881 0.26976842
v 0.77806360 -0.90638059 0.23000000
v 0.77806360 -0.90638059 0.25999999
v 0.77806360 0.78638059 0.23000000
v 0.77806360 0.78638059 0.25999999
v 0.77807862 -0.81950897 -0.23000000
v 0.77807862 0.69950897 -0.23000000
v 0.77815580 -0.91758299 0.26995739
v 0.77815580 0.79758298 0.26995739
v 0.77826846 -0.95238799 -0.25999999
v 0.77826846 -0.95238799 -0.23000000
v 0.77826846 -0.95238799 0.19000000
v 0.77826846 -0.95238799 0.23000000
v 0.77826846 -0.95238799 0.25999999
v 0.77826846 0.83238798 -0.25999999
v 0.77826846 0.83238798 -0.23000000
v 0.77826846 0.83238798 0.19000000
v 0.77826846 0.83238798 0.23000000
v 0.77826846 0.83238798 0.25999999
v 0.77889001 -0.91820282 0.27000001
v 0.77889001 0.79820281 0.27000001
v 0.77908635 -0.90562177 0.26122880
v 0.77908635 0.78562182 0.26122880
v 0.77923363 -0.90579361 0.26243919
v 0.77923363 0.78579360 0.26243919
v 0.77947640 -0.90607721 0.26361239
v 0.77947640 0.78607720 0.26361239
v 0.77951843 -0.80980182 -0.23000000
v 0.77951843 0.68980181 -0.23000000
v 0.77981114 -0.90646780 0.26473099
v 0.77981114 0.78646779 0.26473099
v 0.77999997 -1.00000000 -0.25999999
v 0.77999997 -1.00000000 0.20999999
v 0.77999997 -0.99995178 -0.26098016
v 0.77999997 -0.99990356 0.21196041
v 0.77999997 -0.99980783 -0.26195091
v 0.77999997 -0.99961579 0.21390179
v 0.77999997 -0.99956942 -0.26290286
v 0.77999997 -0.99923879 -0.26382685
v 0.77999997 -0.99913877 0.21580559
v 0.77999997 -0.99881917 -0.26471397
v 0.77999997 -0.99847764 0.21765362
v 0.77999997 -0.99831462 -0.26555571
v 0.77999997 -0.99773020 -0.26634392
v 0.77999997 -0.99763840 0.21942799
v 0.77999997 -0.99707103 -0.26707107
v 0.77999997 -0.99662942 0.22111142
v 0.77999997 -0.99634397 -0.26773012
v 0.77999997 -0.99555582 -0.26831469
v 0.77999997 -0.99546021 0.22268780
v 0.77999997 -0.99471396 -0.26881921
v 0.77999997 -0.99414223 0.22414219
v 0.77999997 -0.99382681 -0.26923880
v 0.77999997 -0.99290282 -0.26956940
v 0.77999997 -0.99268782 0.22546020
v 0.77999997 -0.99195099 -0.26980785
v 0.77999997 -0.99111140 0.22662941
v 0.77999997 -0.99098021 -0.26995185
v 0.77999997 -0.99000001 -0.27000001
v 0.77999997 -0.98942804 0.22763839
v 0.77999997 -0.98765355 0.22847760
v 0.77999997 -0.98580557 0.22913879
v 0.77999997 -0.98390180 0.22961578
v 0.77999997 -0.98196036 0.22990361
v 0.77999997 -0.98000002 0.23000000
v 0.77999997 -0.95999998 -0.15000001
v 0.77999997 -0.95999998 0.19000000
v 0.77999997 -0.95980746 -0.15392068
v 0.77999997 -0.95923144 -0.15780362
v 0.77999997 -0.95827758 -0.16161138
v 0.77999997 -0.95695519 -0.16530734
v 0.77999997 -0.95527679 -0.16885586
v 0.77999997 -0.95325881 -0.17222279
v 0.77999997 -0.95092040 -0.17537574
v 0.77999997 -0.94828421 -0.17828429
v 0.77999997 -0.94537580 -0.18092042
v 0.77999997 -0.94222283 -0.18325879
v 0.77999997 -0.93885583 -0.18527687
v 0.77999997 -0.93530738 -0.18695517
v 0.77999997 -0.93161142 -0.18827762
v 0.77999997 -0.92780358 -0.18923143
v 0.77999997 -0.92392057 -0.18980737
v 0.77999997 -0.92000002 -0.19000000
v 0.77999997 -0.80000001 -0.23000000
v 0.77999997 0.68000001 -0.23000000
v 0.77999997 0.80000001 -0.19000000
v 0.77999997 0.80392057 -0.18980737
v 0.77999997 0.80780357 -0.18923143
v 0.77999997 0.81161141 -0.18827762
v 0.77999997 0.81530738 -0.18695517
v 0.77999997 0.81885582 -0.18527687
v 0.77999997 0.82222283 -0.18325879
v 0.77999997 0.82537580 -0.18092042
v 0.77999997 0.82828420 -0.17828429
v 0.77999997 0.83092040 -0.17537574
v 0.77999997 0.83325881 -0.17222279
v 0.77999997 0.83527678 -0.16885586
v 0.77999997 0.83695519 -0.16530734
v 0.77999997 0.83827758 -0.16161138
v 0.77999997 0.83923143 -0.15780362
v 0.77999997 0.83980745 -0.15392068
v 0.77999997 0.83999997 -0.15000001
v 0.77999997 0.83999997 0.19000000
v 0.77999997 0.86000001 0.23000000
v 0.77999997 0.86196035 0.22990361
v 0.77999997 0.86390185 0.22961578
v 0.77999997 0.86580557 0.22913879
v 0.77999997 0.86765361 0.22847760
v 0.77999997 0.86942804 0.22763839
v 0.77999997 0.87000000 -0.27000001
v 0.77999997 0.87098020 -0.26995185
v 0.77999997 0.87111139 0.22662941
v 0.77999997 0.87195098 -0.26980785
v 0.77999997 0.87268782 0.22546020
v 0.77999997 0.87290281 -0.26956940
v 0.77999997 0.87382680 -0.26923880
v 0.77999997 0.87414223 0.22414219
v 0.77999997 0.87471396 -0.26881921
v 0.77999997 0.87546021 0.22268780
v 0.77999997 0.87555581 -0.26831469
v 0.77999997 0.87634397 -0.26773012
v 0.77999997 0.87662941 0.22111142
v 0.77999997 0.87707102 -0.26707107
v 0.77999997 0.87763840 0.21942799
v 0.77999997 0.87773019 -0.26634392
v 0.77999997 0.87831461 -0.26555571
v 0.77999997 0.87847763 0.21765362
v 0.77999997 0.87881923 -0.26471397
v 0.77999997 0.87913877 0.21580559
v 0.77999997 0.87923884 -0.26382685
v 0.77999997 0.87956941 -0.26290286
v 0.77999997 0.87961578 0.21390179
v 0.77999997 0.87980783 -0.26195091
v 0.77999997 0.87990355 0.21196041
v 0.77999997 0.87995178 -0.26098016
v 0.77999997 0.88000000 -0.25999999
v 0.77999997 0.88000000 0.20999999
v 0.78023303 -0.90696025 0.26577783
v 0.78023303 0.78696024 0.26577783
v 0.78025383 -0.94084036 0.26999518
v 0.78025383 0.82084036 0.26999518
v 0.78073519 -0.90754622 0.26673698
v 0.78073519 0.78754622 0.26673698
v 0.78080016 -0.94193780 0.26988161
v 0.78080016 0.82193780 0.26988161
v 0.78131020 -0.90821761 0.26759398
v 0.78131020 0.78821760 0.26759398
v 0.78133619 -0.94301438 0.26961818
v 0.78133619 0.82301438 0.26961818
v 0.78185380 -0.94405401 0.26920900
v 0.78185380 0.82405400 0.26920900
v 0.78194940 -0.90896362 0.26833600
v 0.78194940 0.78896362 0.26833600
v 0.78196037 -0.91990358 -0.19000000
v 0.78196037 0.79990357 -0.19000000
v 0.78209519 -0.96162683 -0.27000001
v 0.78209519 0.84162682 -0.27000001
v 0.78218597 -0.92358965 -0.18982936
v 0.78218597 0.80358964 -0.18982936
v 0.78234518 -0.94504058 0.26866019
v 0.78234518 0.82504058 0.26866019
v 0.78242576 -0.93937302 0.27000001
v 0.78242576 0.81937301 0.27000001
v 0.78242636 -0.90242636 0.23000000
v 0.78242636 -0.90242636 0.25999999
v 0.78242636 0.78242636 0.23000000
v 0.78242636 0.78242636 0.25999999
v 0.78263497 -0.92843556 -0.18907395
v 0.78263497 0.80843562 -0.18907395
v 0.78264320 -0.90977341 0.26895159
v 0.78264320 0.78977340 0.26895159
v 0.78278100 -0.99026519 -0.26999524
v 0.78278100 0.87026519 -0.26999524
v 0.78280258 -0.94595915 0.26798019
v 0.78280258 0.82595915 0.26798019
v 0.78281885 -0.99149060 -0.26988167
v 0.78281885 0.87149066 -0.26988167
v 0.78285581 -0.99269259 -0.26961824
v 0.78285581 0.87269258 -0.26961824
v 0.78289163 -0.99385339 -0.26920906
v 0.78289163 0.87385339 -0.26920906
v 0.78292555 -0.99495500 -0.26866025
v 0.78292555 0.87495500 -0.26866025
v 0.78295726 -0.99598086 -0.26798016
v 0.78295726 0.87598085 -0.26798016
v 0.78298599 -0.99691546 -0.26717913
v 0.78298599 0.87691545 -0.26717913
v 0.78301138 -0.99774438 -0.26626924
v 0.78301138 0.87774438 -0.26626924
v 0.78303337 -0.99845541 -0.26526433
v 0.78303337 0.87845540 -0.26526433
v 0.78305137 -0.99903762 -0.26417962
v 0.78305137 0.87903762 -0.26417962
v 0.78306502 -0.99948221 -0.26303151
v 0.78306502 0.87948221 -0.26303151
v 0.78307199 -0.93315226 -0.18772618
v 0.78307199 0.81315225 -0.18772618
v 0.78307420 -0.99978238 -0.26183748
v 0.78307420 0.87978244 -0.26183748
v 0.78307897 -0.99993360 -0.26061562
v 0.78307897 0.87993360 -0.26061562
v 0.78321940 -0.94679618 0.26717919
v 0.78321940 0.82679617 0.26717919
v 0.78338099 -0.91063440 0.26943162
v 0.78338099 0.79063439 0.26943162
v 0.78349036 -0.93766820 -0.18580654
v 0.78349036 0.81766820 -0.18580654
v 0.78358918 -0.94753885 0.26626918
v 0.78358918 0.82753885 0.26626918
v 0.78388399 -0.94191498 -0.18334410
v 0.78388399 0.82191497 -0.18334410
v 0.78390181 -0.91961581 -0.19000000
v 0.78390181 0.79961580 -0.19000000
v 0.78390616 -0.94817561 0.26526439
v 0.78390616 0.82817560 0.26526439
v 0.78415138 -0.91153383 0.26976842
v 0.78415138 0.79153383 0.26976842
v 0.78416580 -0.94869697 0.26417962
v 0.78416580 0.82869697 0.26417962
v 0.78424662 -0.94582838 -0.18037620
v 0.78424662 0.82582837 -0.18037620
v 0.78436399 -0.94909501 0.26303160
v 0.78436399 0.82909501 0.26303160
v 0.78439659 -0.90047282 0.26122880
v 0.78439659 0.78047282 0.26122880
v 0.78440756 -0.91411078 0.27000001
v 0.78440756 0.79411077 0.27000001
v 0.78449798 -0.94936401 0.26183739
v 0.78449798 0.82936400 0.26183739
v 0.78456384 -0.90062523 0.26243919
v 0.78456384 0.78062522 0.26243919
v 0.78456545 -0.94949943 0.26061562
v 0.78456545 0.82949942 0.26061562
v 0.78457284 -0.94934899 -0.17694782
v 0.78457284 0.82934898 -0.17694782
v 0.78460765 -0.94958419 -0.26122889
v 0.78460765 0.82958418 -0.26122889
v 0.78470838 -0.94978660 -0.26243913
v 0.78470838 0.82978660 -0.26243913
v 0.78483963 -0.90087664 0.26361239
v 0.78483963 0.78087664 0.26361239
v 0.78485781 -0.95242316 -0.17311096
v 0.78485781 0.83242315 -0.17311096
v 0.78487480 -0.95012075 -0.26361242
v 0.78487480 0.83012080 -0.26361242
v 0.78494298 -0.91245759 0.26995739
v 0.78494298 0.79245758 0.26995739
v 0.78506821 -0.92314219 -0.18982936
v 0.78506821 0.80314219 -0.18982936
v 0.78509694 -0.95500481 -0.16892374
v 0.78509694 0.83500481 -0.16892374
v 0.78510422 -0.95058143 -0.26473093
v 0.78510422 0.83058143 -0.26473093
v 0.78521979 -0.90122336 0.26473099
v 0.78521979 0.78122336 0.26473099
v 0.78528678 -0.95705438 -0.16444966
v 0.78528678 0.83705437 -0.16444966
v 0.78539324 -0.95116156 -0.26577774
v 0.78539324 0.83116156 -0.26577774
v 0.78542459 -0.95854104 -0.15975654
v 0.78542459 0.83854103 -0.15975654
v 0.78550822 -0.95944220 -0.15491554
v 0.78550822 0.83944219 -0.15491554
v 0.78569877 -0.90166003 0.26577783
v 0.78569877 0.78166002 0.26577783
v 0.78573722 -0.95185256 -0.26673695
v 0.78573722 0.83185256 -0.26673695
v 0.78580558 -0.91913879 -0.19000000
v 0.78580558 0.79913878 -0.19000000
v 0.78588098 -0.95971102 -0.15000001
v 0.78588098 -0.95971102 0.19000000
v 0.78588098 0.83971101 -0.15000001
v 0.78588098 0.83971101 0.19000000
v 0.78610939 -0.92789620 -0.18907395
v 0.78610939 0.80789620 -0.18907395
v 0.78613120 -0.95264381 -0.26759404
v 0.78613120 0.83264381 -0.26759404
v 0.78626925 -0.90218002 0.26673698
v 0.78626925 0.78218001 0.26673698
v 0.78638059 -0.89806360 0.23000000
v 0.78638059 -0.89806360 0.25999999
v 0.78638059 0.77806360 0.23000000
v 0.78638059 0.77806360 0.25999999
v 0.78656924 -0.95352340 -0.26833603
v 0.78656924 0.83352339 -0.26833603
v 0.78692240 -0.90277559 0.26759398
v 0.78692240 0.78277558 0.26759398
v 0.78704435 -0.95447779 -0.26895162
v 0.78704435 0.83447778 -0.26895162
v 0.78712279 -0.93252343 -0.18772618
v 0.78712279 0.81252342 -0.18772618
v 0.78713959 -0.94819224 -0.25999999
v 0.78713959 -0.94819224 -0.23000000
v 0.78713959 -0.94819224 0.19000000
v 0.78713959 -0.94819224 0.23000000
v 0.78713959 -0.94819224 0.25999999
v 0.78713959 0.82819223 -0.25999999
v 0.78713959 0.82819223 -0.23000000
v 0.78713959 0.82819223 0.19000000
v 0.78713959 0.82819223 0.23000000
v 0.78713959 0.82819223 0.25999999
v 0.78743821 -0.98027200 0.22999062
v 0.78743821 0.86027199 0.22999062
v 0.78754979 -0.95549279 -0.26943153
v 0.78754979 0.83549279 -0.26943153
v 0.78764862 -0.90343744 0.26833600
v 0.78764862 0.78343743 0.26833600
v 0.78765357 -0.91847765 -0.19000000
v 0.78765357 0.79847765 -0.19000000
v 0.78766459 -0.98271340 0.22976342
v 0.78766459 0.86271340 0.22976342
v 0.78784144 -0.97961479 0.23000000
v 0.78784144 0.85961479 0.23000000
v 0.78787374 -0.92234397 -0.18982936
v 0.78787374 0.80234396 -0.18982936
v 0.78788644 -0.98510855 0.22923660
v 0.78788644 0.86510855 0.22923660
v 0.78807759 -0.95655298 -0.26976848
v 0.78807759 0.83655298 -0.26976848
v 0.78809303 -0.93695378 -0.18580654
v 0.78809303 0.81695384 -0.18580654
v 0.78810084 -0.98742121 0.22841820
v 0.78810084 0.86742121 0.22841820
v 0.78830421 -0.98961604 0.22732060
v 0.78830421 0.86961603 0.22732060
v 0.78843659 -0.90415579 0.26895159
v 0.78843659 0.78415579 0.26895159
v 0.78849357 -0.99166000 0.22596039
v 0.78849357 0.87165999 0.22596039
v 0.78862000 -0.95764196 -0.26995733
v 0.78862000 0.83764195 -0.26995733
v 0.78866601 -0.99352205 0.22435822
v 0.78866601 0.87352204 0.22435822
v 0.78881919 -0.99517381 0.22253841
v 0.78881919 0.87517381 0.22253841
v 0.78882158 -0.98956656 -0.27000001
v 0.78882158 0.86956656 -0.27000001
v 0.78895044 -0.99659055 0.22052860
v 0.78895044 0.87659055 0.22052860
v 0.78900546 -0.94111997 -0.18334410
v 0.78900546 0.82112002 -0.18334410
v 0.78903359 -0.89471024 0.26122880
v 0.78903359 0.77471024 0.26122880
v 0.78905797 -0.99775064 0.21835919
v 0.78905797 0.87775064 0.21835919
v 0.78913999 -0.99863619 0.21606301
v 0.78913999 0.87863618 0.21606301
v 0.78919542 -0.99923438 0.21367501
v 0.78919542 0.87923437 0.21367501
v 0.78921837 -0.89484102 0.26243919
v 0.78921837 0.77484101 0.26243919
v 0.78922343 -0.99953562 0.21123119
v 0.78922343 0.87953562 0.21123119
v 0.78927439 -0.90491956 0.26943162
v 0.78927439 0.78491956 0.26943162
v 0.78942800 -0.91763842 -0.19000000
v 0.78942800 0.79763842 -0.19000000
v 0.78949118 -0.92693400 -0.18907395
v 0.78949118 0.80693400 -0.18907395
v 0.78949738 -0.90949738 0.27000001
v 0.78949738 0.78949738 0.27000001
v 0.78952301 -0.89505661 0.26361239
v 0.78952301 0.77505660 0.26361239
v 0.78980178 -0.99951845 -0.25999999
v 0.78980178 -0.99951845 0.20999999
v 0.78980178 0.87951845 -0.25999999
v 0.78980178 0.87951845 0.20999999
v 0.78984618 -0.94495916 -0.18037620
v 0.78984618 0.82495916 -0.18037620
v 0.78988296 -0.93528098 0.26999518
v 0.78988296 0.81528097 0.26999518
v 0.78988820 -0.89333421 0.23000000
v 0.78988820 -0.89333421 0.25999999
v 0.78988820 0.77333421 0.23000000
v 0.78988820 0.77333421 0.25999999
v 0.78994298 -0.89535403 0.26473099
v 0.78994298 0.77535403 0.26473099
v 0.79000139 -0.93483222 0.27000001
v 0.79000139 0.81483221 0.27000001
v 0.79014963 -0.90571737 0.26976842
v 0.79014963 0.78571737 0.26976842
v 0.79047203 -0.89572835 0.26577783
v 0.79047203 0.77572840 0.26577783
v 0.79055977 -0.92120695 -0.18982936
v 0.79055977 0.80120695 -0.18982936
v 0.79056025 -0.93630278 0.26988161
v 0.79056025 0.81630278 0.26988161
v 0.79060256 -0.94841301 -0.17694782
v 0.79060256 0.82841301 -0.17694782
v 0.79104882 -0.90653700 0.26995739
v 0.79104882 0.78653699 0.26995739
v 0.79106539 -0.93140161 -0.18772618
v 0.79106539 0.81140161 -0.18772618
v 0.79110199 -0.89617437 0.26673698
v 0.79110199 0.77617437 0.26673698
v 0.79111135 -0.91662943 -0.19000000
v 0.79111135 0.79662943 -0.19000000
v 0.79122436 -0.93730539 0.26961818
v 0.79122436 0.81730539 0.26961818
v 0.79126322 -0.95142901 -0.17311096
v 0.79126322 0.83142900 -0.17311096
v 0.79170537 -0.95884722 -0.15000001
v 0.79170537 -0.95884722 0.19000000
v 0.79170537 0.83884722 -0.15000001
v 0.79170537 0.83884722 0.19000000
v 0.79181778 -0.95396155 -0.16892374
v 0.79181778 0.83396155 -0.16892374
v 0.79182345 -0.89668500 0.26759398
v 0.79182345 0.77668500 0.26759398
v 0.79185367 -0.95701140 -0.27000001
v 0.79185367 0.83701140 -0.27000001
v 0.79186577 -0.93827337 0.26920900
v 0.79186577 0.81827337 0.26920900
v 0.79225820 -0.95597237 -0.16444966
v 0.79225820 0.83597237 -0.16444966
v 0.79247457 -0.93919218 0.26866019
v 0.79247457 0.81919217 0.26866019
v 0.79257280 -0.93567902 -0.18580654
v 0.79257280 0.81567901 -0.18580654
v 0.79257756 -0.95743078 -0.15975654
v 0.79257756 0.83743078 -0.15975654
v 0.79262543 -0.89725280 0.26833600
v 0.79262543 0.77725279 0.26833600
v 0.79268783 -0.91546023 -0.19000000
v 0.79268783 0.79546022 -0.19000000
v 0.79272902 -0.92556345 -0.18907395
v 0.79272902 0.80556345 -0.18907395
v 0.79277122 -0.95831484 -0.15491554
v 0.79277122 0.83831483 -0.15491554
v 0.79291517 -0.88828379 0.23000000
v 0.79291517 -0.88828379 0.25999999
v 0.79291517 0.76828378 0.23000000
v 0.79291517 0.76828378 0.25999999
v 0.79292762 -0.88842142 0.26122880
v 0.79292762 0.76842141 0.26122880
v 0.79304159 -0.94004786 0.26798019
v 0.79304159 0.82004786 0.26798019
v 0.79308599 -0.91974860 -0.18982936
v 0.79308599 0.79974860 -0.18982936
v 0.79312682 -0.88852859 0.26243919
v 0.79312682 0.76852858 0.26243919
v 0.79345560 -0.88870502 0.26361239
v 0.79345560 0.76870501 0.26361239
v 0.79349566 -0.89786881 0.26895159
v 0.79349566 0.77786881 0.26895159
v 0.79355794 -0.94082719 0.26717919
v 0.79355794 0.82082719 0.26717919
v 0.79385239 -0.98923922 -0.26999524
v 0.79385239 0.86923921 -0.26999524
v 0.79390901 -0.88894862 0.26473099
v 0.79390901 0.76894861 0.26473099
v 0.79399037 -0.93970180 -0.18334410
v 0.79399037 0.81970179 -0.18334410
v 0.79401618 -0.94151860 0.26626918
v 0.79401618 0.82151866 0.26626918
v 0.79404062 -0.99045062 -0.26988167
v 0.79404062 0.87045062 -0.26988167
v 0.79411077 -0.90440756 0.27000001
v 0.79411077 0.78440756 0.27000001
v 0.79414225 -0.91414225 -0.19000000
v 0.79414225 0.79414225 -0.19000000
v 0.79422498 -0.99163920 -0.26961824
v 0.79422498 0.87163919 -0.26961824
v 0.79440325 -0.99278665 -0.26920906
v 0.79440325 0.87278664 -0.26920906
v 0.79440916 -0.94211161 0.26526439
v 0.79440916 0.82211161 0.26526439
v 0.79442126 -0.89852405 0.26943162
v 0.79442126 0.77852404 0.26943162
v 0.79447997 -0.88925523 0.26577783
v 0.79447997 0.76925522 0.26577783
v 0.79457223 -0.99387580 -0.26866025
v 0.79457223 0.87387580 -0.26866025
v 0.79472959 -0.99488997 -0.26798016
v 0.79472959 0.87488997 -0.26798016
v 0.79473084 -0.94259721 0.26417962
v 0.79473084 0.82259721 0.26417962
v 0.79484040 -0.92980379 -0.18772618
v 0.79484040 0.80980378 -0.18772618
v 0.79487300 -0.99581385 -0.26717913
v 0.79487300 0.87581384 -0.26717913
v 0.79497659 -0.94296801 0.26303160
v 0.79497659 0.82296801 0.26303160
v 0.79500026 -0.99663335 -0.26626924
v 0.79500026 0.87663341 -0.26626924
v 0.79510939 -0.99733645 -0.26526433
v 0.79510939 0.87733644 -0.26526433
v 0.79514235 -0.94321841 0.26183739
v 0.79514235 0.82321841 0.26183739
v 0.79516000 -0.88962042 0.26673698
v 0.79516000 0.76962042 0.26673698
v 0.79519880 -0.99791199 -0.26417962
v 0.79519880 0.87791198 -0.26417962
v 0.79522598 -0.94334441 0.26061562
v 0.79522598 0.82334441 0.26061562
v 0.79526705 -0.99835157 -0.26303151
v 0.79526705 0.87835157 -0.26303151
v 0.79527837 -0.94342339 -0.26122889
v 0.79527837 0.82342339 -0.26122889
v 0.79529661 -0.94340843 -0.18037620
v 0.79529661 0.82340842 -0.18037620
v 0.79531306 -0.99864823 -0.26183748
v 0.79531306 0.87864822 -0.26183748
v 0.79533625 -0.99879783 -0.26061562
v 0.79533625 0.87879783 -0.26061562
v 0.79538757 -0.89920825 0.26976842
v 0.79538757 0.77920824 0.26976842
v 0.79540336 -0.94361198 -0.26243913
v 0.79540336 0.82361197 -0.26243913
v 0.79541361 -0.91799080 -0.18982936
v 0.79541361 0.79799080 -0.18982936
v 0.79543281 -0.88296098 0.23000000
v 0.79543281 -0.88296098 0.25999999
v 0.79543281 0.76296097 0.23000000
v 0.79543281 0.76296097 0.25999999
v 0.79546022 -0.91268784 -0.19000000
v 0.79546022 0.79268783 -0.19000000
v 0.79555702 -0.94314694 -0.25999999
v 0.79555702 -0.94314694 -0.23000000
v 0.79555702 -0.94314694 0.19000000
v 0.79555702 -0.94314694 0.23000000
v 0.79555702 -0.94314694 0.25999999
v 0.79555702 0.82314700 -0.25999999
v 0.79555702 0.82314700 -0.23000000
v 0.79555702 0.82314700 0.19000000
v 0.79555702 0.82314700 0.23000000
v 0.79555702 0.82314700 0.25999999
v 0.79560721 -0.97846282 0.23000000
v 0.79560721 0.85846281 0.23000000
v 0.79560941 -0.94392318 -0.26361242
v 0.79560941 0.82392317 -0.26361242
v 0.79577398 -0.92380542 -0.18907395
v 0.79577398 0.80380541 -0.18907395
v 0.79589379 -0.94435221 -0.26473093
v 0.79589379 0.82435220 -0.26473093
v 0.79593879 -0.89003861 0.26759398
v 0.79593879 0.77003860 0.26759398
v 0.79601896 -0.88170183 0.26122880
v 0.79601896 0.76170182 0.26122880
v 0.79623002 -0.88178360 0.26243919
v 0.79623002 0.76178360 0.26243919
v 0.79625183 -0.94489241 -0.26577774
v 0.79625183 0.82489240 -0.26577774
v 0.79638064 -0.89991099 0.26995739
v 0.79638064 0.77991098 0.26995739
v 0.79647166 -0.94674301 -0.17694782
v 0.79647166 0.82674301 -0.17694782
v 0.79657799 -0.88191843 0.26361239
v 0.79657799 0.76191843 0.26361239
v 0.79662943 -0.91111135 -0.19000000
v 0.79662943 0.79111135 -0.19000000
v 0.79667825 -0.94553584 -0.26673695
v 0.79667825 0.82553583 -0.26673695
v 0.79680443 -0.89050341 0.26833600
v 0.79680443 0.77050340 0.26833600
v 0.79686201 -0.93386358 -0.18580654
v 0.79686201 0.81386358 -0.18580654
v 0.79705781 -0.88210440 0.26473099
v 0.79705781 0.76210439 0.26473099
v 0.79709542 -0.92957097 0.27000001
v 0.79709542 0.80957103 0.27000001
v 0.79716635 -0.94627261 -0.26759404
v 0.79716635 0.82627261 -0.26759404
v 0.79724640 -0.97874963 0.22999062
v 0.79724640 0.85874963 0.22999062
v 0.79741639 -0.87741697 0.23000000
v 0.79741639 -0.87741697 0.25999999
v 0.79741639 0.75741696 0.23000000
v 0.79741639 0.75741696 0.25999999
v 0.79741699 -0.95741636 -0.15000001
v 0.79741699 -0.95741636 0.19000000
v 0.79741699 0.83741641 -0.15000001
v 0.79741699 0.83741641 0.19000000
v 0.79749781 -0.94965500 -0.17311096
v 0.79749781 0.82965499 -0.17311096
v 0.79750764 -0.91596037 -0.18982936
v 0.79750764 0.79596037 -0.18982936
v 0.79755819 -0.98827058 -0.27000001
v 0.79755819 0.86827058 -0.27000001
v 0.79763842 -0.90942800 -0.19000000
v 0.79763842 0.78942800 -0.19000000
v 0.79766220 -0.88233840 0.26577783
v 0.79766220 0.76233840 0.26577783
v 0.79770899 -0.94709182 -0.26833603
v 0.79770899 0.82709181 -0.26833603
v 0.79774386 -0.89100778 0.26895159
v 0.79774386 0.77100778 0.26895159
v 0.79777098 -0.98114467 0.22976342
v 0.79777098 0.86114466 0.22976342
v 0.79820281 -0.89889002 0.27000001
v 0.79820281 0.77889001 0.27000001
v 0.79826140 -0.87465340 0.26122880
v 0.79826140 0.75465339 0.26122880
v 0.79828560 -0.98349440 0.22923660
v 0.79828560 0.86349440 0.22923660
v 0.79829806 -0.94798058 -0.26895162
v 0.79829806 0.82798058 -0.26895162
v 0.79835939 -0.95210040 -0.16892374
v 0.79835939 0.83210039 -0.16892374
v 0.79838204 -0.88261741 0.26673698
v 0.79838204 0.76261741 0.26673698
v 0.79839057 -0.92775422 -0.18772618
v 0.79839057 0.80775422 -0.18772618
v 0.79847765 -0.90765357 -0.19000000
v 0.79847765 0.78765357 -0.19000000
v 0.79848081 -0.87470841 0.26243919
v 0.79848081 0.75470841 0.26243919
v 0.79857999 -0.92168665 -0.18907395
v 0.79857999 0.80168664 -0.18907395
v 0.79874283 -0.89154416 0.26943162
v 0.79874283 0.77154422 0.26943162
v 0.79875600 -0.92858040 0.26999518
v 0.79875600 0.80858040 0.26999518
v 0.79876322 -0.93768156 -0.18334410
v 0.79876322 0.81768155 -0.18334410
v 0.79878241 -0.98576301 0.22841820
v 0.79878241 0.86576301 0.22841820
v 0.79884261 -0.87479955 0.26361239
v 0.79884261 0.75479960 0.26361239
v 0.79884720 -0.87170541 0.23000000
v 0.79884720 -0.87170541 0.25999999
v 0.79884720 0.75170541 0.23000000
v 0.79884720 0.75170541 0.25999999
v 0.79892439 -0.94892579 -0.26943153
v 0.79892439 0.82892579 -0.26943153
v 0.79904360 -0.95404184 -0.16444966
v 0.79904360 0.83404183 -0.16444966
v 0.79913878 -0.90580559 -0.19000000
v 0.79913878 0.78580558 -0.19000000
v 0.79920626 -0.88293666 0.26759398
v 0.79920626 0.76293665 0.26759398
v 0.79925400 -0.98791641 0.22732060
v 0.79925400 0.86791641 0.22732060
v 0.79933637 -0.91368783 -0.18982936
v 0.79933637 0.79368782 -0.18982936
v 0.79934180 -0.87492502 0.26473099
v 0.79934180 0.75492501 0.26473099
v 0.79950899 -0.99807858 -0.25999999
v 0.79950899 -0.99807858 0.20999999
v 0.79950899 0.87807864 -0.25999999
v 0.79950899 0.87807864 0.20999999
v 0.79953980 -0.95544982 -0.15975654
v 0.79953980 0.83544981 -0.15975654
v 0.79955363 -0.92951143 0.26988161
v 0.79955363 0.80951142 0.26988161
v 0.79957843 -0.94991302 -0.26976848
v 0.79957843 0.82991302 -0.26976848
v 0.79961580 -0.90390182 -0.19000000
v 0.79961580 0.78390181 -0.19000000
v 0.79962045 -0.86738259 0.26122880
v 0.79962045 0.74738258 0.26122880
v 0.79969323 -0.98992157 0.22596039
v 0.79969323 0.86992157 0.22596039
v 0.79971099 -0.86588097 0.23000000
v 0.79971099 -0.86588097 0.25999999
v 0.79971099 0.74588096 0.23000000
v 0.79971099 0.74588096 0.25999999
v 0.79978597 -0.89210439 0.26976842
v 0.79978597 0.77210444 0.26976842
v 0.79984063 -0.95630342 -0.15491554
v 0.79984063 0.83630341 -0.15491554
v 0.79984498 -0.86741042 0.26243919
v 0.79984498 0.74741042 0.26243919
v 0.79990357 -0.90196037 -0.19000000
v 0.79990357 0.78196037 -0.19000000
v 0.79997039 -0.87508321 0.26577783
v 0.79997039 0.75508326 0.26577783
v 0.80000001 -0.89999998 -0.19000000
v 0.80000001 -0.86000001 0.23000000
v 0.80000001 -0.86000001 0.25999999
v 0.80000001 0.74000001 0.23000000
v 0.80000001 0.74000001 0.25999999
v 0.80000001 0.77999997 -0.19000000
v 0.80004823 -0.86000001 0.26098019
v 0.80004823 0.74000001 0.26098019
v 0.80009323 -0.99174821 0.22435822
v 0.80009323 0.87174821 0.22435822
v 0.80012238 -0.88329160 0.26833600
v 0.80012238 0.76329160 0.26833600
v 0.80019218 -0.86000001 0.26195100
v 0.80019218 0.74000001 0.26195100
v 0.80021536 -0.86745620 0.26361239
v 0.80021536 0.74745619 0.26361239
v 0.80025041 -0.95092720 -0.26995733
v 0.80025041 0.83092719 -0.26995733
v 0.80033624 -0.93042457 0.26961818
v 0.80033624 0.81042457 0.26961818
v 0.80043060 -0.86000001 0.26290280
v 0.80043060 0.74000001 0.26290280
v 0.80044800 -0.99336886 0.22253841
v 0.80044800 0.87336886 0.22253841
v 0.80051500 -0.94119954 -0.18037620
v 0.80051500 0.82119960 -0.18037620
v 0.80071878 -0.87527138 0.26673698
v 0.80071878 0.75527138 0.26673698
v 0.80072600 -0.86751962 0.26473099
v 0.80072600 0.74751961 0.26473099
v 0.80075240 -0.99475861 0.22052860
v 0.80075240 0.87475860 0.22052860
v 0.80076116 -0.86000001 0.26382679
v 0.80076116 0.74000001 0.26382679
v 0.80085802 -0.89267999 0.26995739
v 0.80085802 0.77267998 0.26995739
v 0.80087179 -0.91120797 -0.18982936
v 0.80087179 0.79120797 -0.18982936
v 0.80089575 -0.93153483 -0.18580654
v 0.80089575 0.81153482 -0.18580654
v 0.80100161 -0.99589658 0.21835919
v 0.80100161 0.87589663 0.21835919
v 0.80109161 -0.93130636 0.26920900
v 0.80109161 0.81130636 0.26920900
v 0.80110419 -0.91923898 -0.18907395
v 0.80110419 0.79923898 -0.18907395
v 0.80111283 -0.95146155 -0.27000001
v 0.80111283 0.83146155 -0.27000001
v 0.80111659 -0.88367683 0.26895159
v 0.80111659 0.76367682 0.26895159
v 0.80118078 -0.86000001 0.26471400
v 0.80118078 0.74000001 0.26471400
v 0.80119205 -0.99676538 0.21606301
v 0.80119205 0.87676537 0.21606301
v 0.80132043 -0.99735224 0.21367501
v 0.80132043 0.87735224 0.21367501
v 0.80136943 -0.86759919 0.26577783
v 0.80136943 0.74759918 0.26577783
v 0.80138516 -0.99764776 0.21123119
v 0.80138516 0.87764776 0.21123119
v 0.80157626 -0.87548697 0.26759398
v 0.80157626 0.75548697 0.26759398
v 0.80166185 -0.92528379 -0.18772618
v 0.80166185 0.80528378 -0.18772618
v 0.80168539 -0.86000001 0.26555580
v 0.80168539 0.74000001 0.26555580
v 0.80173439 -0.89299780 0.27000001
v 0.80173439 0.77299780 0.27000001
v 0.80180877 -0.93214339 0.26866019
v 0.80180877 0.81214339 0.26866019
v 0.80209100 -0.94436461 -0.17694782
v 0.80209100 -0.90855795 -0.18982936
v 0.80209100 0.78855795 -0.18982936
v 0.80209100 0.82436460 -0.17694782
v 0.80213541 -0.86769402 0.26673698
v 0.80213541 0.74769402 0.26673698
v 0.80217397 -0.88408637 0.26943162
v 0.80217397 0.76408637 0.26943162
v 0.80226982 -0.86000001 0.26634398
v 0.80226982 0.74000001 0.26634398
v 0.80247641 -0.93292284 0.26798019
v 0.80247641 0.81292284 0.26798019
v 0.80252898 -0.87572664 0.26833600
v 0.80252898 0.75572664 0.26833600
v 0.80292898 -0.86000001 0.26707101
v 0.80292898 0.74000001 0.26707101
v 0.80296099 -0.95543283 -0.15000001
v 0.80296099 -0.95543283 0.19000000
v 0.80296099 0.83543283 -0.15000001
v 0.80296099 0.83543283 0.19000000
v 0.80297524 -0.90577841 -0.18982936
v 0.80297524 0.78577840 -0.18982936
v 0.80301261 -0.86780256 0.26759398
v 0.80301261 0.74780256 0.26759398
v 0.80308479 -0.93363297 0.26717919
v 0.80308479 0.81363297 0.26717919
v 0.80322284 -0.97655517 0.23000000
v 0.80322284 0.85655516 0.23000000
v 0.80325156 -0.93509018 -0.18334410
v 0.80325156 0.81509018 -0.18334410
v 0.80327821 -0.88451421 0.26976842
v 0.80327821 0.76451421 0.26976842
v 0.80330843 -0.91649961 -0.18907395
v 0.80330843 0.79649961 -0.18907395
v 0.80343938 -0.93730104 -0.25999999
v 0.80343938 -0.93730104 -0.23000000
v 0.80343938 -0.93730104 0.19000000
v 0.80343938 -0.93730104 0.23000000
v 0.80343938 -0.93730104 0.25999999
v 0.80343938 0.81730103 -0.25999999
v 0.80343938 0.81730103 -0.23000000
v 0.80343938 0.81730103 0.19000000
v 0.80343938 0.81730103 0.23000000
v 0.80343938 0.81730103 0.25999999
v 0.80346715 -0.94712836 -0.17311096
v 0.80346715 0.82712835 -0.17311096
v 0.80351120 -0.90291137 -0.18982936
v 0.80351120 0.78291136 -0.18982936
v 0.80356300 -0.87598681 0.26895159
v 0.80356300 0.75598681 0.26895159
v 0.80362439 -0.93426275 0.26626918
v 0.80362439 0.81426275 0.26626918
v 0.80363959 -0.92363960 0.27000001
v 0.80363959 0.80363959 0.27000001
v 0.80365598 -0.86000001 0.26773021
v 0.80365598 0.74000001 0.26773021
v 0.80392057 -0.89999998 -0.18980737
v 0.80392057 0.77999997 -0.18980737
v 0.80398756 -0.86792344 0.26833600
v 0.80398756 0.74792343 0.26833600
v 0.80408740 -0.93480301 0.26526439
v 0.80408740 0.81480300 0.26526439
v 0.80441260 -0.88495362 0.26995739
v 0.80441260 0.76495361 0.26995739
v 0.80444419 -0.86000001 0.26831460
v 0.80444419 0.74000001 0.26831460
v 0.80446619 -0.93524545 0.26417962
v 0.80446619 0.81524545 0.26417962
v 0.80460477 -0.92243022 -0.18772618
v 0.80460477 0.80243021 -0.18772618
v 0.80461258 -0.92872804 -0.18580654
v 0.80461258 0.80872804 -0.18580654
v 0.80462283 -0.94944924 -0.16892374
v 0.80462283 0.82944924 -0.16892374
v 0.80466264 -0.87626344 0.26943162
v 0.80466264 0.75626343 0.26943162
v 0.80467165 -0.88678777 0.27000001
v 0.80467165 0.76678777 0.27000001
v 0.80471396 -0.98686057 -0.26999524
v 0.80471396 0.86686057 -0.26999524
v 0.80475563 -0.93558317 0.26303160
v 0.80475563 0.81558317 0.26303160
v 0.80495101 -0.93581122 0.26183739
v 0.80495101 0.81581122 0.26183739
v 0.80504578 -0.86805445 0.26895159
v 0.80504578 0.74805444 0.26895159
v 0.80504936 -0.98803961 -0.26988167
v 0.80504936 -0.93592596 0.26061562
v 0.80504936 0.81592596 0.26061562
v 0.80504936 0.86803961 -0.26988167
v 0.80511123 -0.93599802 -0.26122889
v 0.80511123 0.81599802 -0.26122889
v 0.80515939 -0.91351020 -0.18907395
v 0.80515939 0.79351020 -0.18907395
v 0.80525839 -0.93616980 -0.26243913
v 0.80525839 0.81616980 -0.26243913
v 0.80528605 -0.86000001 0.26881921
v 0.80528605 0.74000001 0.26881921
v 0.80537856 -0.98919642 -0.26961824
v 0.80537856 0.86919641 -0.26961824
v 0.80542237 -0.93836641 -0.18037620
v 0.80542237 0.81836641 -0.18037620
v 0.80550116 -0.93645340 -0.26361242
v 0.80550116 0.81645340 -0.26361242
v 0.80554038 -0.95129180 -0.16444966
v 0.80554038 0.83129179 -0.16444966
v 0.80569643 -0.99031341 -0.26920906
v 0.80569643 0.87031341 -0.26920906
v 0.80581099 -0.87655222 0.26976842
v 0.80581099 0.75655222 0.26976842
v 0.80583602 -0.93684405 -0.26473093
v 0.80583602 0.81684405 -0.26473093
v 0.80599803 -0.99137336 -0.26866025
v 0.80599803 0.87137336 -0.26866025
v 0.80612558 -0.98612458 -0.27000001
v 0.80612558 0.86612457 -0.27000001
v 0.80617106 -0.86819381 0.26943162
v 0.80617106 0.74819380 0.26943162
v 0.80617315 -0.86000001 0.26923883
v 0.80617315 0.74000001 0.26923883
v 0.80620581 -0.95262837 -0.15975654
v 0.80620581 0.83262843 -0.15975654
v 0.80625761 -0.93733644 -0.26577774
v 0.80625761 0.81733644 -0.26577774
v 0.80627877 -0.99236059 -0.26798016
v 0.80627877 0.87236059 -0.26798016
v 0.80653483 -0.99325997 -0.26717913
v 0.80653483 0.87325996 -0.26717913
v 0.80660921 -0.95343840 -0.15491554
v 0.80660921 0.83343840 -0.15491554
v 0.80662900 -0.91031599 -0.18907395
v 0.80662900 0.79031599 -0.18907395
v 0.80673844 -0.92084002 0.26999518
v 0.80673844 0.80084002 0.26999518
v 0.80675977 -0.93792236 -0.26673695
v 0.80675977 0.81792235 -0.26673695
v 0.80676180 -0.99405777 -0.26626924
v 0.80676180 0.87405777 -0.26626924
v 0.80679297 -0.97603315 0.22999062
v 0.80679297 0.85603315 0.22999062
v 0.80695641 -0.99474198 -0.26526433
v 0.80695641 0.87474197 -0.26526433
v 0.80698580 -0.88031995 0.27000001
v 0.80698580 0.76031995 0.27000001
v 0.80699098 -0.87684900 0.26995739
v 0.80699098 0.75684899 0.26995739
v 0.80709720 -0.86000001 0.26956940
v 0.80709720 0.74000001 0.26956940
v 0.80711579 -0.99530220 -0.26417962
v 0.80711579 0.87530220 -0.26417962
v 0.80717462 -0.91923660 -0.18772618
v 0.80717462 0.79923660 -0.18772618
v 0.80723763 -0.99572998 -0.26303151
v 0.80723763 0.87572998 -0.26303151
v 0.80731982 -0.99601883 -0.26183748
v 0.80731982 0.87601882 -0.26183748
v 0.80733496 -0.93859380 -0.26759404
v 0.80733496 0.81859380 -0.26759404
v 0.80734640 -0.86833924 0.26976842
v 0.80734640 0.74833924 0.26976842
v 0.80736125 -0.99616438 -0.26061562
v 0.80736125 0.87616438 -0.26061562
v 0.80737543 -0.94131362 -0.17694782
v 0.80737543 0.82131362 -0.17694782
v 0.80738759 -0.93196678 -0.18334410
v 0.80738759 0.81196678 -0.18334410
v 0.80760801 -0.97834581 0.22976342
v 0.80760801 0.85834581 0.22976342
v 0.80764443 -0.92166603 0.26988161
v 0.80764443 0.80166602 0.26988161
v 0.80769479 -0.90696561 -0.18907395
v 0.80769479 0.78696561 -0.18907395
v 0.80780357 -0.89999998 -0.18923143
v 0.80780357 0.77999997 -0.18923143
v 0.80795640 -0.92548561 -0.18580654
v 0.80795640 0.80548561 -0.18580654
v 0.80797416 -0.93933982 -0.26833603
v 0.80797416 0.81933981 -0.26833603
v 0.80804902 -0.86000001 0.26980782
v 0.80804902 0.74000001 0.26980782
v 0.80828375 -0.95291519 -0.15000001
v 0.80828375 -0.95291519 0.19000000
v 0.80828375 0.83291519 -0.15000001
v 0.80828375 0.83291519 0.19000000
v 0.80834085 -0.90350938 -0.18907395
v 0.80834085 0.78350937 -0.18907395
v 0.80840737 -0.98061442 0.22923660
v 0.80840737 0.86061442 0.22923660
v 0.80853319 -0.92247617 0.26961818
v 0.80853319 0.80247617 0.26961818
v 0.80855376 -0.86848879 0.26995739
v 0.80855376 0.74848878 0.26995739
v 0.80865502 -0.87365639 0.27000001
v 0.80865502 0.75365639 0.27000001
v 0.80866796 -0.94014961 -0.26895162
v 0.80866796 0.82014960 -0.26895162
v 0.80901980 -0.86000001 0.26995179
v 0.80901980 0.74000001 0.26995179
v 0.80902839 -0.99569398 -0.25999999
v 0.80902839 -0.99569398 0.20999999
v 0.80902839 0.87569398 -0.25999999
v 0.80902839 0.87569398 0.20999999
v 0.80908084 -0.94388741 -0.17311096
v 0.80908084 0.82388741 -0.17311096
v 0.80917937 -0.98280501 0.22841820
v 0.80917937 0.86280501 0.22841820
v 0.80933261 -0.91575122 -0.18772618
v 0.80933261 0.79575121 -0.18772618
v 0.80939138 -0.92325860 0.26920900
v 0.80939138 0.80325860 0.26920900
v 0.80940557 -0.94101059 -0.26943153
v 0.80940557 0.82101059 -0.26943153
v 0.80957103 -0.91709542 0.27000001
v 0.80957103 0.79709542 0.27000001
v 0.80966300 -0.86686116 0.27000001
v 0.80966300 0.74686122 0.27000001
v 0.80978316 -0.94503123 -0.27000001
v 0.80978316 0.82503122 -0.27000001
v 0.80991203 -0.98488379 0.22732060
v 0.80991203 0.86488378 0.22732060
v 0.80994463 -0.93495142 -0.18037620
v 0.80994463 0.81495142 -0.18037620
v 0.81000000 -0.86000001 0.27000001
v 0.81000000 0.74000001 0.27000001
v 0.81017613 -0.94191003 -0.26976848
v 0.81017613 0.82191002 -0.26976848
v 0.81020576 -0.92400098 0.26866019
v 0.81020576 0.80400103 0.26866019
v 0.81051302 -0.94604856 -0.16892374
v 0.81051302 0.82604861 -0.16892374
v 0.81059420 -0.98681998 0.22596039
v 0.81059420 0.86681998 0.22596039
v 0.81061465 -0.97391039 0.23000000
v 0.81061465 0.85391039 0.23000000
v 0.81071061 -0.93071061 -0.25999999
v 0.81071061 -0.93071061 -0.23000000
v 0.81071061 -0.93071061 0.19000000
v 0.81071061 -0.93071061 0.23000000
v 0.81071061 -0.93071061 0.25999999
v 0.81071061 0.81071061 -0.25999999
v 0.81071061 0.81071061 -0.23000000
v 0.81071061 0.81071061 0.19000000
v 0.81071061 0.81071061 0.23000000
v 0.81071061 0.81071061 0.25999999
v 0.81087637 -0.92185700 -0.18580654
v 0.81087637 0.80185699 -0.18580654
v 0.81096441 -0.92469263 0.26798019
v 0.81096441 0.80469263 0.26798019
v 0.81096762 -0.94283378 -0.26995733
v 0.81096762 0.82283378 -0.26995733
v 0.81104600 -0.91202718 -0.18772618
v 0.81104600 0.79202724 -0.18772618
v 0.81110817 -0.92835897 -0.18334410
v 0.81110817 0.80835897 -0.18334410
v 0.81121558 -0.98858362 0.22435822
v 0.81121558 0.86858362 0.22435822
v 0.81161141 -0.89999998 -0.18827762
v 0.81161141 0.77999997 -0.18827762
v 0.81164980 -0.94776446 -0.16444966
v 0.81164980 0.82776445 -0.16444966
v 0.81165522 -0.92532241 0.26717919
v 0.81165522 0.80532241 0.26717919
v 0.81176698 -0.99014819 0.22253841
v 0.81176698 0.87014818 0.22253841
v 0.81223983 -0.99149001 0.22052860
v 0.81223983 0.87149000 0.22052860
v 0.81224477 -0.93763644 -0.17694782
v 0.81224477 0.81763643 -0.17694782
v 0.81226820 -0.92588121 0.26626918
v 0.81226820 0.80588120 0.26626918
v 0.81228858 -0.90812105 -0.18772618
v 0.81228858 0.78812104 -0.18772618
v 0.81247461 -0.94900900 -0.15975654
v 0.81247461 0.82900900 -0.15975654
v 0.81262702 -0.99258882 0.21835919
v 0.81262702 0.87258881 0.21835919
v 0.81279403 -0.92636037 0.26526439
v 0.81279403 0.80636042 0.26526439
v 0.81292260 -0.99342781 0.21606301
v 0.81292260 0.87342781 0.21606301
v 0.81297439 -0.94976342 -0.15491554
v 0.81297439 0.82976341 -0.15491554
v 0.81304175 -0.90409142 -0.18772618
v 0.81304175 0.78409141 -0.18772618
v 0.81312239 -0.99399424 0.21367501
v 0.81312239 0.87399423 0.21367501
v 0.81322283 -0.99427962 0.21123119
v 0.81322283 0.87427962 0.21123119
v 0.81322443 -0.92675281 0.26417962
v 0.81322443 0.80675280 0.26417962
v 0.81332815 -0.91789705 -0.18580654
v 0.81332815 0.79789704 -0.18580654
v 0.81333423 -0.94988823 -0.15000001
v 0.81333423 -0.94988823 0.19000000
v 0.81333423 0.82988822 -0.15000001
v 0.81333423 0.82988822 0.19000000
v 0.81355321 -0.92705262 0.26303160
v 0.81355321 0.80705261 0.26303160
v 0.81370902 -0.91217756 0.26999518
v 0.81370902 0.79217756 0.26999518
v 0.81377500 -0.92725480 0.26183739
v 0.81377500 0.80725479 0.26183739
v 0.81388682 -0.92735678 0.26061562
v 0.81388682 0.80735677 0.26061562
v 0.81395698 -0.92742056 -0.26122889
v 0.81395698 0.80742055 -0.26122889
v 0.81401259 -0.93100661 -0.18037620
v 0.81401259 0.81100661 -0.18037620
v 0.81412399 -0.92757303 -0.26243913
v 0.81412399 0.80757302 -0.26243913
v 0.81425363 -0.93998098 -0.17311096
v 0.81425363 0.81998098 -0.17311096
v 0.81435740 -0.92432123 -0.18334410
v 0.81435740 0.80432123 -0.18334410
v 0.81440002 -0.92782438 -0.26361242
v 0.81440002 0.80782437 -0.26361242
v 0.81444162 -0.98314917 -0.27000001
v 0.81444162 0.86314917 -0.27000001
v 0.81470978 -0.91288596 0.26988161
v 0.81470978 0.79288596 0.26988161
v 0.81478018 -0.92817122 -0.26473093
v 0.81478018 0.80817121 -0.26473093
v 0.81483221 -0.91000140 0.27000001
v 0.81483221 0.79000139 0.27000001
v 0.81520081 -0.98316497 -0.26999524
v 0.81520081 0.86316496 -0.26999524
v 0.81525916 -0.92860776 -0.26577774
v 0.81525916 0.80860782 -0.26577774
v 0.81527495 -0.91366559 -0.18580654
v 0.81527495 0.79366565 -0.18580654
v 0.81530738 -0.89999998 -0.18695517
v 0.81530738 0.77999997 -0.18695517
v 0.81567866 -0.98429400 -0.26988167
v 0.81567866 0.86429399 -0.26988167
v 0.81569135 -0.91358078 0.26961818
v 0.81569135 0.79358077 0.26961818
v 0.81582963 -0.92912781 -0.26673695
v 0.81582963 0.80912781 -0.26673695
v 0.81593359 -0.97216439 0.22999062
v 0.81593359 0.85216439 0.22999062
v 0.81594038 -0.94194978 -0.16892374
v 0.81594038 0.82194978 -0.16892374
v 0.81614739 -0.98540163 -0.26961824
v 0.81614739 0.86540163 -0.26961824
v 0.81648278 -0.92972344 -0.26759404
v 0.81648278 0.80972344 -0.26759404
v 0.81660002 -0.98647100 -0.26920906
v 0.81660002 0.86647105 -0.26920906
v 0.81662560 -0.93338859 -0.17694782
v 0.81662560 0.81338859 -0.17694782
v 0.81663918 -0.91425180 0.26920900
v 0.81663918 0.79425180 0.26920900
v 0.81668699 -0.90922719 -0.18580654
v 0.81668699 0.78922725 -0.18580654
v 0.81702662 -0.97435921 0.22976342
v 0.81702662 0.85435921 0.22976342
v 0.81702960 -0.98748595 -0.26866025
v 0.81702960 0.86748594 -0.26866025
v 0.81708580 -0.91991460 -0.18334410
v 0.81708580 0.79991460 -0.18334410
v 0.81720901 -0.93038523 -0.26833603
v 0.81720901 0.81038523 -0.26833603
v 0.81727982 -0.94351304 -0.16444966
v 0.81727982 0.82351303 -0.16444966
v 0.81730103 -0.92343938 -0.25999999
v 0.81730103 -0.92343938 -0.23000000
v 0.81730103 -0.92343938 0.19000000
v 0.81730103 -0.92343938 0.23000000
v 0.81730103 -0.92343938 0.25999999
v 0.81730103 0.80343938 -0.25999999
v 0.81730103 0.80343938 -0.23000000
v 0.81730103 0.80343938 0.19000000
v 0.81730103 0.80343938 0.23000000
v 0.81730103 0.80343938 0.25999999
v 0.81742978 -0.98843116 -0.26798016
v 0.81742978 0.86843115 -0.26798016
v 0.81753886 -0.91488862 0.26866019
v 0.81753886 0.79488862 0.26866019
v 0.81754279 -0.90464884 -0.18580654
v 0.81754279 0.78464884 -0.18580654
v 0.81756520 -0.92659181 -0.18037620
v 0.81756520 0.80659181 -0.18037620
v 0.81771177 -0.97055382 0.23000000
v 0.81771177 0.85055381 0.23000000
v 0.81778181 -0.93778181 -0.27000001
v 0.81778181 0.81778181 -0.27000001
v 0.81779420 -0.98929220 -0.26717913
v 0.81779420 0.86929220 -0.26717913
v 0.81799698 -0.93110359 -0.26895162
v 0.81799698 0.81110358 -0.26895162
v 0.81806356 -0.94638062 -0.15000001
v 0.81806356 -0.94638062 0.19000000
v 0.81806356 0.82638061 -0.15000001
v 0.81806356 0.82638061 0.19000000
v 0.81809884 -0.97651261 0.22923660
v 0.81809884 0.85651261 0.22923660
v 0.81811738 -0.99005598 -0.26626924
v 0.81811738 0.87005597 -0.26626924
v 0.81825101 -0.94464684 -0.15975654
v 0.81825101 0.82464683 -0.15975654
v 0.81826842 -0.99238801 -0.25999999
v 0.81826842 -0.99238801 0.20999999
v 0.81826842 0.87238801 -0.25999999
v 0.81826842 0.87238801 0.20999999
v 0.81837636 -0.91548157 0.26798019
v 0.81837636 0.79548156 0.26798019
v 0.81839478 -0.99071121 -0.26526433
v 0.81839478 0.87071121 -0.26526433
v 0.81862181 -0.99124765 -0.26417962
v 0.81862181 0.87124765 -0.26417962
v 0.81879514 -0.99165720 -0.26303151
v 0.81879514 0.87165719 -0.26303151
v 0.81883478 -0.93186736 -0.26943153
v 0.81883478 0.81186736 -0.26943153
v 0.81883979 -0.94533402 -0.15491554
v 0.81883979 0.82533401 -0.15491554
v 0.81885582 -0.89999998 -0.18527687
v 0.81885582 0.77999997 -0.18527687
v 0.81890714 -0.93546861 -0.17311096
v 0.81890714 0.81546861 -0.17311096
v 0.81891221 -0.99193382 -0.26183748
v 0.81891221 0.87193382 -0.26183748
v 0.81897116 -0.99207300 -0.26061562
v 0.81897116 0.87207299 -0.26061562
v 0.81913400 -0.97859162 0.22841820
v 0.81913400 0.85859162 0.22841820
v 0.81913966 -0.91602182 0.26717919
v 0.81913966 0.79602182 0.26717919
v 0.81925201 -0.91520637 -0.18334410
v 0.81925201 0.79520637 -0.18334410
v 0.81937301 -0.90242577 0.27000001
v 0.81937301 0.78242576 0.27000001
v 0.81956238 -0.90272421 0.26999518
v 0.81956238 0.78272420 0.26999518
v 0.81971002 -0.93266517 -0.26976848
v 0.81971002 0.81266516 -0.26976848
v 0.81981659 -0.91650099 0.26626918
v 0.81981659 0.79650098 0.26626918
v 0.82011640 -0.98056459 0.22732060
v 0.82011640 0.86056459 0.22732060
v 0.82039720 -0.91691202 0.26526439
v 0.82039720 0.79691201 0.26526439
v 0.82045096 -0.92863458 -0.17694782
v 0.82045096 0.80863458 -0.17694782
v 0.82054842 -0.92177397 -0.18037620
v 0.82054842 0.80177397 -0.18037620
v 0.82060921 -0.93348503 -0.26995733
v 0.82060921 0.81348503 -0.26995733
v 0.82064241 -0.90330422 0.26988161
v 0.82064241 0.78330421 0.26988161
v 0.82082319 -0.93721521 -0.16892374
v 0.82082319 -0.91026741 -0.18334410
v 0.82082319 0.79026741 -0.18334410
v 0.82082319 0.81721520 -0.16892374
v 0.82087255 -0.91724861 0.26417962
v 0.82087255 0.79724860 0.26417962
v 0.82103139 -0.98240221 0.22596039
v 0.82103139 0.86240220 0.22596039
v 0.82123560 -0.91750544 0.26303160
v 0.82123560 0.79750544 0.26303160
v 0.82148081 -0.91767901 0.26183739
v 0.82148081 0.79767901 0.26183739
v 0.82160425 -0.91776639 0.26061562
v 0.82160425 0.79776645 0.26061562
v 0.82168162 -0.91782117 -0.26122889
v 0.82168162 0.79782122 -0.26122889
v 0.82170218 -0.90387321 0.26961818
v 0.82170218 0.78387320 0.26961818
v 0.82177562 -0.90517306 -0.18334410
v 0.82177562 0.78517306 -0.18334410
v 0.82186502 -0.98407626 0.22435822
v 0.82186502 0.86407626 0.22435822
v 0.82186621 -0.91795182 -0.26243913
v 0.82186621 0.79795182 -0.26243913
v 0.82217079 -0.91816759 -0.26361242
v 0.82217079 0.79816759 -0.26361242
v 0.82222283 -0.89999998 -0.18325879
v 0.82222283 0.77999997 -0.18325879
v 0.82234442 -0.93860197 -0.16444966
v 0.82234442 0.81860197 -0.16444966
v 0.82242578 -0.97937304 -0.27000001
v 0.82242578 0.85937303 -0.27000001
v 0.82242638 -0.94242638 -0.15000001
v 0.82242638 -0.94242638 0.19000000
v 0.82242638 0.82242638 -0.15000001
v 0.82242638 0.82242638 0.19000000
v 0.82259077 -0.91846484 -0.26473093
v 0.82259077 0.79846483 -0.26473093
v 0.82260436 -0.98556119 0.22253841
v 0.82260436 0.86556125 0.22253841
v 0.82272524 -0.90442240 0.26920900
v 0.82272524 0.78442240 0.26920900
v 0.82291681 -0.91662598 -0.18037620
v 0.82291681 0.79662597 -0.18037620
v 0.82297099 -0.93041861 -0.17311096
v 0.82297099 0.81041861 -0.17311096
v 0.82311982 -0.91883940 -0.26577774
v 0.82311982 0.79883939 -0.26577774
v 0.82314700 -0.91555703 -0.25999999
v 0.82314700 -0.91555703 -0.23000000
v 0.82314700 -0.91555703 0.19000000
v 0.82314700 -0.91555703 0.23000000
v 0.82314700 -0.91555703 0.25999999
v 0.82314700 0.79555702 -0.25999999
v 0.82314700 0.79555702 -0.23000000
v 0.82314700 0.79555702 0.19000000
v 0.82314700 0.79555702 0.23000000
v 0.82314700 0.79555702 0.25999999
v 0.82314920 -0.89444160 0.27000001
v 0.82314920 0.77444160 0.27000001
v 0.82323861 -0.98683476 0.22052860
v 0.82323861 0.86683482 0.22052860
v 0.82344782 -0.93960780 -0.15975654
v 0.82344782 0.81960779 -0.15975654
v 0.82366318 -0.92344660 -0.17694782
v 0.82366318 0.80344659 -0.17694782
v 0.82369620 -0.90494376 0.26866019
v 0.82369620 0.78494376 0.26866019
v 0.82374978 -0.91928542 -0.26673695
v 0.82374978 0.79928541 -0.26673695
v 0.82375777 -0.98787761 0.21835919
v 0.82375777 0.86787760 0.21835919
v 0.82411635 -0.94021744 -0.15491554
v 0.82411635 0.82021743 -0.15491554
v 0.82415444 -0.98867381 0.21606301
v 0.82415444 0.86867380 0.21606301
v 0.82420957 -0.89262301 0.26999518
v 0.82420957 0.77262300 0.26999518
v 0.82442200 -0.98921144 0.21367501
v 0.82442200 0.86921144 0.21367501
v 0.82444555 -0.96651757 0.23000000
v 0.82444555 0.84651756 0.23000000
v 0.82447141 -0.91979599 -0.26759404
v 0.82447141 0.79979599 -0.26759404
v 0.82452941 -0.96720159 0.22999062
v 0.82452941 0.84720159 0.22999062
v 0.82455707 -0.98948240 0.21123119
v 0.82455707 0.86948240 0.21123119
v 0.82460040 -0.90542936 0.26798019
v 0.82460040 0.78542936 0.26798019
v 0.82463461 -0.91122597 -0.18037620
v 0.82463461 0.79122597 -0.18037620
v 0.82503122 -0.92978317 -0.27000001
v 0.82503122 0.80978316 -0.27000001
v 0.82508719 -0.93191659 -0.16892374
v 0.82508719 0.81191659 -0.16892374
v 0.82515407 -0.97820902 -0.26999524
v 0.82515407 0.85820901 -0.26999524
v 0.82527322 -0.92036378 -0.26833603
v 0.82527322 0.80036378 -0.26833603
v 0.82535279 -0.89306581 0.26988161
v 0.82535279 0.77306581 0.26988161
v 0.82537580 -0.89999998 -0.18092042
v 0.82537580 0.77999997 -0.18092042
v 0.82542419 -0.90587181 0.26717919
v 0.82542419 0.78587180 0.26717919
v 0.82567579 -0.90565598 -0.18037620
v 0.82567579 0.78565598 -0.18037620
v 0.82576698 -0.97927064 -0.26988167
v 0.82576698 0.85927063 -0.26988167
v 0.82588381 -0.96924561 0.22976342
v 0.82588381 0.84924561 0.22976342
v 0.82612455 -0.88612556 0.27000001
v 0.82612455 0.76612556 0.27000001
v 0.82614356 -0.92097974 -0.26895162
v 0.82614356 0.80097979 -0.26895162
v 0.82615477 -0.90626419 0.26626918
v 0.82615477 0.78626418 0.26626918
v 0.82621360 -0.91790318 -0.17694782
v 0.82621360 0.79790324 -0.17694782
v 0.82636839 -0.98031217 -0.26961824
v 0.82636839 0.86031222 -0.26961824
v 0.82638061 -0.93806356 -0.15000001
v 0.82638061 -0.93806356 0.19000000
v 0.82638061 0.81806356 -0.15000001
v 0.82638061 0.81806356 0.19000000
v 0.82638341 -0.92490739 -0.17311096
v 0.82638341 0.80490738 -0.17311096
v 0.82647437 -0.89350039 0.26961818
v 0.82647437 0.77350038 0.26961818
v 0.82676721 -0.93310577 -0.16444966
v 0.82676721 0.81310576 -0.16444966
v 0.82678163 -0.90660077 0.26526439
v 0.82678163 0.78660083 0.26526439
v 0.82694900 -0.98131800 -0.26920906
v 0.82694900 0.86131799 -0.26920906
v 0.82706904 -0.92163485 -0.26943153
v 0.82706904 0.80163485 -0.26943153
v 0.82713962 -0.98819220 -0.25999999
v 0.82713962 -0.98819220 0.20999999
v 0.82713962 0.86819220 -0.25999999
v 0.82713962 0.86819220 0.20999999
v 0.82721239 -0.97125077 0.22923660
v 0.82721239 0.85125077 0.22923660
v 0.82729477 -0.90687639 0.26417962
v 0.82729477 0.78687638 0.26417962
v 0.82749999 -0.98227239 -0.26866025
v 0.82749999 0.86227244 -0.26866025
v 0.82755721 -0.89391983 0.26920900
v 0.82755721 0.77391982 0.26920900
v 0.82758039 -0.88202745 0.26999518
v 0.82758039 0.76202744 0.26999518
v 0.82768661 -0.90708679 0.26303160
v 0.82768661 0.78708678 0.26303160
v 0.82795119 -0.90722877 0.26183739
v 0.82795119 0.78722876 0.26183739
v 0.82798576 -0.93396842 -0.15975654
v 0.82798576 0.81396842 -0.15975654
v 0.82801324 -0.98316115 -0.26798016
v 0.82801324 0.86316115 -0.26798016
v 0.82803559 -0.92231905 -0.26976848
v 0.82803559 0.80231905 -0.26976848
v 0.82806343 -0.91208839 -0.17694782
v 0.82806343 0.79208839 -0.17694782
v 0.82808459 -0.90730041 0.26061562
v 0.82808459 0.78730041 0.26061562
v 0.82816803 -0.90734518 -0.26122889
v 0.82816803 0.78734517 -0.26122889
v 0.82819223 -0.90713960 -0.25999999
v 0.82819223 -0.90713960 -0.23000000
v 0.82819223 -0.90713960 0.19000000
v 0.82819223 -0.90713960 0.23000000
v 0.82819223 -0.90713960 0.25999999
v 0.82819223 0.78713959 -0.25999999
v 0.82819223 0.78713959 -0.23000000
v 0.82819223 0.78713959 0.19000000
v 0.82819223 0.78713959 0.23000000
v 0.82819223 0.78713959 0.25999999
v 0.82827055 -0.87755823 0.27000001
v 0.82827055 0.75755823 0.27000001
v 0.82828420 -0.89999998 -0.17828429
v 0.82828420 0.77999997 -0.17828429
v 0.82836741 -0.90745217 -0.26243913
v 0.82836741 0.78745216 -0.26243913
v 0.82848060 -0.98397100 -0.26717913
v 0.82848060 0.86397099 -0.26717913
v 0.82849520 -0.97318679 0.22841820
v 0.82849520 0.85318679 0.22841820
v 0.82858485 -0.89431798 0.26866019
v 0.82858485 0.77431798 0.26866019
v 0.82866758 -0.92613405 -0.16892374
v 0.82866758 0.80613405 -0.16892374
v 0.82869619 -0.90762877 -0.26361242
v 0.82869619 0.78762877 -0.26361242
v 0.82872438 -0.93449122 -0.15491554
v 0.82872438 0.81449121 -0.15491554
v 0.82876939 -0.88232642 0.26988161
v 0.82876939 0.76232642 0.26988161
v 0.82889539 -0.98468941 -0.26626924
v 0.82889539 0.86468941 -0.26626924
v 0.82902861 -0.92302203 -0.26995733
v 0.82902861 0.80302203 -0.26995733
v 0.82909262 -0.91901863 -0.17311096
v 0.82909262 0.79901862 -0.17311096
v 0.82914960 -0.90787214 -0.26473093
v 0.82914960 0.78787214 -0.26473093
v 0.82918477 -0.90609038 -0.17694782
v 0.82918477 0.78609037 -0.17694782
v 0.82925105 -0.98530543 -0.26526433
v 0.82925105 0.86530542 -0.26526433
v 0.82954198 -0.89468879 0.26798019
v 0.82954198 0.77468878 0.26798019
v 0.82954240 -0.98580980 -0.26417962
v 0.82954240 0.86580980 -0.26417962
v 0.82956660 -0.86882156 0.27000001
v 0.82956660 0.74882156 0.27000001
v 0.82962340 -0.87109780 0.26999518
v 0.82962340 0.75109780 0.26999518
v 0.82971281 -0.97502416 0.22732060
v 0.82971281 0.85502416 0.22732060
v 0.82972062 -0.90817904 -0.26577774
v 0.82972062 0.78817904 -0.26577774
v 0.82976478 -0.98619497 -0.26303151
v 0.82976478 0.86619496 -0.26303151
v 0.82988822 -0.93333417 -0.15000001
v 0.82988822 -0.93333417 0.19000000
v 0.82988822 0.81333423 -0.15000001
v 0.82988822 0.81333423 0.19000000
v 0.82991481 -0.98645502 -0.26183748
v 0.82991481 0.86645502 -0.26183748
v 0.82993561 -0.88261980 0.26961818
v 0.82993561 0.76261979 0.26961818
v 0.82999063 -0.98658621 -0.26061562
v 0.82999063 0.86658621 -0.26061562
v 0.82999998 -0.86000001 0.27000001
v 0.82999998 0.74000001 0.27000001
v 0.83000135 -0.97483224 -0.27000001
v 0.83000135 0.85483223 -0.27000001
v 0.83040065 -0.90854400 -0.26673695
v 0.83040065 0.78854400 -0.26673695
v 0.83041382 -0.89502639 0.26717919
v 0.83041382 0.77502638 0.26717919
v 0.83048105 -0.92710775 -0.16444966
v 0.83048105 0.80710775 -0.16444966
v 0.83075142 -0.96184081 0.23000000
v 0.83075142 0.84184080 0.23000000
v 0.83084023 -0.87124842 0.26988161
v 0.83084023 0.75124842 0.26988161
v 0.83084661 -0.97673535 0.22596039
v 0.83084661 0.85673541 0.22596039
v 0.83092040 -0.89999998 -0.17537574
v 0.83092040 0.77999997 -0.17537574
v 0.83098024 -0.86000001 0.26995179
v 0.83098024 0.74000001 0.26995179
v 0.83105779 -0.91284156 -0.17311096
v 0.83105779 0.79284155 -0.17311096
v 0.83106178 -0.88290298 0.26920900
v 0.83106178 0.76290298 0.26920900
v 0.83117944 -0.90896219 -0.26759404
v 0.83117944 0.78896219 -0.26759404
v 0.83118719 -0.89532626 0.26626918
v 0.83118719 0.77532625 0.26626918
v 0.83146155 -0.92111284 -0.27000001
v 0.83146155 0.80111283 -0.27000001
v 0.83151019 -0.91995519 -0.16892374
v 0.83151019 0.79995519 -0.16892374
v 0.83179641 -0.92781401 -0.15975654
v 0.83179641 0.80781400 -0.15975654
v 0.83185059 -0.89558297 0.26526439
v 0.83185059 0.77558297 0.26526439
v 0.83187956 -0.97829419 0.22435822
v 0.83187956 0.85829425 0.22435822
v 0.83195096 -0.86000001 0.26980782
v 0.83195096 0.74000001 0.26980782
v 0.83203375 -0.87139618 0.26961818
v 0.83203375 0.75139618 0.26961818
v 0.83204496 -0.90942705 -0.26833603
v 0.83204496 0.78942704 -0.26833603
v 0.83213079 -0.88317180 0.26866019
v 0.83213079 0.76317179 0.26866019
v 0.83224875 -0.90646982 -0.17311096
v 0.83224875 0.78646982 -0.17311096
v 0.83238798 -0.89826846 -0.25999999
v 0.83238798 -0.89826846 -0.23000000
v 0.83238798 -0.89826846 0.19000000
v 0.83238798 -0.89826846 0.23000000
v 0.83238798 -0.89826846 0.25999999
v 0.83238798 0.77826846 -0.25999999
v 0.83238798 0.77826846 -0.23000000
v 0.83238798 0.77826846 0.19000000
v 0.83238798 0.77826846 0.23000000
v 0.83238798 0.77826846 0.25999999
v 0.83239359 -0.89579362 0.26417962
v 0.83239359 0.77579361 0.26417962
v 0.83245015 -0.96122015 0.22999062
v 0.83245015 0.84122014 0.22999062
v 0.83259362 -0.92824221 -0.15491554
v 0.83259362 0.80824220 -0.15491554
v 0.83279604 -0.97967696 0.22253841
v 0.83279604 0.85967696 0.22253841
v 0.83280838 -0.89595419 0.26303160
v 0.83280838 0.77595419 0.26303160
v 0.83290285 -0.86000001 0.26956940
v 0.83290285 0.74000001 0.26956940
v 0.83291519 -0.92828375 -0.15000001
v 0.83291519 -0.92828375 0.19000000
v 0.83291519 0.80828375 -0.15000001
v 0.83291519 0.80828375 0.19000000
v 0.83298439 -0.90993154 -0.26895162
v 0.83298439 0.78993154 -0.26895162
v 0.83308840 -0.89606261 0.26183739
v 0.83308840 0.77606261 0.26183739
v 0.83312601 -0.88342214 0.26798019
v 0.83312601 0.76342219 0.26798019
v 0.83318621 -0.87153900 0.26920900
v 0.83318621 0.75153899 0.26920900
v 0.83322960 -0.89611739 0.26061562
v 0.83322960 0.77611738 0.26061562
v 0.83325881 -0.89999998 -0.17222279
v 0.83325881 0.77999997 -0.17222279
v 0.83331782 -0.89615160 -0.26122889
v 0.83331782 0.77615160 -0.26122889
v 0.83342957 -0.92069876 -0.16444966
v 0.83342957 0.80069876 -0.16444966
v 0.83352882 -0.89623320 -0.26243913
v 0.83352882 0.77623320 -0.26243913
v 0.83357203 -0.91347396 -0.16892374
v 0.83357203 0.79347396 -0.16892374
v 0.83358175 -0.98086303 0.22052860
v 0.83358175 0.86086303 0.22052860
v 0.83382684 -0.86000001 0.26923883
v 0.83382684 0.74000001 0.26923883
v 0.83387703 -0.89636821 -0.26361242
v 0.83387703 0.77636820 -0.26361242
v 0.83398324 -0.91046798 -0.26943153
v 0.83398324 0.79046798 -0.26943153
v 0.83403283 -0.88365018 0.26717919
v 0.83403283 0.76365018 0.26717919
v 0.83404541 -0.96308219 0.22976342
v 0.83404541 0.84308219 0.22976342
v 0.83422524 -0.98183417 0.21835919
v 0.83422524 0.86183417 0.21835919
v 0.83428001 -0.87167442 0.26866019
v 0.83428001 0.75167441 0.26866019
v 0.83435678 -0.89655405 -0.26473093
v 0.83435678 0.77655405 -0.26473093
v 0.83442259 -0.97206742 -0.26999524
v 0.83442259 0.85206741 -0.26999524
v 0.83471400 -0.86000001 0.26881921
v 0.83471400 0.74000001 0.26881921
v 0.83471656 -0.98257560 0.21606301
v 0.83471656 0.86257559 0.21606301
v 0.83482176 -0.92123801 -0.15975654
v 0.83482176 -0.90678841 -0.16892374
v 0.83482176 0.78678840 -0.16892374
v 0.83482176 0.80123800 -0.15975654
v 0.83483720 -0.88385260 0.26626918
v 0.83483720 0.76385260 0.26626918
v 0.83496118 -0.89678818 -0.26577774
v 0.83496118 0.77678818 -0.26577774
v 0.83502662 -0.91102821 -0.26976848
v 0.83502662 0.79102820 -0.26976848
v 0.83504838 -0.98307639 0.21367501
v 0.83504838 0.86307639 0.21367501
v 0.83516157 -0.97304559 -0.26988167
v 0.83516157 0.85304558 -0.26988167
v 0.83521563 -0.98332864 0.21123119
v 0.83521563 0.86332864 0.21123119
v 0.83527678 -0.89999998 -0.16885586
v 0.83527678 0.77999997 -0.16885586
v 0.83529860 -0.87180060 0.26798019
v 0.83529860 0.75180060 0.26798019
v 0.83543283 -0.92296100 -0.15000001
v 0.83543283 -0.92296100 0.19000000
v 0.83543283 0.80296099 -0.15000001
v 0.83543283 0.80296099 0.19000000
v 0.83552718 -0.88402605 0.26526439
v 0.83552718 0.76402605 0.26526439
v 0.83555579 -0.86000001 0.26831460
v 0.83555579 0.74000001 0.26831460
v 0.83555704 -0.98314697 -0.25999999
v 0.83555704 -0.98314697 0.20999999
v 0.83555704 0.86314696 -0.25999999
v 0.83555704 0.86314696 0.20999999
v 0.83556825 -0.91397595 -0.16444966
v 0.83556825 0.79397601 -0.16444966
v 0.83561045 -0.96490884 0.22923660
v 0.83561045 0.84490883 0.22923660
v 0.83566558 -0.92156500 -0.15491554
v 0.83566558 0.80156499 -0.15491554
v 0.83568078 -0.89706701 -0.26673695
v 0.83568078 0.77706701 -0.26673695
v 0.83569396 -0.88902837 -0.25999999
v 0.83569396 -0.88902837 -0.23000000
v 0.83569396 -0.88902837 0.19000000
v 0.83569396 -0.88902837 0.23000000
v 0.83569396 -0.88902837 0.25999999
v 0.83569396 0.76902843 -0.25999999
v 0.83569396 0.76902843 -0.23000000
v 0.83569396 0.76902843 0.19000000
v 0.83569396 0.76902843 0.23000000
v 0.83569396 0.76902843 0.25999999
v 0.83588636 -0.97400546 -0.26961824
v 0.83588636 0.85400546 -0.26961824
v 0.83609200 -0.88416815 0.26417962
v 0.83609200 0.76416814 0.26417962
v 0.83609843 -0.91160375 -0.26995733
v 0.83609843 0.79160380 -0.26995733
v 0.83622640 -0.87191546 0.26717919
v 0.83622640 0.75191545 0.26717919
v 0.83634400 -0.86000001 0.26773021
v 0.83634400 0.74000001 0.26773021
v 0.83650517 -0.89738619 -0.26759404
v 0.83650517 0.77738619 -0.26759404
v 0.83652341 -0.88427657 0.26303160
v 0.83652341 0.76427656 0.26303160
v 0.83656859 -0.95656860 0.23000000
v 0.83656859 0.83656859 0.23000000
v 0.83658624 -0.97493219 -0.26920906
v 0.83658624 0.85493219 -0.26920906
v 0.83681458 -0.88434982 0.26183739
v 0.83681458 0.76434982 0.26183739
v 0.83686465 -0.90704137 -0.16444966
v 0.83686465 0.78704143 -0.16444966
v 0.83695519 -0.89999998 -0.16530734
v 0.83695519 0.77999997 -0.16530734
v 0.83696121 -0.88438684 0.26061562
v 0.83696121 0.76438683 0.26061562
v 0.83701140 -0.91185361 -0.27000001
v 0.83701140 0.79185367 -0.27000001
v 0.83701622 -0.91434020 -0.15975654
v 0.83701622 0.79434019 -0.15975654
v 0.83704966 -0.87201738 0.26626918
v 0.83704966 0.75201738 0.26626918
v 0.83705324 -0.88440979 -0.26122889
v 0.83705324 0.76440978 -0.26122889
v 0.83707100 -0.86000001 0.26707101
v 0.83707100 0.74000001 0.26707101
v 0.83709544 -0.96957099 -0.27000001
v 0.83709544 0.84957099 -0.27000001
v 0.83712161 -0.96667236 0.22841820
v 0.83712161 0.84667236 0.22841820
v 0.83725023 -0.97581160 -0.26866025
v 0.83725023 0.85581160 -0.26866025
v 0.83727258 -0.88446504 -0.26243913
v 0.83727258 0.76446503 -0.26243913
v 0.83741641 -0.91741699 -0.15000001
v 0.83741641 -0.91741699 0.19000000
v 0.83741641 0.79741699 -0.15000001
v 0.83741641 0.79741699 0.19000000
v 0.83742118 -0.89774114 -0.26833603
v 0.83742118 0.77774119 -0.26833603
v 0.83763456 -0.88455600 -0.26361242
v 0.83763456 0.76455599 -0.26361242
v 0.83773017 -0.86000001 0.26634398
v 0.83773017 0.74000001 0.26634398
v 0.83775556 -0.87210482 0.26526439
v 0.83775556 0.75210482 0.26526439
v 0.83786881 -0.97663063 -0.26798016
v 0.83786881 0.85663062 -0.26798016
v 0.83789384 -0.91456079 -0.15491554
v 0.83789384 0.79456079 -0.15491554
v 0.83807862 -0.87950897 -0.25999999
v 0.83807862 -0.87950897 -0.23000000
v 0.83807862 -0.87950897 0.19000000
v 0.83807862 -0.87950897 0.23000000
v 0.83807862 -0.87950897 0.25999999
v 0.83807862 0.75950897 -0.25999999
v 0.83807862 0.75950897 -0.23000000
v 0.83807862 0.75950897 0.19000000
v 0.83807862 0.75950897 0.23000000
v 0.83807862 0.75950897 0.25999999
v 0.83813363 -0.88468164 -0.26473093
v 0.83813363 0.76468164 -0.26473093
v 0.83827758 -0.89999998 -0.16161138
v 0.83827758 0.77999997 -0.16161138
v 0.83831459 -0.86000001 0.26555580
v 0.83831459 0.74000001 0.26555580
v 0.83833361 -0.87217641 0.26417962
v 0.83833361 0.75217646 0.26417962
v 0.83834618 -0.90722483 -0.15975654
v 0.83834618 0.78722483 -0.15975654
v 0.83841562 -0.89812636 -0.26895162
v 0.83841562 0.77812636 -0.26895162
v 0.83843225 -0.97737676 -0.26717913
v 0.83843225 0.85737681 -0.26717913
v 0.83855557 -0.96834642 0.22732060
v 0.83855557 0.84834641 0.22732060
v 0.83876222 -0.88483965 -0.26577774
v 0.83876222 0.76483965 -0.26577774
v 0.83877504 -0.87223101 0.26303160
v 0.83877504 0.75223100 0.26303160
v 0.83881921 -0.86000001 0.26471400
v 0.83881921 0.74000001 0.26471400
v 0.83884722 -0.91170537 -0.15000001
v 0.83884722 -0.91170537 0.19000000
v 0.83884722 0.79170537 -0.15000001
v 0.83884722 0.79170537 0.19000000
v 0.83893222 -0.97803879 -0.26626924
v 0.83893222 0.85803878 -0.26626924
v 0.83907300 -0.87226796 0.26183739
v 0.83907300 0.75226802 0.26183739
v 0.83922315 -0.87228638 0.26061562
v 0.83922315 0.75228637 0.26061562
v 0.83923143 -0.89999998 -0.15780362
v 0.83923143 0.77999997 -0.15780362
v 0.83923882 -0.86000001 0.26382679
v 0.83923882 0.74000001 0.26382679
v 0.83924437 -0.90733600 -0.15491554
v 0.83924437 0.78733599 -0.15491554
v 0.83931714 -0.87229818 -0.26122889
v 0.83931714 0.75229818 -0.26122889
v 0.83936083 -0.97860640 -0.26526433
v 0.83936083 0.85860640 -0.26526433
v 0.83947283 -0.89853597 -0.26943153
v 0.83947283 0.77853602 -0.26943153
v 0.83951080 -0.88502800 -0.26673695
v 0.83951080 0.76502800 -0.26673695
v 0.83951843 -0.86980176 -0.25999999
v 0.83951843 -0.86980176 -0.23000000
v 0.83951843 -0.86980176 0.19000000
v 0.83951843 -0.86980176 0.23000000
v 0.83951843 -0.86980176 0.25999999
v 0.83951843 0.74980181 -0.25999999
v 0.83951843 0.74980181 -0.23000000
v 0.83951843 0.74980181 0.19000000
v 0.83951843 0.74980181 0.23000000
v 0.83951843 0.74980181 0.25999999
v 0.83954179 -0.87232596 -0.26243913
v 0.83954179 0.75232595 -0.26243913
v 0.83956939 -0.86000001 0.26290280
v 0.83956939 0.74000001 0.26290280
v 0.83957583 -0.95431060 0.22999062
v 0.83957583 0.83431059 0.22999062
v 0.83971101 -0.90588099 -0.15000001
v 0.83971101 -0.90588099 0.19000000
v 0.83971101 0.78588098 -0.15000001
v 0.83971101 0.78588098 0.19000000
v 0.83971184 -0.97907120 -0.26417962
v 0.83971184 0.85907120 -0.26417962
v 0.83980745 -0.89999998 -0.15392068
v 0.83980745 0.77999997 -0.15392068
v 0.83980781 -0.86000001 0.26195100
v 0.83980781 0.74000001 0.26195100
v 0.83989120 -0.96990514 0.22596039
v 0.83989120 0.84990519 0.22596039
v 0.83991218 -0.87237185 -0.26361242
v 0.83991218 0.75237185 -0.26361242
v 0.83995175 -0.86000001 0.26098019
v 0.83995175 0.74000001 0.26098019
v 0.83997977 -0.97942621 -0.26303151
v 0.83997977 0.85942620 -0.26303151
v 0.83999997 -0.89999998 -0.15000001
v 0.83999997 -0.89999998 0.19000000
v 0.83999997 -0.86000001 -0.25999999
v 0.83999997 -0.86000001 -0.23000000
v 0.83999997 -0.86000001 0.19000000
v 0.83999997 -0.86000001 0.23000000
v 0.83999997 -0.86000001 0.25999999
v 0.83999997 0.74000001 -0.25999999
v 0.83999997 0.74000001 -0.23000000
v 0.83999997 0.74000001 0.19000000
v 0.83999997 0.74000001 0.23000000
v 0.83999997 0.74000001 0.25999999
v 0.83999997 0.77999997 -0.15000001
v 0.83999997 0.77999997 0.19000000
v 0.84004819 -0.86000001 -0.26098016
v 0.84004819 0.74000001 -0.26098016
v 0.84016085 -0.97966582 -0.26183748
v 0.84016085 0.85966581 -0.26183748
v 0.84019220 -0.86000001 -0.26195091
v 0.84019220 0.74000001 -0.26195091
v 0.84025198 -0.97978663 -0.26061562
v 0.84025198 0.85978663 -0.26061562
v 0.84036797 -0.88524359 -0.26759404
v 0.84036797 0.76524359 -0.26759404
v 0.84042299 -0.87243497 -0.26473093
v 0.84042299 0.75243497 -0.26473093
v 0.84043062 -0.86000001 -0.26290286
v 0.84043062 0.74000001 -0.26290286
v 0.84057701 -0.89896375 -0.26976848
v 0.84057701 0.77896380 -0.26976848
v 0.84076118 -0.86000001 -0.26382685
v 0.84076118 0.74000001 -0.26382685
v 0.84106618 -0.87251478 -0.26577774
v 0.84106618 0.75251478 -0.26577774
v 0.84110779 -0.97132540 0.22435822
v 0.84110779 0.85132539 0.22435822
v 0.84118080 -0.86000001 -0.26471397
v 0.84118080 0.74000001 -0.26471397
v 0.84132081 -0.88548315 -0.26833603
v 0.84132081 0.76548314 -0.26833603
v 0.84138781 -0.95596236 0.22976342
v 0.84138781 0.83596236 0.22976342
v 0.84162682 -0.90209520 -0.27000001
v 0.84162682 0.78209519 -0.27000001
v 0.84168541 -0.86000001 -0.26555571
v 0.84168541 0.74000001 -0.26555571
v 0.84171158 -0.89940321 -0.26995733
v 0.84171158 0.77940321 -0.26995733
v 0.84183222 -0.87260962 -0.26673695
v 0.84183222 0.75260961 -0.26673695
v 0.84184080 -0.95075142 0.23000000
v 0.84184080 0.83075142 0.23000000
v 0.84218717 -0.97258520 0.22253841
v 0.84218717 0.85258520 0.22253841
v 0.84226984 -0.86000001 -0.26634392
v 0.84226984 0.74000001 -0.26634392
v 0.84235495 -0.88574320 -0.26895162
v 0.84235495 0.76574320 -0.26895162
v 0.84270942 -0.87271821 -0.26759404
v 0.84270942 0.75271821 -0.26759404
v 0.84286636 -0.96483320 -0.26999524
v 0.84286636 0.84483320 -0.26999524
v 0.84292901 -0.86000001 -0.26707107
v 0.84292901 0.74000001 -0.26707107
v 0.84311277 -0.97366560 0.22052860
v 0.84311277 0.85366559 0.22052860
v 0.84316558 -0.95758301 0.22923660
v 0.84316558 0.83758301 0.22923660
v 0.84343940 -0.97730100 -0.25999999
v 0.84343940 -0.97730100 0.20999999
v 0.84343940 0.85730100 -0.25999999
v 0.84343940 0.85730100 0.20999999
v 0.84345442 -0.88601983 -0.26943153
v 0.84345442 0.76601982 -0.26943153
v 0.84363961 -0.96363962 -0.27000001
v 0.84363961 0.84363961 -0.27000001
v 0.84365600 -0.86000001 -0.26773012
v 0.84365600 0.74000001 -0.26773012
v 0.84368438 -0.87283897 -0.26833603
v 0.84368438 0.75283897 -0.26833603
v 0.84371978 -0.96571320 -0.26988167
v 0.84371978 0.84571320 -0.26988167
v 0.84387076 -0.97455019 0.21835919
v 0.84387076 0.85455018 0.21835919
v 0.84444422 -0.86000001 -0.26831469
v 0.84444422 0.74000001 -0.26831469
v 0.84444940 -0.97522581 0.21606301
v 0.84444940 0.85522580 0.21606301
v 0.84455717 -0.96657676 -0.26961824
v 0.84455717 0.84657675 -0.26961824
v 0.84460294 -0.88630861 -0.26976848
v 0.84460294 0.76630861 -0.26976848
v 0.84474260 -0.87296999 -0.26895162
v 0.84474260 0.75296998 -0.26895162
v 0.84484017 -0.97568178 0.21367501
v 0.84484017 0.85568178 0.21367501
v 0.84488183 -0.95914757 0.22841820
v 0.84488183 0.83914757 0.22841820
v 0.84503722 -0.97591162 0.21123119
v 0.84503722 0.85591161 0.21123119
v 0.84526336 -0.89193135 -0.27000001
v 0.84526336 0.77193141 -0.27000001
v 0.84528601 -0.86000001 -0.26881921
v 0.84528601 0.74000001 -0.26881921
v 0.84536535 -0.96741045 -0.26920906
v 0.84536535 0.84741044 -0.26920906
v 0.84578276 -0.88660538 -0.26995733
v 0.84578276 0.76660538 -0.26995733
v 0.84579843 -0.94657785 0.22999062
v 0.84579843 0.82657784 0.22999062
v 0.84586775 -0.87310922 -0.26943153
v 0.84586775 0.75310922 -0.26943153
v 0.84613281 -0.96820158 -0.26866025
v 0.84613281 0.84820157 -0.26866025
v 0.84617317 -0.86000001 -0.26923880
v 0.84617317 0.74000001 -0.26923880
v 0.84651077 -0.96063262 0.22732060
v 0.84651077 0.84063262 0.22732060
v 0.84651756 -0.94444555 0.23000000
v 0.84651756 0.82444555 0.23000000
v 0.84684724 -0.96893835 -0.26798016
v 0.84684724 0.84893835 -0.26798016
v 0.84704322 -0.87325478 -0.26976848
v 0.84704322 0.75325477 -0.26976848
v 0.84709716 -0.86000001 -0.26956940
v 0.84709716 0.74000001 -0.26956940
v 0.84749800 -0.96960986 -0.26717913
v 0.84749800 0.84960985 -0.26717913
v 0.84779984 -0.94799441 0.22976342
v 0.84779984 0.82799441 0.22976342
v 0.84788644 -0.88146001 -0.27000001
v 0.84788644 0.76146007 -0.27000001
v 0.84802783 -0.96201539 0.22596039
v 0.84802783 0.84201539 0.22596039
v 0.84804899 -0.86000001 -0.26980785
v 0.84804899 0.74000001 -0.26980785
v 0.84807539 -0.97020525 -0.26626924
v 0.84807539 0.85020524 -0.26626924
v 0.84825057 -0.87340438 -0.26995733
v 0.84825057 0.75340438 -0.26995733
v 0.84857076 -0.97071576 -0.26526433
v 0.84857076 0.85071582 -0.26526433
v 0.84897619 -0.97113401 -0.26417962
v 0.84897619 0.85113406 -0.26417962
v 0.84901977 -0.86000001 -0.26995185
v 0.84901977 0.74000001 -0.26995185
v 0.84928584 -0.97145343 -0.26303151
v 0.84928584 0.85145342 -0.26303151
v 0.84940964 -0.96327519 0.22435822
v 0.84940964 0.84327525 0.22435822
v 0.84947038 -0.87078178 -0.27000001
v 0.84947038 0.75078177 -0.27000001
v 0.84949476 -0.97166902 -0.26183748
v 0.84949476 0.85166901 -0.26183748
v 0.84957099 -0.95709538 -0.27000001
v 0.84957099 0.83709544 -0.27000001
v 0.84960020 -0.97177756 -0.26061562
v 0.84960020 0.85177755 -0.26061562
v 0.84976304 -0.94938421 0.22923660
v 0.84976304 0.82938421 0.22923660
v 0.85000002 -0.86000001 -0.27000001
v 0.85000002 0.74000001 -0.27000001
v 0.85035723 -0.95661622 -0.26999524
v 0.85035723 0.83661622 -0.26999524
v 0.85055381 -0.93771178 0.23000000
v 0.85055381 0.81771177 0.23000000
v 0.85063559 -0.96439302 0.22253841
v 0.85063559 0.84439301 0.22253841
v 0.85071063 -0.97071058 -0.25999999
v 0.85071063 -0.97071058 0.20999999
v 0.85071063 0.85071063 -0.25999999
v 0.85071063 0.85071063 0.20999999
v 0.85102361 -0.93813878 0.22999062
v 0.85102361 0.81813884 0.22999062
v 0.85131216 -0.95738482 -0.26988167
v 0.85131216 0.83738482 -0.26988167
v 0.85165864 -0.95072603 0.22841820
v 0.85165864 0.83072603 0.22841820
v 0.85168701 -0.96535140 0.22052860
v 0.85168701 0.84535140 0.22052860
v 0.85224938 -0.95813882 -0.26961824
v 0.85224938 0.83813882 -0.26961824
v 0.85254800 -0.96613616 0.21835919
v 0.85254800 0.84613615 0.21835919
v 0.85315400 -0.95886683 -0.26920906
v 0.85315400 0.83886683 -0.26920906
v 0.85318381 -0.93929881 0.22976342
v 0.85318381 0.81929880 0.22976342
v 0.85320544 -0.96673560 0.21606301
v 0.85320544 0.84673560 0.21606301
v 0.85345781 -0.95199960 0.22732060
v 0.85345781 0.83199960 0.22732060
v 0.85364920 -0.96714020 0.21367501
v 0.85364920 0.84714019 0.21367501
v 0.85387284 -0.96734399 0.21123119
v 0.85387284 0.84734398 0.21123119
v 0.85391039 -0.93061465 0.23000000
v 0.85391039 0.81061465 0.23000000
v 0.85401261 -0.95955777 -0.26866025
v 0.85401261 0.83955783 -0.26866025
v 0.85481215 -0.96020120 -0.26798016
v 0.85481215 0.84020120 -0.26798016
v 0.85483223 -0.95000136 -0.27000001
v 0.85483223 0.83000135 -0.27000001
v 0.85513324 -0.95318556 0.22596039
v 0.85513324 0.83318555 0.22596039
v 0.85517198 -0.92912179 0.22999062
v 0.85517198 0.80912179 0.22999062
v 0.85530299 -0.94043678 0.22923660
v 0.85530299 0.82043678 0.22923660
v 0.85554063 -0.96078742 -0.26717913
v 0.85554063 0.84078741 -0.26717913
v 0.85618699 -0.96130735 -0.26626924
v 0.85618699 0.84130740 -0.26626924
v 0.85655516 -0.92322278 0.23000000
v 0.85655516 0.80322284 0.23000000
v 0.85665941 -0.95426595 0.22435822
v 0.85665941 0.83426595 0.22435822
v 0.85674119 -0.96175337 -0.26526433
v 0.85674119 0.84175336 -0.26526433
v 0.85678136 -0.94754100 -0.26999524
v 0.85678136 0.82754099 -0.26999524
v 0.85719496 -0.96211863 -0.26417962
v 0.85719496 0.84211862 -0.26417962
v 0.85730100 -0.96343940 -0.25999999
v 0.85730100 -0.96343940 0.20999999
v 0.85730100 0.84343940 -0.25999999
v 0.85730100 0.84343940 0.20999999
v 0.85734904 -0.94153559 0.22841820
v 0.85734904 0.82153559 0.22841820
v 0.85745841 -0.93000764 0.22976342
v 0.85745841 0.81000763 0.22976342
v 0.85754144 -0.96239740 -0.26303151
v 0.85754144 0.84239739 -0.26303151
v 0.85777545 -0.96258563 -0.26183748
v 0.85777545 0.84258562 -0.26183748
v 0.85782379 -0.94818640 -0.26988167
v 0.85782379 0.82818639 -0.26988167
v 0.85789323 -0.96268046 -0.26061562
v 0.85789323 0.84268045 -0.26061562
v 0.85801339 -0.95522463 0.22253841
v 0.85801339 0.83522463 0.22253841
v 0.85818100 -0.91966337 0.22999062
v 0.85818100 0.79966336 0.22999062
v 0.85846281 -0.91560721 0.23000000
v 0.85846281 0.79560721 0.23000000
v 0.85884619 -0.94881958 -0.26961824
v 0.85884619 0.82881957 -0.26961824
v 0.85917455 -0.95604658 0.22052860
v 0.85917455 0.83604658 0.22052860
v 0.85929102 -0.94257843 0.22732060
v 0.85929102 0.82257843 0.22732060
v 0.85937303 -0.94242579 -0.27000001
v 0.85937303 0.82242578 -0.27000001
v 0.85961479 -0.90784144 0.23000000
v 0.85961479 0.78784144 0.23000000
v 0.85970140 -0.93087661 0.22923660
v 0.85970140 0.81087661 0.22923660
v 0.85983360 -0.94943076 -0.26920906
v 0.85983360 0.82943076 -0.26920906
v 0.86000001 -0.89999998 0.23000000
v 0.86000001 0.77999997 0.23000000
v 0.86000478 -0.90990674 0.22999062
v 0.86000478 0.78990674 0.22999062
v 0.86012542 -0.95671958 0.21835919
v 0.86012542 0.83671957 0.21835919
v 0.86055899 -0.92026138 0.22976342
v 0.86055899 0.80026138 0.22976342
v 0.86077058 -0.95001101 -0.26866025
v 0.86077058 0.83001101 -0.26866025
v 0.86085159 -0.95723361 0.21606301
v 0.86085159 0.83723360 0.21606301
v 0.86109960 -0.94354957 0.22596039
v 0.86109960 0.82354957 0.22596039
v 0.86134177 -0.95758057 0.21367501
v 0.86134177 0.83758056 0.21367501
v 0.86158884 -0.95775545 0.21123119
v 0.86158884 0.83775544 0.21123119
v 0.86164320 -0.95055139 -0.26798016
v 0.86164320 0.83055139 -0.26798016
v 0.86186701 -0.93171537 0.22841820
v 0.86186701 0.81171536 0.22841820
v 0.86196035 -0.89999998 0.22990361
v 0.86196035 0.77999997 0.22990361
v 0.86204165 -0.93774521 -0.26999524
v 0.86204165 0.81774521 -0.26999524
v 0.86243820 -0.95104361 -0.26717913
v 0.86243820 -0.91020799 0.22976342
v 0.86243820 0.79020798 0.22976342
v 0.86243820 0.83104360 -0.26717913
v 0.86274695 -0.94443423 0.22435822
v 0.86274695 0.82443422 0.22435822
v 0.86289179 -0.92084825 0.22923660
v 0.86289179 0.80084825 0.22923660
v 0.86314338 -0.95148015 -0.26626924
v 0.86314338 0.83148021 -0.26626924
v 0.86314696 -0.95555705 -0.25999999
v 0.86314696 -0.95555705 0.20999999
v 0.86314696 0.83555704 -0.25999999
v 0.86314696 0.83555704 0.20999999
v 0.86314917 -0.93444163 -0.27000001
v 0.86314917 0.81444162 -0.27000001
v 0.86315536 -0.93825758 -0.26988167
v 0.86315536 0.81825757 -0.26988167
v 0.86374819 -0.95185477 -0.26526433
v 0.86374819 0.83185476 -0.26526433
v 0.86390185 -0.89999998 0.22961578
v 0.86390185 0.77999997 0.22961578
v 0.86392260 -0.93251181 0.22732060
v 0.86392260 0.81251180 0.22732060
v 0.86420858 -0.94521898 0.22253841
v 0.86420858 0.82521898 0.22253841
v 0.86424339 -0.95216143 -0.26417962
v 0.86424339 0.83216143 -0.26417962
v 0.86424798 -0.93876022 -0.26961824
v 0.86424798 0.81876022 -0.26961824
v 0.86462158 -0.95239538 -0.26303151
v 0.86462158 0.83239537 -0.26303151
v 0.86482537 -0.91050363 0.22923660
v 0.86482537 0.79050362 0.22923660
v 0.86487699 -0.95255363 -0.26183748
v 0.86487699 0.83255363 -0.26183748
v 0.86500555 -0.95263320 -0.26061562
v 0.86500555 0.83263320 -0.26061562
v 0.86514395 -0.92141455 0.22841820
v 0.86514395 0.80141455 0.22841820
v 0.86530298 -0.93924558 -0.26920906
v 0.86530298 0.81924558 -0.26920906
v 0.86546206 -0.94589216 0.22052860
v 0.86546206 0.82589221 0.22052860
v 0.86580557 -0.89999998 0.22913879
v 0.86580557 0.77999997 0.22913879
v 0.86583656 -0.93325317 0.22596039
v 0.86583656 0.81325316 0.22596039
v 0.86605817 -0.92737699 -0.26999524
v 0.86605817 0.80737704 -0.26999524
v 0.86612457 -0.92612559 -0.27000001
v 0.86612457 0.80612558 -0.27000001
v 0.86630416 -0.93970621 -0.26866025
v 0.86630416 0.81970620 -0.26866025
v 0.86648840 -0.94644320 0.21835919
v 0.86648840 0.82644320 0.21835919
v 0.86713022 -0.91078901 0.22841820
v 0.86713022 0.79078901 0.22841820
v 0.86722654 -0.92774880 -0.26988167
v 0.86722654 0.80774879 -0.26988167
v 0.86723661 -0.94013518 -0.26798016
v 0.86723661 0.82013518 -0.26798016
v 0.86727202 -0.94686401 0.21606301
v 0.86727202 0.82686400 0.21606301
v 0.86728179 -0.92195219 0.22732060
v 0.86728179 0.80195218 0.22732060
v 0.86758018 -0.93392885 0.22435822
v 0.86758018 0.81392884 0.22435822
v 0.86765361 -0.89999998 0.22847760
v 0.86765361 0.77999997 0.22847760
v 0.86780119 -0.94714820 0.21367501
v 0.86780119 0.82714820 0.21367501
v 0.86806780 -0.94729143 0.21123119
v 0.86806780 0.82729143 0.21123119
v 0.86808604 -0.94052595 -0.26717913
v 0.86808604 0.82052594 -0.26717913
v 0.86819220 -0.94713956 -0.25999999
v 0.86819220 -0.94713956 0.20999999
v 0.86819220 0.82713962 -0.25999999
v 0.86819220 0.82713962 0.20999999
v 0.86827058 -0.91755819 -0.27000001
v 0.86827058 0.79755819 -0.27000001
v 0.86837256 -0.92811340 -0.26961824
v 0.86837256 0.80811340 -0.26961824
v 0.86877024 -0.91659403 -0.26999524
v 0.86877024 0.79659402 -0.26999524
v 0.86883956 -0.94087255 -0.26626924
v 0.86883956 0.82087255 -0.26626924
v 0.86912721 -0.93452799 0.22253841
v 0.86912721 0.81452799 0.22253841
v 0.86927241 -0.92245299 0.22596039
v 0.86927241 0.80245298 0.22596039
v 0.86931777 -0.91106004 0.22732060
v 0.86931777 0.79106003 0.22732060
v 0.86942804 -0.89999998 0.22763839
v 0.86942804 0.77999997 0.22763839
v 0.86947924 -0.92846543 -0.26920906
v 0.86947924 0.80846542 -0.26920906
v 0.86948580 -0.94116998 -0.26526433
v 0.86948580 0.82116997 -0.26526433
v 0.86956656 -0.90882158 -0.27000001
v 0.86956656 0.78882158 -0.27000001
v 0.86997545 -0.91681939 -0.26988167
v 0.86997545 0.79681939 -0.26988167
v 0.87000000 -0.89999998 -0.27000001
v 0.87000000 0.77999997 -0.27000001
v 0.87001503 -0.94141340 -0.26417962
v 0.87001503 0.82141340 -0.26417962
v 0.87013656 -0.90555936 -0.26999524
v 0.87013656 0.78555942 -0.26999524
v 0.87041903 -0.94159943 -0.26303151
v 0.87041903 0.82159942 -0.26303151
v 0.87045377 -0.93504202 0.22052860
v 0.87045377 0.81504202 0.22052860
v 0.87052941 -0.92879957 -0.26866025
v 0.87052941 0.80879956 -0.26866025
v 0.87069184 -0.94172478 -0.26183748
v 0.87069184 0.82172477 -0.26183748
v 0.87082916 -0.94178820 -0.26061562
v 0.87082916 0.82178819 -0.26061562
v 0.87098020 -0.89999998 -0.26995185
v 0.87098020 0.77999997 -0.26995185
v 0.87108594 -0.92290902 0.22435822
v 0.87108594 0.80290902 0.22435822
v 0.87111139 -0.89999998 0.22662941
v 0.87111139 0.77999997 0.22662941
v 0.87115759 -0.91704041 -0.26961824
v 0.87115759 0.79704040 -0.26961824
v 0.87135500 -0.91131216 0.22596039
v 0.87135500 0.79131216 0.22596039
v 0.87136042 -0.90563500 -0.26988167
v 0.87136042 0.78563499 -0.26988167
v 0.87150759 -0.92911059 -0.26798016
v 0.87150759 0.80911058 -0.26798016
v 0.87154025 -0.93546277 0.21835919
v 0.87154025 0.81546283 0.21835919
v 0.87195098 -0.89999998 -0.26980785
v 0.87195098 0.77999997 -0.26980785
v 0.87229896 -0.91725355 -0.26920906
v 0.87229896 0.79725355 -0.26920906
v 0.87236959 -0.93578422 0.21606301
v 0.87236959 0.81578422 0.21606301
v 0.87238801 -0.93826842 -0.25999999
v 0.87238801 -0.93826842 0.20999999
v 0.87238801 0.81826842 -0.25999999
v 0.87238801 0.81826842 0.20999999
v 0.87239861 -0.92939401 -0.26717913
v 0.87239861 0.80939400 -0.26717913
v 0.87256080 -0.90570903 -0.26961824
v 0.87256080 0.78570902 -0.26961824
v 0.87268782 -0.89999998 0.22546020
v 0.87268782 0.77999997 0.22546020
v 0.87269479 -0.92331362 0.22253841
v 0.87269479 0.80331361 0.22253841
v 0.87290281 -0.89999998 -0.26956940
v 0.87290281 0.77999997 -0.26956940
v 0.87292963 -0.93600118 0.21367501
v 0.87292963 0.81600118 0.21367501
v 0.87318903 -0.92964560 -0.26626924
v 0.87318903 0.80964559 -0.26626924
v 0.87321085 -0.91154200 0.22435822
v 0.87321085 0.79154199 0.22435822
v 0.87321180 -0.93611038 0.21123119
v 0.87321180 0.81611037 0.21123119
v 0.87338239 -0.91745621 -0.26866025
v 0.87338239 0.79745620 -0.26866025
v 0.87371981 -0.90578043 -0.26920906
v 0.87371981 0.78578043 -0.26920906
v 0.87382680 -0.89999998 -0.26923880
v 0.87382680 0.77999997 -0.26923880
v 0.87386680 -0.92986125 -0.26526433
v 0.87386680 0.80986124 -0.26526433
v 0.87407464 -0.92366058 0.22052860
v 0.87407464 0.80366057 0.22052860
v 0.87414223 -0.89999998 0.22414219
v 0.87414223 0.77999997 0.22414219
v 0.87439138 -0.91764480 -0.26798016
v 0.87439138 0.79764479 -0.26798016
v 0.87442201 -0.93003774 -0.26417962
v 0.87442201 0.81003779 -0.26417962
v 0.87471396 -0.89999998 -0.26881921
v 0.87471396 0.77999997 -0.26881921
v 0.87481982 -0.90584826 -0.26866025
v 0.87481982 0.78584826 -0.26866025
v 0.87484580 -0.93017256 -0.26303151
v 0.87484580 0.81017256 -0.26303151
v 0.87485719 -0.91174585 0.22253841
v 0.87485719 0.79174584 0.22253841
v 0.87513196 -0.93026358 -0.26183748
v 0.87513196 0.81026357 -0.26183748
v 0.87520415 -0.92394477 0.21835919
v 0.87520415 0.80394477 0.21835919
v 0.87527621 -0.93030959 -0.26061562
v 0.87527621 0.81030959 -0.26061562
v 0.87531036 -0.91781664 -0.26717913
v 0.87531036 0.79781663 -0.26717913
v 0.87546021 -0.89999998 0.22268780
v 0.87546021 0.77999997 0.22268780
v 0.87555581 -0.89999998 -0.26831469
v 0.87555581 0.77999997 -0.26831469
v 0.87569398 -0.92902839 -0.25999999
v 0.87569398 -0.92902839 0.20999999
v 0.87569398 0.80902839 -0.25999999
v 0.87569398 0.80902839 0.20999999
v 0.87584418 -0.90591139 -0.26798016
v 0.87584418 0.78591138 -0.26798016
v 0.87606698 -0.92416185 0.21606301
v 0.87606698 0.80416185 0.21606301
v 0.87612581 -0.91796899 -0.26626924
v 0.87612581 0.79796898 -0.26626924
v 0.87626898 -0.91192061 0.22052860
v 0.87626898 0.79192060 0.22052860
v 0.87634397 -0.89999998 -0.26773012
v 0.87634397 0.77999997 -0.26773012
v 0.87662941 -0.89999998 0.22111142
v 0.87662941 0.77999997 0.22111142
v 0.87664938 -0.92430842 0.21367501
v 0.87664938 0.80430841 0.21367501
v 0.87677741 -0.90596902 -0.26717913
v 0.87677741 0.78596902 -0.26717913
v 0.87682503 -0.91809982 -0.26526433
v 0.87682503 0.79809982 -0.26526433
v 0.87694299 -0.92438215 0.21123119
v 0.87694299 0.80438215 0.21123119
v 0.87707102 -0.89999998 -0.26707107
v 0.87707102 0.77999997 -0.26707107
v 0.87739760 -0.91820681 -0.26417962
v 0.87739760 0.79820681 -0.26417962
v 0.87742525 -0.91206384 0.21835919
v 0.87742525 0.79206383 0.21835919
v 0.87760538 -0.90601999 -0.26626924
v 0.87760538 0.78601998 -0.26626924
v 0.87763840 -0.89999998 0.21942799
v 0.87763840 0.77999997 0.21942799
v 0.87773019 -0.89999998 -0.26634392
v 0.87773019 0.77999997 -0.26634392
v 0.87783480 -0.91828841 -0.26303151
v 0.87783480 0.79828840 -0.26303151
v 0.87807864 -0.91950899 -0.25999999
v 0.87807864 -0.91950899 0.20999999
v 0.87807864 0.79950899 -0.25999999
v 0.87807864 0.79950899 0.20999999
v 0.87813002 -0.91834360 -0.26183748
v 0.87813002 0.79834360 -0.26183748
v 0.87827855 -0.91837144 -0.26061562
v 0.87827855 0.79837143 -0.26061562
v 0.87830806 -0.91217321 0.21606301
v 0.87830806 0.79217321 0.21606301
v 0.87831461 -0.89999998 -0.26555571
v 0.87831461 0.77999997 -0.26555571
v 0.87831545 -0.90606380 -0.26526433
v 0.87831545 0.78606379 -0.26526433
v 0.87847763 -0.89999998 0.21765362
v 0.87847763 0.77999997 0.21765362
v 0.87881923 -0.89999998 -0.26471397
v 0.87881923 0.77999997 -0.26471397
v 0.87889677 -0.90609980 -0.26417962
v 0.87889677 0.78609979 -0.26417962
v 0.87890404 -0.91224700 0.21367501
v 0.87890404 0.79224700 0.21367501
v 0.87913877 -0.89999998 0.21580559
v 0.87913877 0.77999997 0.21580559
v 0.87920439 -0.91228414 0.21123119
v 0.87920439 0.79228419 0.21123119
v 0.87923884 -0.89999998 -0.26382685
v 0.87923884 0.77999997 -0.26382685
v 0.87934059 -0.90612715 -0.26303151
v 0.87934059 0.78612715 -0.26303151
v 0.87951845 -0.90980178 -0.25999999
v 0.87951845 -0.90980178 0.20999999
v 0.87951845 0.78980178 -0.25999999
v 0.87951845 0.78980178 0.20999999
v 0.87956941 -0.89999998 -0.26290286
v 0.87956941 0.77999997 -0.26290286
v 0.87961578 -0.89999998 0.21390179
v 0.87961578 0.77999997 0.21390179
v 0.87964040 -0.90614563 -0.26183748
v 0.87964040 0.78614563 -0.26183748
v 0.87979144 -0.90615499 -0.26061562
v 0.87979144 0.78615499 -0.26061562
v 0.87980783 -0.89999998 -0.26195091
v 0.87980783 0.77999997 -0.26195091
v 0.87990355 -0.89999998 0.21196041
v 0.87990355 0.77999997 0.21196041
v 0.87995178 -0.89999998 -0.26098016
v 0.87995178 0.77999997 -0.26098016
v 0.88000000 -0.89999998 -0.25999999
v 0.88000000 -0.89999998 0.20999999
v 0.88000000 0.77999997 -0.25999999
v 0.88000000 0.77999997 0.20999999
f 6089 6063 6081
f 6081 6063 6057
f 6059 6057 6011
f 6009 6011 5929
f 5943 5929 5831
f 5863 5831 5719
f 5863 5943 5831
f 6063 6045 6057
f 6057 6045 6025
f 6011 6025 5975
f 5929 5975 5897
f 5831 5897 5787
f 5673 5787 5635
f 5519 5635 5509
f 5375 5509 5345
f 5137 5345 5129
f 5047 5129 5043
f 4989 5043 4983
f 4897 4983 4895
f 4799 4895 4797
f 4673 4797 4674
f 4673 4799 4797
f 4673 4672 4799
f 4799 4672 4671
f 4801 4799 4671
f 4801 4887 4799
f 4799 4887 4897
f 4895 4799 4897
f 6045 6013 6025
f 6025 6013 5983
f 5975 5983 5941
f 5897 5941 5873
f 5787 5873 5739
f 5635 5739 5597
f 5509 5597 5483
f 5345 5483 5333
f 5129 5333 5127
f 5043 5127 5039
f 4983 5039 4979
f 4895 4979 4893
f 4797 4893 4795
f 4674 4795 4675
f 4674 4797 4795
f 6013 5985 5983
f 5983 5985 5951
f 5941 5951 5915
f 5873 5915 5845
f 5739 5845 5715
f 5597 5715 5573
f 5483 5573 5455
f 5333 5455 5299
f 5127 5299 5123
f 5039 5123 5037
f 4979 5037 4971
f 4893 4971 4891
f 4795 4891 4793
f 4675 4793 4676
f 4675 4795 4793
f 5985 5963 5951
f 5951 5963 5925
f 5915 5925 5879
f 5845 5879 5807
f 5715 5807 5683
f 5573 5683 5551
f 5455 5551 5435
f 5299 5435 5281
f 5123 5281 5117
f 5037 5117 5025
f 4971 5025 4961
f 4891 4961 4889
f 4793 4889 4791
f 4676 4791 4677
f 4676 4793 4791
f 5963 5931 5925
f 5925 5931 5921
f 5889 5921 5881
f 5871 5881 5875
f 5853 5875 5861
f 5825 5861 5847
f 5829 5825 5847
f 5829 5811 5825
f 5829 5817 5811
f 5811 5817 5791
f 5747 5791 5735
f 5677 5735 5669
f 5571 5669 5569
f 5491 5569 5479
f 5369 5479 5359
f 5155 5359 5153
f 5091 5153 5081
f 5009 5081 5007
f 4929 5007 4925
f 4877 4925 4875
f 4777 4875 4775
f 4684 4775 4685
f 4684 4777 4775
f 4684 4683 4777
f 4777 4683 4779
f 4877 4779 4879
f 4929 4879 4935
f 5009 4935 5011
f 5091 5011 5095
f 5155 5095 5159
f 5369 5159 5383
f 5491 5383 5505
f 5571 5505 5579
f 5677 5579 5687
f 5747 5687 5765
f 5811 5765 5825
f 5811 5747 5765
f 5811 5791 5747
f 5817 5809 5791
f 5791 5809 5779
f 5735 5779 5721
f 5669 5721 5667
f 5569 5667 5563
f 5479 5563 5471
f 5359 5471 5353
f 5153 5353 5151
f 5081 5151 5075
f 5007 5075 5003
f 4925 5003 4923
f 4875 4923 4873
f 4775 4873 4773
f 4685 4773 4686
f 4685 4775 4773
f 5809 5803 5779
f 5779 5803 5784
f 5750 5779 5784
f 5750 5721 5779
f 5750 5696 5721
f 5721 5696 5667
f 5667 5696 5642
f 5563 5642 5560
f 5502 5563 5560
f 5502 5471 5563
f 5502 5410 5471
f 5471 5410 5353
f 5353 5410 5294
f 5151 5294 5132
f 5075 5132 5084
f 5020 5075 5084
f 5020 5003 5075
f 5020 4992 5003
f 5003 4992 4923
f 4923 4992 4902
f 4873 4902 4870
f 4773 4870 4788
f 4686 4788 4688
f 4686 4773 4788
f 5803 5799 5784
f 4683 4682 4779
f 4779 4682 4681
f 4781 4681 4680
f 4783 4680 4679
f 4785 4679 4678
f 4791 4678 4677
f 4791 4785 4678
f 4791 4885 4785
f 4791 4889 4885
f 4885 4889 4949
f 4943 4949 5015
f 5013 5015 5101
f 5095 5101 5159
f 5095 5013 5101
f 5095 5011 5013
f 5013 5011 4939
f 4943 4939 4883
f 4885 4883 4785
f 4885 4943 4883
f 4885 4949 4943
f 4887 4931 4897
f 4897 4931 4989
f 4983 4897 4989
f 4931 5005 4989
f 4989 5005 5047
f 5043 4989 5047
f 5005 5069 5047
f 5047 5069 5137
f 5129 5047 5137
f 5069 5149 5137
f 5137 5149 5355
f 5375 5355 5489
f 5519 5489 5587
f 5673 5587 5719
f 5831 5673 5719
f 5831 5787 5673
f 5943 6009 5929
f 6009 6059 6011
f 6059 6081 6057
f 5791 5779 5735
f 5861 5825 5853
f 5853 5825 5795
f 5823 5795 5729
f 5759 5729 5665
f 5683 5665 5551
f 5683 5759 5665
f 5683 5807 5759
f 5759 5807 5857
f 5823 5857 5871
f 5853 5871 5875
f 5853 5823 5871
f 5853 5795 5823
f 5881 5871 5889
f 5889 5871 5857
f 5879 5857 5807
f 5879 5889 5857
f 5879 5925 5889
f 5889 5925 5921
f 5951 5925 5915
f 5983 5951 5941
f 6025 5983 5975
f 6057 6025 6011
f 5735 5721 5669
f 5687 5747 5677
f 5677 5747 5735
f 5825 5765 5795
f 5795 5765 5711
f 5729 5711 5619
f 5665 5619 5537
f 5551 5537 5435
f 5551 5665 5537
f 5729 5759 5823
f 5823 5759 5857
f 5915 5879 5845
f 5941 5915 5873
f 5975 5941 5897
f 6011 5975 5929
f 5669 5667 5569
f 5579 5677 5571
f 5571 5677 5669
f 5765 5687 5711
f 5711 5687 5599
f 5619 5599 5523
f 5537 5523 5415
f 5435 5415 5281
f 5435 5537 5415
f 5711 5729 5795
f 5845 5807 5715
f 5873 5845 5739
f 5897 5873 5787
f 5929 5897 5831
f 5569 5563 5479
f 5505 5571 5491
f 5491 5571 5569
f 5687 5579 5599
f 5599 5579 5511
f 5523 5511 5407
f 5415 5407 5275
f 5281 5275 5117
f 5281 5415 5275
f 5599 5619 5711
f 5619 5665 5729
f 5715 5683 5573
f 5739 5715 5597
f 5787 5739 5635
f 5563 5667 5642
f 5479 5471 5359
f 5383 5491 5369
f 5369 5491 5479
f 5579 5505 5511
f 5511 5505 5393
f 5407 5393 5271
f 5275 5271 5111
f 5117 5111 5025
f 5117 5275 5111
f 5511 5523 5599
f 5523 5537 5619
f 5573 5551 5455
f 5597 5573 5483
f 5635 5597 5509
f 5587 5673 5519
f 5519 5673 5635
f 5359 5353 5153
f 5159 5369 5155
f 5155 5369 5359
f 5505 5383 5393
f 5393 5383 5267
f 5271 5267 5107
f 5111 5107 5023
f 5025 5023 4961
f 5025 5111 5023
f 5393 5407 5511
f 5407 5415 5523
f 5455 5435 5299
f 5483 5455 5333
f 5509 5483 5345
f 5489 5519 5375
f 5375 5519 5509
f 5153 5151 5081
f 5095 5155 5091
f 5091 5155 5153
f 5383 5159 5267
f 5267 5159 5101
f 5107 5101 5015
f 5023 5015 4949
f 4961 4949 4889
f 4961 5023 4949
f 5267 5271 5393
f 5271 5275 5407
f 5299 5281 5123
f 5333 5299 5127
f 5345 5333 5129
f 5355 5375 5137
f 5137 5375 5345
f 5151 5353 5294
f 5081 5075 5007
f 5011 5091 5009
f 5009 5091 5081
f 5101 5107 5267
f 5107 5111 5271
f 5123 5117 5037
f 5127 5123 5039
f 5129 5127 5043
f 5075 5151 5132
f 5007 5003 4925
f 4935 5009 4929
f 4929 5009 5007
f 5015 5023 5107
f 4939 4943 5013
f 5013 4943 5015
f 5037 5025 4971
f 5039 5037 4979
f 5043 5039 4983
f 4925 4923 4875
f 4879 4929 4877
f 4877 4929 4925
f 5011 4935 4939
f 4939 4935 4881
f 4883 4881 4783
f 4785 4783 4679
f 4785 4883 4783
f 4971 4961 4891
f 4979 4971 4893
f 4983 4979 4895
f 4875 4873 4775
f 4779 4877 4777
f 4777 4877 4875
f 4935 4879 4881
f 4881 4879 4781
f 4783 4781 4680
f 4783 4881 4781
f 4881 4883 4939
f 4891 4889 4793
f 4893 4891 4795
f 4895 4893 4797
f 4873 4923 4902
f 4681 4781 4779
f 4779 4781 4879
f 4773 4873 4870
f 6089 6090 6063
f 6063 6090 6064
f 6046 6063 6064
f 6046 6045 6063
f 6046 6014 6045
f 6045 6014 6013
f 6013 6014 5986
f 5985 5986 5964
f 5963 5964 5931
f 5963 5985 5964
f 5964 5932 5931
f 5931 5932 5922
f 5921 5922 5882
f 5881 5882 5876
f 5875 5876 5862
f 5861 5862 5847
f 5861 5875 5862
f 5862 5848 5847
f 5847 5848 5830
f 5829 5830 5818
f 5817 5818 5810
f 5809 5810 5804
f 5803 5804 5799
f 5803 5809 5804
f 5804 5801 5799
f 5809 5817 5810
f 5817 5829 5818
f 5829 5847 5830
f 5875 5881 5876
f 5881 5921 5882
f 5921 5931 5922
f 5985 6013 5986
f 4688 2828 4686
f 4686 2828 2826
f 2825 4686 2826
f 2825 4685 4686
f 2825 2824 4685
f 4685 2824 4684
f 4684 2824 2823
f 4683 2823 2822
f 4682 2822 4681
f 4682 4683 2822
f 2822 2821 4681
f 4681 2821 2820
f 4680 2820 2819
f 4679 2819 2818
f 4678 2818 2817
f 4677 2817 4676
f 4677 4678 2817
f 2817 2816 4676
f 4676 2816 2815
f 4675 2815 2814
f 4674 2814 2813
f 4673 2813 2812
f 4672 2812 4671
f 4672 4673 2812
f 2812 2811 4671
f 4673 4674 2813
f 4674 4675 2814
f 4675 4676 2815
f 4678 4679 2818
f 4679 4680 2819
f 4680 4681 2820
f 4683 4684 2823
f 4802 4708 4800
f 4888 4800 4898
f 4932 4898 4990
f 5006 4990 5048
f 5070 5048 5138
f 5150 5138 5356
f 5150 5070 5138
f 4708 4707 4800
f 4800 4707 4706
f 4798 4706 4705
f 4796 4705 4704
f 4794 4704 4703
f 4792 4703 4702
f 4701 4792 4702
f 4701 4786 4792
f 4701 4700 4786
f 4786 4700 4784
f 4886 4784 4884
f 4950 4884 4944
f 5024 4944 5016
f 5112 5016 5108
f 5276 5108 5272
f 5416 5272 5408
f 5538 5408 5524
f 5666 5524 5620
f 5760 5620 5730
f 5858 5730 5824
f 5890 5824 5872
f 5882 5872 5876
f 5882 5890 5872
f 5882 5922 5890
f 5890 5922 5926
f 5858 5926 5880
f 5760 5880 5808
f 5666 5808 5684
f 5538 5684 5552
f 5416 5552 5436
f 5276 5436 5282
f 5112 5282 5118
f 5024 5118 5026
f 4950 5026 4962
f 4886 4962 4890
f 4786 4890 4792
f 4786 4886 4890
f 4786 4784 4886
f 4700 4699 4784
f 4784 4699 4782
f 4884 4782 4882
f 4944 4882 4940
f 5016 4940 5014
f 5108 5014 5102
f 5272 5102 5268
f 5408 5268 5394
f 5524 5394 5512
f 5620 5512 5600
f 5730 5600 5712
f 5824 5712 5796
f 5872 5796 5854
f 5876 5854 5862
f 5876 5872 5854
f 4699 4698 4782
f 4782 4698 4780
f 4882 4780 4880
f 4940 4880 4936
f 5014 4936 5012
f 5102 5012 5096
f 5268 5096 5160
f 5394 5160 5384
f 5512 5384 5506
f 5600 5506 5580
f 5712 5580 5688
f 5796 5688 5766
f 5854 5766 5826
f 5862 5826 5848
f 5862 5854 5826
f 4698 4697 4780
f 4780 4697 4696
f 4778 4696 4695
f 4776 4695 4694
f 4774 4694 4693
f 4790 4693 4692
f 4790 4774 4693
f 4790 4872 4774
f 4774 4872 4874
f 4876 4874 4926
f 4930 4926 5010
f 5012 5010 5096
f 5012 4930 5010
f 5012 4936 4930
f 4930 4936 4878
f 4876 4878 4776
f 4774 4776 4694
f 4774 4876 4776
f 4774 4874 4876
f 4872 4904 4874
f 4874 4904 4924
f 4926 4924 5008
f 5010 5008 5092
f 5096 5092 5160
f 5096 5010 5092
f 4904 4994 4924
f 4924 4994 5004
f 5008 5004 5082
f 5092 5082 5156
f 5160 5156 5384
f 5160 5092 5156
f 4994 5022 5004
f 5004 5022 5076
f 5082 5076 5154
f 5156 5154 5370
f 5384 5370 5506
f 5384 5156 5370
f 5022 5086 5076
f 5076 5086 5134
f 5152 5134 5296
f 5354 5296 5412
f 5472 5412 5504
f 5564 5504 5562
f 5644 5564 5562
f 5644 5668 5564
f 5644 5698 5668
f 5668 5698 5722
f 5736 5722 5792
f 5812 5792 5818
f 5830 5812 5818
f 5830 5826 5812
f 5830 5848 5826
f 5698 5752 5722
f 5722 5752 5780
f 5792 5780 5810
f 5818 5792 5810
f 5752 5786 5780
f 5780 5786 5804
f 5810 5780 5804
f 5786 5801 5804
f 5922 5932 5926
f 5926 5932 5964
f 5952 5964 5986
f 5984 5986 6014
f 6026 6014 6046
f 6058 6046 6064
f 6082 6064 6090
f 6082 6058 6064
f 6082 6060 6058
f 6058 6060 6012
f 5976 6012 5898
f 5874 5898 5740
f 5716 5740 5574
f 5552 5574 5436
f 5552 5716 5574
f 5552 5684 5716
f 5716 5684 5846
f 5874 5846 5942
f 5976 5942 6026
f 6058 6026 6046
f 6058 5976 6026
f 6058 6012 5976
f 6060 6010 6012
f 6012 6010 5930
f 5898 5930 5788
f 5740 5788 5598
f 5574 5598 5456
f 5436 5456 5282
f 5436 5574 5456
f 6010 5944 5930
f 5930 5944 5832
f 5788 5832 5636
f 5598 5636 5484
f 5456 5484 5300
f 5282 5300 5118
f 5282 5456 5300
f 5944 5864 5832
f 5832 5864 5720
f 5674 5720 5588
f 5520 5588 5490
f 5376 5490 5356
f 5138 5376 5356
f 5138 5130 5376
f 5138 5044 5130
f 5138 5048 5044
f 5044 5048 4984
f 4980 4984 4894
f 4892 4894 4794
f 4792 4794 4703
f 4792 4892 4794
f 4792 4890 4892
f 4892 4890 4972
f 4980 4972 5040
f 5044 5040 5130
f 5044 4980 5040
f 5044 4984 4980
f 5070 5006 5048
f 5006 4932 4990
f 4932 4888 4898
f 4888 4802 4800
f 4695 4776 4778
f 4778 4776 4878
f 4880 4878 4936
f 4880 4778 4878
f 4880 4780 4778
f 4778 4780 4696
f 4782 4780 4882
f 4784 4782 4884
f 4704 4794 4796
f 4796 4794 4894
f 4896 4894 4984
f 4990 4984 5048
f 4990 4896 4984
f 4990 4898 4896
f 4896 4898 4798
f 4796 4798 4705
f 4796 4896 4798
f 4796 4894 4896
f 4898 4800 4798
f 4798 4800 4706
f 4926 4930 4876
f 4876 4930 4878
f 4882 4880 4940
f 4884 4882 4944
f 4962 4886 4950
f 4950 4886 4884
f 4972 4980 4892
f 4892 4980 4894
f 4924 4926 4874
f 4940 4936 5014
f 4944 4940 5016
f 5026 4950 5024
f 5024 4950 4944
f 4890 4962 4972
f 4972 4962 5038
f 5040 5038 5128
f 5130 5128 5346
f 5376 5346 5520
f 5490 5376 5520
f 5004 5008 4924
f 5008 5010 4926
f 5014 5012 5102
f 5016 5014 5108
f 5118 5024 5112
f 5112 5024 5016
f 4962 5026 5038
f 5038 5026 5124
f 5128 5124 5334
f 5346 5334 5510
f 5520 5510 5674
f 5588 5520 5674
f 5038 5040 4972
f 5076 5082 5004
f 5082 5092 5008
f 5102 5096 5268
f 5108 5102 5272
f 5282 5112 5276
f 5276 5112 5108
f 5026 5118 5124
f 5124 5118 5300
f 5334 5300 5484
f 5510 5484 5636
f 5674 5636 5832
f 5720 5674 5832
f 5124 5128 5038
f 5128 5130 5040
f 5134 5152 5076
f 5076 5152 5154
f 5154 5152 5360
f 5370 5360 5492
f 5506 5492 5580
f 5506 5370 5492
f 5154 5156 5082
f 5268 5160 5394
f 5272 5268 5408
f 5436 5276 5416
f 5416 5276 5272
f 5300 5334 5124
f 5334 5346 5128
f 5346 5376 5130
f 5296 5354 5152
f 5152 5354 5360
f 5360 5354 5480
f 5492 5480 5572
f 5580 5572 5688
f 5580 5492 5572
f 5360 5370 5154
f 5394 5384 5512
f 5408 5394 5524
f 5552 5416 5538
f 5538 5416 5408
f 5484 5510 5334
f 5484 5456 5598
f 5510 5520 5346
f 5412 5472 5354
f 5354 5472 5480
f 5480 5472 5570
f 5572 5570 5678
f 5688 5678 5766
f 5688 5572 5678
f 5480 5492 5360
f 5512 5506 5600
f 5524 5512 5620
f 5684 5538 5666
f 5666 5538 5524
f 5598 5574 5740
f 5636 5674 5510
f 5636 5598 5788
f 5504 5564 5472
f 5472 5564 5570
f 5570 5564 5670
f 5678 5670 5748
f 5766 5748 5826
f 5766 5678 5748
f 5570 5572 5480
f 5600 5580 5712
f 5620 5600 5730
f 5808 5666 5760
f 5760 5666 5620
f 5846 5874 5716
f 5716 5874 5740
f 5788 5740 5898
f 5832 5788 5930
f 5564 5668 5670
f 5670 5668 5736
f 5748 5736 5812
f 5826 5748 5812
f 5670 5678 5570
f 5712 5688 5796
f 5730 5712 5824
f 5880 5760 5858
f 5858 5760 5730
f 5684 5808 5846
f 5846 5808 5916
f 5942 5916 5984
f 6026 5984 6014
f 6026 5942 5984
f 5942 5976 5874
f 5874 5976 5898
f 5930 5898 6012
f 5722 5736 5668
f 5736 5748 5670
f 5796 5766 5854
f 5824 5796 5872
f 5926 5858 5890
f 5890 5858 5824
f 5808 5880 5916
f 5916 5880 5952
f 5984 5952 5986
f 5984 5916 5952
f 5916 5942 5846
f 5780 5792 5722
f 5792 5812 5736
f 5964 5952 5926
f 5926 5952 5880
f 1693 1689 1710
f 1710 1689 1699
f 1739 1699 1681
f 1735 1681 1661
f 1715 1661 1639
f 1685 1639 1611
f 1651 1611 1591
f 1619 1591 1567
f 1595 1567 1531
f 1565 1531 1501
f 1529 1501 1475
f 1495 1475 1443
f 1469 1443 1421
f 1439 1421 1399
f 1423 1439 1399
f 1423 1489 1439
f 1423 1463 1489
f 1489 1463 1513
f 1587 1513 1609
f 1753 1609 1769
f 1889 1769 1881
f 2047 1881 1997
f 2121 2047 1997
f 2121 2191 2047
f 2121 2331 2191
f 2191 2331 2389
f 2393 2389 2483
f 2491 2483 2543
f 2545 2543 2637
f 2639 2637 2742
f 2744 2742 2818
f 2819 2744 2818
f 2819 2746 2744
f 2819 2820 2746
f 2746 2820 2748
f 2653 2748 2655
f 2559 2655 2561
f 2507 2561 2509
f 2413 2509 2415
f 2363 2415 2367
f 2131 2367 2143
f 2029 2143 2043
f 1897 2043 1921
f 1803 1921 1815
f 1713 1815 1745
f 1619 1745 1651
f 1591 1619 1651
f 1689 1679 1699
f 1699 1679 1681
f 1681 1679 1671
f 1661 1671 1653
f 1639 1653 1633
f 1613 1639 1633
f 1613 1611 1639
f 1613 1599 1611
f 1611 1599 1591
f 1591 1599 1583
f 1567 1583 1541
f 1531 1541 1527
f 1505 1531 1527
f 1505 1501 1531
f 1505 1481 1501
f 1501 1481 1475
f 1475 1481 1461
f 1443 1461 1435
f 1421 1435 1417
f 1389 1421 1417
f 1389 1399 1421
f 2331 2401 2389
f 2389 2401 2475
f 2483 2475 2541
f 2543 2541 2635
f 2637 2635 2740
f 2742 2740 2816
f 2817 2742 2816
f 2817 2818 2742
f 2401 2477 2475
f 2475 2477 2527
f 2539 2527 2621
f 2631 2621 2667
f 2734 2667 2811
f 2812 2734 2811
f 2812 2813 2734
f 2734 2813 2736
f 2631 2736 2633
f 2539 2633 2541
f 2475 2539 2541
f 2475 2527 2539
f 2813 2814 2736
f 2736 2814 2738
f 2633 2738 2635
f 2541 2633 2635
f 2814 2815 2738
f 2738 2815 2740
f 2635 2738 2740
f 2815 2816 2740
f 2820 2821 2748
f 2748 2821 2750
f 2655 2750 2657
f 2561 2657 2563
f 2509 2563 2511
f 2415 2511 2417
f 2367 2417 2371
f 2143 2371 2163
f 2043 2163 2055
f 1921 2055 1931
f 1815 1931 1825
f 1745 1825 1767
f 1651 1767 1685
f 1611 1651 1685
f 2821 2822 2750
f 2750 2822 2823
f 2752 2823 2824
f 2754 2824 2825
f 2756 2825 2826
f 2670 2826 2828
f 2670 2756 2826
f 2670 2663 2756
f 2670 2624 2663
f 2663 2624 2573
f 2571 2573 2515
f 2513 2515 2419
f 2417 2419 2371
f 2417 2513 2419
f 2417 2511 2513
f 2513 2511 2567
f 2571 2567 2661
f 2663 2661 2756
f 2663 2571 2661
f 2663 2573 2571
f 2624 2552 2573
f 2573 2552 2522
f 2517 2522 2448
f 2423 2448 2398
f 2379 2398 2358
f 2189 2358 2172
f 2086 2189 2172
f 2086 2081 2189
f 2086 1984 2081
f 2081 1984 1955
f 1949 1955 1865
f 1855 1865 1773
f 1767 1773 1685
f 1767 1855 1773
f 1767 1825 1855
f 1855 1825 1945
f 1949 1945 2077
f 2081 2077 2189
f 2081 1949 2077
f 2081 1955 1949
f 1984 1904 1955
f 1955 1904 1869
f 1865 1869 1787
f 1773 1787 1715
f 1685 1715 1639
f 1685 1773 1715
f 1904 1840 1869
f 1869 1840 1799
f 1787 1799 1735
f 1715 1735 1661
f 1715 1787 1735
f 1840 1794 1799
f 1799 1794 1748
f 1739 1748 1710
f 1699 1739 1710
f 1421 1443 1435
f 1443 1475 1461
f 1531 1567 1541
f 1567 1591 1583
f 1639 1661 1653
f 1661 1681 1671
f 1421 1439 1469
f 1469 1439 1515
f 1547 1515 1659
f 1721 1659 1821
f 1863 1821 1971
f 2001 1971 2125
f 2131 2125 2363
f 2367 2131 2363
f 1443 1469 1495
f 1495 1469 1547
f 1593 1547 1721
f 1757 1721 1863
f 1885 1863 2001
f 2029 2001 2131
f 2143 2029 2131
f 1475 1495 1529
f 1529 1495 1593
f 1621 1593 1757
f 1777 1757 1885
f 1897 1885 2029
f 2043 1897 2029
f 1501 1529 1565
f 1565 1529 1621
f 1667 1621 1777
f 1803 1777 1897
f 1921 1803 1897
f 1531 1565 1595
f 1595 1565 1667
f 1713 1667 1803
f 1815 1713 1803
f 1567 1595 1619
f 1619 1595 1713
f 1745 1619 1713
f 1681 1735 1739
f 1739 1735 1799
f 1748 1739 1799
f 1439 1489 1515
f 1515 1489 1617
f 1659 1617 1807
f 1821 1807 1959
f 1971 1959 2115
f 2125 2115 2351
f 2363 2351 2413
f 2415 2363 2413
f 1515 1547 1469
f 1547 1593 1495
f 1593 1621 1529
f 1621 1667 1565
f 1667 1713 1595
f 1745 1767 1651
f 1787 1773 1865
f 1799 1787 1869
f 1513 1587 1489
f 1489 1587 1617
f 1617 1587 1775
f 1807 1775 1933
f 1959 1933 2101
f 2115 2101 2333
f 2351 2333 2411
f 2413 2411 2507
f 2509 2413 2507
f 1617 1659 1515
f 1659 1721 1547
f 1721 1757 1593
f 1757 1777 1621
f 1777 1803 1667
f 1815 1825 1745
f 1945 1949 1855
f 1855 1949 1865
f 1869 1865 1955
f 1609 1753 1587
f 1587 1753 1775
f 1775 1753 1907
f 1933 1907 2083
f 2101 2083 2317
f 2333 2317 2407
f 2411 2407 2503
f 2507 2503 2559
f 2561 2507 2559
f 1775 1807 1617
f 1807 1821 1659
f 1821 1863 1721
f 1863 1885 1757
f 1885 1897 1777
f 1921 1931 1815
f 1825 1931 1945
f 1945 1931 2061
f 2077 2061 2185
f 2189 2185 2379
f 2358 2189 2379
f 1769 1889 1753
f 1753 1889 1907
f 1907 1889 2063
f 2083 2063 2203
f 2317 2203 2403
f 2407 2403 2499
f 2503 2499 2555
f 2559 2555 2653
f 2655 2559 2653
f 1907 1933 1775
f 1933 1959 1807
f 1959 1971 1821
f 1971 2001 1863
f 2001 2029 1885
f 2043 2055 1921
f 1931 2055 2061
f 2061 2055 2177
f 2185 2177 2377
f 2379 2377 2423
f 2398 2379 2423
f 2061 2077 1945
f 1881 2047 1889
f 1889 2047 2063
f 2063 2047 2197
f 2203 2197 2395
f 2403 2395 2495
f 2499 2495 2547
f 2555 2547 2651
f 2653 2651 2746
f 2748 2653 2746
f 2063 2083 1907
f 2083 2101 1933
f 2101 2115 1959
f 2115 2125 1971
f 2125 2131 2001
f 2143 2163 2043
f 2055 2163 2177
f 2177 2163 2375
f 2377 2375 2421
f 2423 2421 2517
f 2448 2423 2517
f 2177 2185 2061
f 2185 2189 2077
f 2047 2191 2197
f 2197 2191 2393
f 2395 2393 2491
f 2495 2491 2545
f 2547 2545 2639
f 2651 2639 2744
f 2746 2651 2744
f 2197 2203 2063
f 2203 2317 2083
f 2317 2333 2101
f 2333 2351 2115
f 2351 2363 2125
f 2367 2371 2143
f 2163 2371 2375
f 2375 2371 2419
f 2421 2419 2515
f 2517 2515 2573
f 2522 2517 2573
f 2375 2377 2177
f 2377 2379 2185
f 2389 2393 2191
f 2393 2395 2197
f 2395 2403 2203
f 2403 2407 2317
f 2407 2411 2333
f 2411 2413 2351
f 2415 2417 2367
f 2419 2421 2375
f 2421 2423 2377
f 2475 2483 2389
f 2483 2491 2393
f 2491 2495 2395
f 2495 2499 2403
f 2499 2503 2407
f 2503 2507 2411
f 2509 2511 2415
f 2515 2517 2421
f 2567 2571 2513
f 2513 2571 2515
f 2541 2543 2483
f 2543 2545 2491
f 2545 2547 2495
f 2547 2555 2499
f 2555 2559 2503
f 2561 2563 2509
f 2511 2563 2567
f 2567 2563 2659
f 2661 2659 2754
f 2756 2754 2825
f 2756 2661 2754
f 2621 2631 2539
f 2539 2631 2633
f 2635 2637 2543
f 2637 2639 2545
f 2639 2651 2547
f 2651 2653 2555
f 2655 2657 2561
f 2563 2657 2659
f 2659 2657 2752
f 2754 2752 2824
f 2754 2659 2752
f 2659 2661 2567
f 2667 2734 2631
f 2631 2734 2736
f 2736 2738 2633
f 2740 2742 2637
f 2742 2744 2639
f 2748 2750 2655
f 2823 2752 2750
f 2750 2752 2657
f 4708 2848 4707
f 4707 2848 2847
f 2846 4707 2847
f 2846 4706 4707
f 2846 2845 4706
f 4706 2845 4705
f 4705 2845 2844
f 4704 2844 2843
f 4703 2843 4702
f 4703 4704 2843
f 2843 2842 4702
f 4702 2842 2841
f 4701 2841 2840
f 4700 2840 2839
f 4699 2839 2838
f 4698 2838 4697
f 4698 4699 2838
f 2838 2837 4697
f 4697 2837 2836
f 4696 2836 2835
f 4695 2835 2834
f 4694 2834 2833
f 4693 2833 4692
f 4693 4694 2833
f 2833 2832 4692
f 4694 4695 2834
f 4695 4696 2835
f 4696 4697 2836
f 4699 4700 2839
f 4700 4701 2840
f 4701 4702 2841
f 4704 4705 2844
f 1693 1695 1689
f 1689 1695 1690
f 1680 1689 1690
f 1680 1679 1689
f 1680 1672 1679
f 1679 1672 1671
f 1671 1672 1654
f 1653 1654 1634
f 1633 1634 1613
f 1633 1653 1634
f 1634 1614 1613
f 1613 1614 1600
f 1599 1600 1584
f 1583 1584 1542
f 1541 1542 1528
f 1527 1528 1505
f 1527 1541 1528
f 1528 1506 1505
f 1505 1506 1482
f 1481 1482 1462
f 1461 1462 1436
f 1435 1436 1418
f 1417 1418 1389
f 1417 1435 1418
f 1418 1390 1389
f 1435 1461 1436
f 1461 1481 1462
f 1481 1505 1482
f 1541 1583 1542
f 1583 1599 1584
f 1599 1613 1600
f 1653 1671 1654
f 2832 2833 2672
f 2672 2833 2757
f 2664 2757 2755
f 2662 2755 2753
f 2660 2753 2751
f 2658 2751 2749
f 2656 2749 2747
f 2654 2747 2745
f 2652 2745 2743
f 2640 2743 2741
f 2638 2741 2739
f 2636 2739 2737
f 2634 2737 2735
f 2632 2735 2668
f 2622 2632 2668
f 2622 2540 2632
f 2622 2528 2540
f 2540 2528 2476
f 2484 2476 2394
f 2396 2394 2204
f 2318 2204 2102
f 2116 2102 1972
f 2002 1972 1886
f 1898 1886 1804
f 1816 1804 1746
f 1768 1746 1686
f 1716 1686 1662
f 1682 1662 1672
f 1680 1682 1672
f 1680 1700 1682
f 1680 1690 1700
f 1700 1690 1712
f 1740 1712 1750
f 1796 1740 1750
f 1796 1800 1740
f 1796 1842 1800
f 1800 1842 1870
f 1866 1870 1950
f 1946 1950 2062
f 2056 2062 2164
f 2144 2164 2368
f 2364 2368 2414
f 2412 2414 2504
f 2500 2504 2548
f 2546 2548 2638
f 2636 2638 2739
f 2636 2546 2638
f 2636 2544 2546
f 2636 2634 2544
f 2636 2737 2634
f 2833 2834 2757
f 2757 2834 2755
f 2755 2834 2835
f 2753 2835 2836
f 2751 2836 2837
f 2838 2751 2837
f 2838 2749 2751
f 2838 2839 2749
f 2749 2839 2747
f 2747 2839 2840
f 2745 2840 2841
f 2743 2841 2842
f 2843 2743 2842
f 2843 2741 2743
f 2843 2844 2741
f 2741 2844 2739
f 2739 2844 2845
f 2737 2845 2846
f 2735 2846 2847
f 2848 2735 2847
f 2848 2668 2735
f 2528 2478 2476
f 2476 2478 2402
f 2390 2402 2332
f 2192 2332 2122
f 2048 2122 1998
f 1890 1998 1882
f 1770 1890 1882
f 1770 1754 1890
f 1770 1610 1754
f 1754 1610 1588
f 1618 1588 1516
f 1548 1516 1496
f 1530 1496 1502
f 1532 1502 1506
f 1528 1532 1506
f 1528 1542 1532
f 1532 1542 1568
f 1566 1568 1596
f 1622 1596 1668
f 1758 1668 1778
f 1864 1778 1886
f 1972 1864 1886
f 1972 1960 1864
f 1972 2102 1960
f 1960 2102 2084
f 1934 2084 2064
f 1908 2064 2048
f 1890 2048 1998
f 1890 1908 2048
f 1890 1776 1908
f 1890 1754 1776
f 1776 1754 1618
f 1660 1618 1548
f 1594 1548 1530
f 1566 1530 1532
f 1568 1566 1532
f 1610 1514 1588
f 1588 1514 1490
f 1516 1490 1470
f 1496 1470 1476
f 1502 1476 1482
f 1506 1502 1482
f 1514 1464 1490
f 1490 1464 1440
f 1470 1440 1444
f 1476 1444 1462
f 1482 1476 1462
f 1464 1424 1440
f 1440 1424 1400
f 1422 1400 1390
f 1418 1422 1390
f 1418 1436 1422
f 1422 1436 1444
f 1440 1422 1444
f 1440 1400 1422
f 1436 1462 1444
f 1542 1584 1568
f 1568 1584 1592
f 1596 1592 1620
f 1668 1620 1714
f 1778 1714 1804
f 1886 1778 1804
f 1584 1600 1592
f 1592 1600 1612
f 1620 1612 1652
f 1714 1652 1746
f 1804 1714 1746
f 1600 1614 1612
f 1612 1614 1640
f 1652 1640 1686
f 1746 1652 1686
f 1614 1634 1640
f 1640 1634 1654
f 1662 1654 1672
f 1662 1640 1654
f 1662 1686 1640
f 1690 1695 1712
f 1842 1906 1870
f 1870 1906 1956
f 1950 1956 2078
f 2062 2078 2178
f 2164 2178 2372
f 2368 2372 2416
f 2414 2416 2508
f 2504 2508 2556
f 2548 2556 2640
f 2638 2640 2741
f 2638 2548 2640
f 1906 1986 1956
f 1956 1986 2082
f 2078 2082 2186
f 2178 2186 2376
f 2372 2376 2418
f 2416 2418 2510
f 2508 2510 2560
f 2556 2560 2652
f 2640 2652 2743
f 2640 2556 2652
f 1986 2088 2082
f 2082 2088 2174
f 2190 2174 2360
f 2380 2360 2400
f 2424 2400 2450
f 2518 2450 2524
f 2554 2518 2524
f 2554 2574 2518
f 2554 2626 2574
f 2574 2626 2664
f 2662 2664 2755
f 2662 2574 2664
f 2662 2572 2574
f 2662 2660 2572
f 2662 2753 2660
f 2626 2672 2664
f 2664 2672 2757
f 2735 2737 2846
f 2737 2739 2845
f 2743 2745 2841
f 2745 2747 2840
f 2751 2753 2836
f 2753 2755 2835
f 2735 2632 2634
f 2634 2632 2542
f 2544 2542 2492
f 2496 2492 2404
f 2408 2404 2334
f 2352 2334 2126
f 2132 2126 2030
f 2044 2030 1922
f 1932 1922 1826
f 1856 1826 1774
f 1788 1774 1736
f 1740 1736 1700
f 1712 1740 1700
f 2745 2652 2654
f 2654 2652 2560
f 2562 2560 2510
f 2512 2510 2418
f 2420 2418 2376
f 2378 2376 2186
f 2190 2186 2082
f 2174 2190 2082
f 2747 2654 2656
f 2656 2654 2562
f 2564 2562 2512
f 2514 2512 2420
f 2422 2420 2378
f 2380 2378 2190
f 2360 2380 2190
f 2749 2656 2658
f 2658 2656 2564
f 2568 2564 2514
f 2516 2514 2422
f 2424 2422 2380
f 2400 2424 2380
f 2751 2658 2660
f 2660 2658 2568
f 2572 2568 2516
f 2518 2516 2424
f 2450 2518 2424
f 2632 2540 2542
f 2542 2540 2484
f 2492 2484 2396
f 2404 2396 2318
f 2334 2318 2116
f 2126 2116 2002
f 2030 2002 1898
f 1922 1898 1816
f 1826 1816 1768
f 1774 1768 1716
f 1736 1716 1682
f 1700 1736 1682
f 2542 2544 2634
f 2492 2496 2544
f 2544 2496 2546
f 2546 2496 2500
f 2548 2546 2500
f 2556 2548 2504
f 2560 2562 2654
f 2560 2556 2508
f 2562 2564 2656
f 2564 2568 2658
f 2568 2572 2660
f 2516 2518 2572
f 2572 2518 2574
f 2476 2484 2540
f 2484 2492 2542
f 2404 2408 2496
f 2496 2408 2500
f 2500 2408 2412
f 2504 2500 2412
f 2508 2504 2414
f 2510 2512 2562
f 2510 2508 2416
f 2512 2514 2564
f 2514 2516 2568
f 2402 2390 2476
f 2476 2390 2394
f 2394 2390 2198
f 2204 2198 2084
f 2102 2204 2084
f 2394 2396 2484
f 2396 2404 2492
f 2334 2352 2408
f 2408 2352 2412
f 2412 2352 2364
f 2414 2412 2364
f 2416 2414 2368
f 2418 2420 2512
f 2418 2416 2372
f 2420 2422 2514
f 2422 2424 2516
f 2332 2192 2390
f 2390 2192 2198
f 2198 2192 2064
f 2084 2198 2064
f 2198 2204 2394
f 2204 2318 2396
f 2318 2334 2404
f 2126 2132 2352
f 2352 2132 2364
f 2364 2132 2144
f 2368 2364 2144
f 2372 2368 2164
f 2376 2378 2420
f 2376 2372 2178
f 2378 2380 2422
f 2122 2048 2192
f 2192 2048 2064
f 2102 2116 2318
f 2116 2126 2334
f 2030 2044 2132
f 2132 2044 2144
f 2144 2044 2056
f 2164 2144 2056
f 2178 2164 2062
f 2186 2190 2378
f 2186 2178 2078
f 2064 1908 1934
f 1934 1908 1808
f 1822 1808 1722
f 1758 1722 1622
f 1668 1758 1622
f 2084 1934 1960
f 1960 1934 1822
f 1864 1822 1758
f 1778 1864 1758
f 1972 2002 2116
f 2002 2030 2126
f 1922 1932 2044
f 2044 1932 2056
f 2056 1932 1946
f 2062 2056 1946
f 2078 2062 1950
f 2082 2078 1956
f 1908 1776 1808
f 1808 1776 1660
f 1722 1660 1594
f 1622 1594 1566
f 1596 1622 1566
f 1808 1822 1934
f 1822 1864 1960
f 1886 1898 2002
f 1898 1922 2030
f 1826 1856 1932
f 1932 1856 1946
f 1946 1856 1866
f 1950 1946 1866
f 1956 1950 1870
f 1588 1618 1754
f 1618 1660 1776
f 1660 1722 1808
f 1722 1758 1822
f 1804 1816 1898
f 1816 1826 1922
f 1774 1788 1856
f 1856 1788 1866
f 1866 1788 1800
f 1870 1866 1800
f 1490 1516 1588
f 1516 1548 1618
f 1548 1594 1660
f 1594 1622 1722
f 1668 1714 1778
f 1746 1768 1816
f 1768 1774 1826
f 1736 1740 1788
f 1788 1740 1800
f 1440 1470 1490
f 1470 1496 1516
f 1496 1530 1548
f 1530 1566 1594
f 1596 1620 1668
f 1620 1652 1714
f 1686 1716 1768
f 1716 1736 1774
f 1444 1476 1470
f 1476 1502 1496
f 1502 1532 1530
f 1568 1592 1596
f 1592 1612 1620
f 1612 1640 1652
f 1662 1682 1716
f 1695 1693 1694
f 1694 1693 1692
f 1692 1693 1709
f 1709 1693 1710
f 1748 1709 1710
f 1748 1747 1709
f 1748 1794 1747
f 1747 1794 1793
f 1793 1794 1840
f 1839 1840 1904
f 1903 1904 1983
f 1903 1839 1904
f 1904 1984 1983
f 1983 1984 2086
f 2085 2086 2172
f 2171 2172 2358
f 2357 2358 2398
f 2397 2398 2447
f 2397 2357 2398
f 2398 2448 2447
f 2447 2448 2522
f 2521 2522 2552
f 2551 2552 2624
f 2623 2624 2670
f 2669 2670 2827
f 2669 2623 2670
f 2670 2828 2827
f 2623 2551 2624
f 2551 2521 2552
f 2521 2447 2522
f 2357 2171 2358
f 2171 2085 2172
f 2085 1983 2086
f 1839 1793 1840
f 2828 4688 2827
f 2827 4688 4687
f 4687 4688 4787
f 4787 4688 4788
f 4870 4787 4788
f 4870 4869 4787
f 4870 4902 4869
f 4869 4902 4901
f 4901 4902 4992
f 4991 4992 5020
f 5019 5020 5083
f 5019 4991 5020
f 5020 5084 5083
f 5083 5084 5132
f 5131 5132 5294
f 5293 5294 5410
f 5409 5410 5502
f 5501 5502 5559
f 5501 5409 5502
f 5502 5560 5559
f 5559 5560 5642
f 5641 5642 5696
f 5695 5696 5750
f 5749 5750 5784
f 5783 5784 5798
f 5783 5749 5784
f 5784 5799 5798
f 5749 5695 5750
f 5695 5641 5696
f 5641 5559 5642
f 5409 5293 5410
f 5293 5131 5294
f 5131 5083 5132
f 4991 4901 4992
f 4709 2849 4814
f 4814 2849 2666
f 4906 2666 2550
f 5002 2550 2488
f 5106 2488 2392
f 5292 2392 2176
f 5508 2176 1978
f 4708 1978 2848
f 4708 5508 1978
f 4708 4802 5508
f 5508 4802 4888
f 4932 5508 4888
f 4932 5006 5508
f 5508 5006 5070
f 5150 5508 5070
f 5150 5356 5508
f 5508 5356 5690
f 5690 5356 5490
f 5920 5490 5588
f 6080 5588 5720
f 6190 5720 6298
f 6190 6080 5720
f 1278 1770 1404
f 1278 1174 1770
f 1770 1174 1610
f 1610 1174 1098
f 1514 1098 1028
f 1464 1028 980
f 1424 980 948
f 1400 948 932
f 1390 932 1389
f 1390 1400 932
f 1404 1882 1544
f 1404 1770 1882
f 932 931 1389
f 1389 931 1399
f 1399 931 947
f 1423 947 979
f 1463 979 1027
f 1513 1027 1097
f 1609 1097 1173
f 1769 1173 1277
f 1403 1769 1277
f 1403 1881 1769
f 1403 1543 1881
f 1881 1543 1997
f 1997 1543 1801
f 2121 1801 1977
f 2331 1977 2401
f 2331 2121 1977
f 2810 4670 2665
f 2665 4670 4813
f 2549 4813 4905
f 2487 4905 5001
f 2391 5001 5105
f 2175 5105 5291
f 1977 5291 5507
f 2811 5507 4671
f 2811 1977 5507
f 2811 2667 1977
f 1977 2667 2621
f 2527 1977 2621
f 2527 2477 1977
f 1977 2477 2401
f 2175 2391 5105
f 2391 2487 5001
f 2487 2549 4905
f 2549 2665 4813
f 6189 5719 6079
f 6189 6297 5719
f 5719 6297 5863
f 5863 6297 6375
f 5943 6375 6429
f 6009 6429 6495
f 6059 6495 6531
f 6081 6531 6089
f 6081 6059 6531
f 6079 5587 5919
f 6079 5719 5587
f 6531 6551 6089
f 6089 6551 6090
f 6090 6551 6552
f 6082 6552 6532
f 6060 6532 6496
f 6010 6496 6430
f 5944 6430 6376
f 5864 6376 6298
f 5720 5864 6298
f 6080 5920 5588
f 5920 5690 5490
f 5508 5292 2176
f 5292 5106 2392
f 5106 5002 2488
f 5002 4906 2550
f 4906 4814 2666
f 6059 6009 6495
f 6009 5943 6429
f 5943 5863 6375
f 5587 5489 5919
f 5919 5489 5689
f 5689 5489 5355
f 5507 5355 5149
f 5069 5507 5149
f 5069 5005 5507
f 5507 5005 4931
f 4887 5507 4931
f 4887 4801 5507
f 5507 4801 4671
f 2121 1997 1801
f 1769 1609 1173
f 1609 1513 1097
f 1513 1463 1027
f 1463 1423 979
f 1423 1399 947
f 1400 1424 948
f 1424 1464 980
f 1464 1514 1028
f 1514 1610 1098
f 1882 1998 1544
f 1544 1998 1802
f 1802 1998 2122
f 1978 2122 2332
f 2402 1978 2332
f 2402 2478 1978
f 1978 2478 2528
f 2622 1978 2528
f 2622 2668 1978
f 1978 2668 2848
f 5864 5944 6376
f 5944 6010 6430
f 6010 6060 6496
f 6060 6082 6532
f 6082 6090 6552
f 5355 5507 5689
f 2175 5291 1977
f 1802 2122 1978
f 3688 3718 3717
f 3687 3717 3716
f 3686 3716 3715
f 3685 3715 3714
f 3683 3714 3713
f 3682 3713 3712
f 3681 3712 3711
f 3680 3711 3710
f 3679 3710 3709
f 3678 3709 3708
f 3677 3708 3707
f 3676 3707 3706
f 3675 3706 3705
f 3674 3705 3703
f 3673 3674 3703
f 3673 3650 3674
f 3674 3650 3641
f 3643 3641 3609
f 3611 3609 3579
f 3581 3579 3545
f 3546 3545 3525
f 3526 3546 3525
f 3526 3529 3546
f 3546 3529 3549
f 3582 3549 3584
f 3613 3584 3615
f 3646 3615 3647
f 3678 3647 3679
f 3709 3678 3679
f 3722 3714 3721
f 3722 3723 3714
f 3714 3723 3713
f 3713 3723 3724
f 3712 3724 3725
f 3711 3725 3726
f 3727 3711 3726
f 3727 3710 3711
f 3727 3728 3710
f 3710 3728 3709
f 3709 3728 3729
f 3708 3729 3730
f 3707 3730 3731
f 3732 3707 3731
f 3732 3706 3707
f 3732 3733 3706
f 3706 3733 3705
f 3705 3733 3734
f 3703 3705 3734
f 3721 3715 3720
f 3721 3714 3715
f 3650 3623 3641
f 3641 3623 3608
f 3609 3608 3578
f 3579 3578 3542
f 3545 3542 3516
f 3519 3545 3516
f 3519 3525 3545
f 3623 3597 3608
f 3608 3597 3577
f 3578 3577 3540
f 3542 3540 3512
f 3514 3542 3512
f 3514 3516 3542
f 3597 3571 3577
f 3577 3571 3539
f 3540 3539 3509
f 3510 3540 3509
f 3510 3512 3540
f 3571 3541 3539
f 3539 3541 3504
f 3507 3539 3504
f 3507 3509 3539
f 3529 3532 3549
f 3549 3532 3535
f 3550 3535 3537
f 3554 3537 3543
f 3547 3554 3543
f 3547 3559 3554
f 3547 3551 3559
f 3551 3555 3565
f 3559 3565 3590
f 3588 3590 3619
f 3616 3619 3649
f 3647 3649 3679
f 3647 3616 3649
f 3647 3615 3616
f 3616 3615 3586
f 3588 3586 3554
f 3559 3588 3554
f 3559 3590 3588
f 3687 3686 3657
f 3688 3657 3655
f 3688 3687 3657
f 3688 3717 3687
f 3576 3585 3605
f 3602 3605 3628
f 3625 3628 3654
f 3653 3654 3683
f 3682 3683 3713
f 3682 3653 3683
f 3682 3652 3653
f 3682 3681 3652
f 3682 3712 3681
f 3655 3632 3620
f 3655 3657 3632
f 3632 3657 3656
f 3628 3656 3654
f 3628 3632 3656
f 3628 3605 3632
f 3632 3605 3620
f 3620 3605 3585
f 3707 3708 3730
f 3708 3709 3729
f 3711 3712 3725
f 3712 3713 3724
f 3719 3720 3716
f 3717 3719 3716
f 3717 3718 3719
f 3720 3715 3716
f 3705 3674 3675
f 3675 3674 3643
f 3644 3643 3611
f 3612 3611 3581
f 3582 3581 3546
f 3549 3582 3546
f 3706 3675 3676
f 3676 3675 3644
f 3645 3644 3612
f 3613 3612 3582
f 3584 3613 3582
f 3707 3676 3677
f 3677 3676 3645
f 3646 3645 3613
f 3615 3646 3613
f 3708 3677 3678
f 3678 3677 3646
f 3647 3678 3646
f 3710 3679 3680
f 3680 3679 3649
f 3651 3649 3619
f 3621 3619 3590
f 3592 3590 3565
f 3569 3565 3561
f 3567 3569 3561
f 3567 3573 3569
f 3567 3576 3573
f 3573 3576 3602
f 3599 3602 3625
f 3624 3625 3653
f 3652 3624 3653
f 3652 3621 3624
f 3652 3651 3621
f 3652 3681 3651
f 3651 3681 3680
f 3649 3651 3680
f 3680 3681 3711
f 3714 3683 3685
f 3685 3683 3654
f 3656 3685 3654
f 3656 3686 3685
f 3656 3657 3686
f 3685 3686 3715
f 3686 3687 3716
f 3641 3643 3674
f 3643 3644 3675
f 3644 3645 3676
f 3645 3646 3677
f 3654 3653 3625
f 3608 3609 3641
f 3609 3611 3643
f 3611 3612 3644
f 3612 3613 3645
f 3619 3621 3651
f 3586 3588 3616
f 3616 3588 3619
f 3590 3592 3621
f 3621 3592 3624
f 3624 3592 3599
f 3625 3624 3599
f 3628 3625 3602
f 3577 3578 3608
f 3578 3579 3609
f 3579 3581 3611
f 3581 3582 3612
f 3615 3584 3586
f 3586 3584 3550
f 3554 3550 3537
f 3554 3586 3550
f 3565 3569 3592
f 3592 3569 3599
f 3599 3569 3573
f 3602 3599 3573
f 3605 3602 3576
f 3539 3540 3577
f 3540 3542 3578
f 3542 3545 3579
f 3545 3546 3581
f 3535 3550 3549
f 3549 3550 3584
f 3565 3559 3551
f 3565 3555 3561
f 3718 3754 3719
f 3719 3754 3755
f 3756 3719 3755
f 3756 3720 3719
f 3756 3757 3720
f 3720 3757 3721
f 3721 3757 3758
f 3722 3758 3759
f 3723 3759 3724
f 3723 3722 3759
f 3759 3760 3724
f 3724 3760 3761
f 3725 3761 3762
f 3726 3762 3763
f 3727 3763 3764
f 3728 3764 3729
f 3728 3727 3764
f 3764 3765 3729
f 3729 3765 3766
f 3730 3766 3767
f 3731 3767 3768
f 3732 3768 3769
f 3733 3769 3734
f 3733 3732 3769
f 3769 3770 3734
f 3732 3731 3768
f 3731 3730 3767
f 3730 3729 3766
f 3727 3726 3763
f 3726 3725 3762
f 3725 3724 3761
f 3722 3721 3758
f 3755 3754 3788
f 3789 3788 3819
f 3820 3819 3851
f 3852 3851 3881
f 3884 3881 3915
f 3917 3915 3951
f 3955 3951 3968
f 3970 3955 3968
f 3970 3956 3955
f 3970 3973 3956
f 3956 3973 3976
f 3959 3976 3979
f 3980 3959 3979
f 3980 3960 3959
f 3980 3986 3960
f 3960 3986 3989
f 3963 3989 3991
f 3993 3963 3991
f 3993 3965 3963
f 3993 3995 3965
f 3965 3995 3996
f 3966 3996 3998
f 4001 3966 3998
f 4001 3964 3966
f 3966 3964 3934
f 3928 3934 3908
f 3897 3908 3882
f 3864 3882 3855
f 3831 3855 3832
f 3802 3831 3832
f 3802 3800 3831
f 3802 3770 3800
f 3800 3770 3769
f 3799 3769 3768
f 3767 3799 3768
f 3767 3798 3799
f 3767 3766 3798
f 3798 3766 3797
f 3829 3797 3828
f 3861 3828 3860
f 3894 3860 3893
f 3926 3893 3924
f 3963 3924 3960
f 3989 3963 3960
f 3944 3940 3936
f 3938 3936 3932
f 3929 3932 3903
f 3900 3903 3873
f 3885 3873 3850
f 3885 3900 3873
f 3885 3920 3900
f 3900 3920 3929
f 3903 3900 3929
f 3944 3950 3940
f 3940 3950 3954
f 3946 3954 3958
f 3951 3958 3962
f 3968 3951 3962
f 3766 3765 3797
f 3797 3765 3796
f 3828 3796 3827
f 3860 3827 3859
f 3893 3859 3892
f 3924 3892 3923
f 3960 3923 3959
f 3960 3924 3923
f 3765 3764 3796
f 3796 3764 3795
f 3827 3795 3826
f 3859 3826 3858
f 3892 3858 3890
f 3923 3890 3921
f 3959 3921 3956
f 3976 3959 3956
f 3764 3763 3795
f 3795 3763 3762
f 3794 3762 3761
f 3793 3761 3760
f 3792 3760 3759
f 3791 3759 3758
f 3757 3791 3758
f 3757 3790 3791
f 3757 3756 3790
f 3790 3756 3789
f 3820 3789 3819
f 3820 3790 3789
f 3820 3822 3790
f 3820 3852 3822
f 3820 3851 3852
f 3756 3755 3789
f 3789 3755 3788
f 3788 3817 3818
f 3819 3818 3849
f 3851 3849 3880
f 3881 3880 3913
f 3915 3913 3946
f 3951 3946 3958
f 3951 3915 3946
f 3759 3791 3792
f 3792 3791 3823
f 3824 3823 3854
f 3856 3854 3889
f 3890 3889 3921
f 3890 3856 3889
f 3890 3858 3856
f 3856 3858 3825
f 3824 3825 3793
f 3792 3793 3760
f 3792 3824 3793
f 3792 3823 3824
f 3823 3791 3822
f 3853 3822 3852
f 3884 3852 3881
f 3884 3853 3852
f 3884 3886 3853
f 3884 3917 3886
f 3884 3915 3917
f 3761 3793 3794
f 3794 3793 3825
f 3826 3825 3858
f 3826 3794 3825
f 3826 3795 3794
f 3794 3795 3762
f 3796 3795 3827
f 3797 3796 3828
f 3797 3829 3798
f 3798 3829 3830
f 3799 3830 3831
f 3800 3799 3831
f 3800 3769 3799
f 3799 3798 3830
f 3818 3819 3788
f 3854 3823 3853
f 3886 3854 3853
f 3886 3889 3854
f 3886 3919 3889
f 3886 3917 3919
f 3919 3917 3955
f 3956 3919 3955
f 3956 3921 3919
f 3919 3921 3889
f 3854 3856 3824
f 3824 3856 3825
f 3827 3826 3859
f 3828 3827 3860
f 3828 3861 3829
f 3829 3861 3862
f 3830 3862 3864
f 3831 3864 3855
f 3831 3830 3864
f 3830 3829 3862
f 3822 3791 3790
f 3873 3877 3848
f 3850 3848 3818
f 3817 3850 3818
f 3848 3877 3849
f 3818 3848 3849
f 3873 3903 3877
f 3877 3903 3906
f 3880 3906 3913
f 3880 3877 3906
f 3880 3849 3877
f 3880 3881 3851
f 3892 3890 3923
f 3893 3892 3924
f 3862 3861 3896
f 3897 3896 3928
f 3908 3897 3928
f 3893 3926 3894
f 3894 3926 3927
f 3896 3927 3928
f 3896 3894 3927
f 3896 3861 3894
f 3894 3861 3860
f 3864 3862 3897
f 3882 3864 3897
f 3860 3859 3893
f 3859 3858 3892
f 3849 3851 3819
f 3862 3896 3897
f 3873 3848 3850
f 3932 3936 3903
f 3903 3936 3906
f 3906 3936 3940
f 3913 3940 3946
f 3913 3906 3940
f 3913 3915 3881
f 3923 3921 3959
f 3924 3963 3926
f 3926 3963 3965
f 3927 3965 3966
f 3928 3966 3934
f 3928 3927 3966
f 3927 3926 3965
f 3946 3940 3954
f 3951 3955 3917
f 3966 3965 3996
f 3938 3944 3936
f 3929 3938 3932
f 3853 3823 3822
f 3788 3754 3817
f 4090 4089 4106
f 4106 4089 4105
f 4121 4106 4105
f 4121 4122 4106
f 4121 4138 4122
f 4122 4138 4139
f 4139 4138 4159
f 4160 4159 4172
f 4173 4172 4189
f 4173 4160 4172
f 4172 4188 4189
f 4189 4188 4203
f 4204 4203 4213
f 4204 4189 4203
f 4203 4218 4213
f 4213 4218 4219
f 4219 4218 4226
f 4226 4218 4235
f 4235 4218 4243
f 4239 4243 4244
f 4239 4235 4243
f 4265 4261 4264
f 4272 4264 4280
f 4281 4280 4286
f 4281 4272 4280
f 4280 4292 4286
f 4286 4292 4288
f 4288 4292 4294
f 4272 4265 4264
f 4261 4256 4264
f 4264 4256 4243
f 4243 4256 4249
f 4244 4243 4249
f 4160 4139 4159
f 4090 4106 4072
f 4072 4106 4066
f 4040 4066 4002
f 4040 4072 4066
f 4106 4122 4066
f 4066 4122 4057
f 4007 4057 4065
f 4012 4065 4046
f 4018 4046 4053
f 4025 4053 4061
f 4031 4061 4069
f 4037 4069 4078
f 4043 4078 4086
f 4048 4086 4098
f 4052 4098 4103
f 4058 4103 4084
f 4062 4084 4096
f 4067 4096 4100
f 4071 4100 4104
f 4077 4104 4109
f 4080 4077 4109
f 4080 4055 4077
f 4080 4059 4055
f 4055 4059 4036
f 4033 4036 4015
f 4010 4015 3995
f 3993 4010 3995
f 3993 4008 4010
f 3993 3991 4008
f 4008 3991 4023
f 4026 4023 4045
f 4049 4045 4067
f 4071 4067 4100
f 4071 4049 4067
f 4071 4050 4049
f 4071 4077 4050
f 4071 4104 4077
f 4122 4139 4057
f 4057 4139 4065
f 4065 4139 4129
f 4074 4129 4146
f 4085 4146 4164
f 4099 4164 4144
f 4110 4144 4152
f 4114 4152 4162
f 4118 4162 4166
f 4125 4166 4169
f 4128 4169 4178
f 4135 4178 4180
f 4142 4180 4184
f 4145 4184 4191
f 4149 4191 4197
f 4155 4197 4198
f 4163 4198 4209
f 4167 4209 4215
f 4171 4215 4221
f 4179 4221 4225
f 4183 4179 4225
f 4183 4158 4179
f 4183 4165 4158
f 4158 4165 4127
f 4124 4127 4100
f 4096 4124 4100
f 4096 4116 4124
f 4096 4084 4116
f 4116 4084 4112
f 4143 4112 4134
f 4167 4134 4163
f 4209 4167 4163
f 4139 4160 4129
f 4129 4160 4173
f 4146 4173 4189
f 4164 4189 4195
f 4176 4195 4200
f 4181 4200 4210
f 4186 4210 4216
f 4194 4216 4222
f 4199 4222 4229
f 4206 4229 4234
f 4212 4234 4237
f 4217 4237 4241
f 4224 4241 4248
f 4228 4248 4253
f 4231 4253 4260
f 4238 4260 4268
f 4246 4268 4262
f 4250 4262 4263
f 4252 4263 4269
f 4255 4252 4269
f 4255 4225 4252
f 4252 4225 4221
f 4250 4221 4215
f 4246 4215 4209
f 4238 4209 4198
f 4231 4198 4197
f 4228 4197 4191
f 4224 4191 4184
f 4217 4184 4180
f 4212 4180 4178
f 4206 4178 4169
f 4199 4169 4166
f 4194 4166 4162
f 4186 4162 4152
f 4181 4152 4144
f 4176 4144 4164
f 4195 4176 4164
f 4189 4204 4195
f 4195 4204 4213
f 4200 4213 4219
f 4210 4219 4226
f 4216 4226 4235
f 4222 4235 4239
f 4229 4239 4244
f 4234 4244 4249
f 4237 4249 4256
f 4241 4256 4261
f 4248 4261 4265
f 4253 4265 4272
f 4260 4272 4281
f 4268 4281 4279
f 4271 4279 4283
f 4274 4283 4285
f 4276 4274 4285
f 4276 4263 4274
f 4276 4269 4263
f 4281 4286 4279
f 4279 4286 4288
f 4283 4288 4294
f 4285 4283 4294
f 4165 4133 4127
f 4127 4133 4104
f 4100 4127 4104
f 4133 4109 4104
f 4059 4039 4036
f 4036 4039 4016
f 4015 4016 3996
f 3995 4015 3996
f 4039 4020 4016
f 4016 4020 3998
f 3996 4016 3998
f 4020 4001 3998
f 3991 3989 4023
f 4023 3989 4017
f 4058 4017 4052
f 4103 4058 4052
f 3989 3986 4017
f 4017 3986 4013
f 4052 4013 4048
f 4098 4052 4048
f 3986 3980 4013
f 4013 3980 4009
f 4048 4009 4043
f 4086 4048 4043
f 3980 3979 4009
f 4009 3979 4004
f 4043 4004 4037
f 4078 4043 4037
f 3979 3976 4004
f 4004 3976 3999
f 4037 3999 4031
f 4069 4037 4031
f 3976 3973 3999
f 3999 3973 3994
f 4031 3994 4025
f 4061 4031 4025
f 3973 3970 3994
f 3994 3970 3990
f 4025 3990 4018
f 4053 4025 4018
f 3970 3968 3990
f 3990 3968 4012
f 4018 4012 4046
f 4018 3990 4012
f 3968 3962 4012
f 4012 3962 4007
f 4065 4012 4007
f 3962 3958 4007
f 4007 3958 4002
f 4066 4007 4002
f 4066 4057 4007
f 4283 4279 4288
f 4173 4146 4129
f 4189 4164 4146
f 4213 4200 4195
f 4219 4210 4200
f 4226 4216 4210
f 4235 4222 4216
f 4239 4229 4222
f 4244 4234 4229
f 4249 4237 4234
f 4256 4241 4237
f 4261 4248 4241
f 4265 4253 4248
f 4272 4260 4253
f 4281 4268 4260
f 4283 4274 4271
f 4271 4274 4262
f 4268 4271 4262
f 4268 4279 4271
f 4263 4262 4274
f 4144 4176 4181
f 4181 4176 4200
f 4152 4181 4186
f 4186 4181 4210
f 4162 4186 4194
f 4194 4186 4216
f 4166 4194 4199
f 4199 4194 4222
f 4169 4199 4206
f 4206 4199 4229
f 4178 4206 4212
f 4212 4206 4234
f 4180 4212 4217
f 4217 4212 4237
f 4184 4217 4224
f 4224 4217 4241
f 4191 4224 4228
f 4228 4224 4248
f 4197 4228 4231
f 4231 4228 4253
f 4198 4231 4238
f 4238 4231 4260
f 4209 4238 4246
f 4246 4238 4268
f 4221 4250 4252
f 4252 4250 4263
f 4215 4246 4250
f 4250 4246 4262
f 4046 4065 4074
f 4085 4074 4146
f 4085 4046 4074
f 4085 4053 4046
f 4085 4099 4053
f 4085 4164 4099
f 4221 4179 4171
f 4171 4179 4148
f 4143 4148 4116
f 4112 4143 4116
f 4215 4171 4167
f 4167 4171 4143
f 4134 4167 4143
f 4198 4163 4155
f 4155 4163 4134
f 4149 4134 4103
f 4145 4103 4098
f 4142 4098 4135
f 4180 4142 4135
f 4134 4149 4155
f 4155 4149 4197
f 4103 4145 4149
f 4149 4145 4191
f 4098 4142 4145
f 4145 4142 4184
f 4178 4135 4128
f 4128 4135 4086
f 4125 4086 4078
f 4118 4078 4114
f 4162 4118 4114
f 4086 4125 4128
f 4128 4125 4169
f 4078 4118 4125
f 4125 4118 4166
f 4152 4114 4110
f 4110 4114 4069
f 4061 4110 4069
f 4061 4099 4110
f 4061 4053 4099
f 4110 4099 4144
f 4074 4065 4129
f 4179 4158 4148
f 4148 4158 4124
f 4116 4148 4124
f 4148 4143 4171
f 4127 4124 4158
f 4084 4103 4112
f 4112 4103 4134
f 4098 4086 4135
f 4078 4069 4114
f 4096 4067 4062
f 4062 4067 4045
f 4058 4045 4023
f 4017 4058 4023
f 4045 4058 4062
f 4062 4058 4084
f 4077 4055 4050
f 4050 4055 4033
f 4028 4033 4010
f 4008 4028 4010
f 4008 4026 4028
f 4008 4023 4026
f 4033 4028 4050
f 4050 4028 4049
f 4049 4028 4026
f 4045 4049 4026
f 4025 3994 3990
f 4031 3999 3994
f 4037 4004 3999
f 4043 4009 4004
f 4048 4013 4009
f 4052 4017 4013
f 4036 4033 4055
f 4016 4015 4036
f 4015 4010 4033
f 3232 3224 3223
f 3239 3232 3223
f 3239 3240 3232
f 3239 3244 3240
f 3239 3248 3244
f 3239 3260 3248
f 3248 3260 3256
f 3256 3260 3261
f 3261 3260 3266
f 3266 3260 3269
f 3269 3260 3285
f 3279 3285 3286
f 3279 3269 3285
f 3286 3285 3292
f 3292 3285 3300
f 3301 3300 3315
f 3316 3315 3332
f 3316 3301 3315
f 3315 3331 3332
f 3332 3331 3344
f 3345 3344 3365
f 3366 3365 3382
f 3383 3382 3398
f 3399 3398 3414
f 3399 3383 3398
f 3398 3413 3414
f 3383 3366 3382
f 3366 3345 3365
f 3345 3332 3344
f 3301 3292 3300
f 3224 3218 3223
f 3223 3218 3211
f 3211 3218 3217
f 3213 3211 3217
f 3213 3217 3220
f 3220 3217 3222
f 3229 3222 3231
f 3236 3231 3242
f 3250 3242 3253
f 3280 3253 3284
f 3322 3284 3326
f 3340 3326 3347
f 3372 3347 3378
f 3396 3378 3401
f 3425 3401 3428
f 3445 3428 3450
f 3466 3450 3469
f 3485 3469 3489
f 3507 3489 3509
f 3507 3485 3489
f 3507 3504 3485
f 3217 3218 3222
f 3222 3218 3226
f 3231 3226 3234
f 3242 3234 3243
f 3253 3243 3255
f 3284 3255 3259
f 3290 3259 3267
f 3296 3267 3274
f 3307 3274 3277
f 3308 3277 3281
f 3314 3281 3288
f 3321 3288 3293
f 3325 3293 3299
f 3327 3299 3306
f 3336 3306 3311
f 3339 3311 3319
f 3343 3319 3324
f 3353 3324 3329
f 3361 3329 3341
f 3406 3341 3359
f 3420 3359 3376
f 3431 3376 3439
f 3459 3439 3493
f 3487 3493 3515
f 3511 3515 3535
f 3532 3511 3535
f 3532 3506 3511
f 3532 3529 3506
f 3506 3529 3501
f 3474 3501 3468
f 3443 3468 3436
f 3406 3436 3395
f 3361 3395 3391
f 3353 3391 3387
f 3343 3387 3380
f 3339 3380 3377
f 3336 3377 3370
f 3327 3370 3363
f 3325 3363 3360
f 3321 3360 3356
f 3314 3356 3350
f 3308 3350 3342
f 3307 3342 3338
f 3296 3338 3334
f 3290 3334 3326
f 3284 3290 3326
f 3284 3259 3290
f 3218 3224 3226
f 3226 3224 3237
f 3234 3237 3243
f 3234 3226 3237
f 3224 3232 3237
f 3237 3232 3245
f 3259 3245 3267
f 3259 3237 3245
f 3259 3243 3237
f 3259 3255 3243
f 3232 3240 3245
f 3245 3240 3252
f 3267 3252 3274
f 3267 3245 3252
f 3240 3244 3252
f 3252 3244 3257
f 3274 3257 3277
f 3274 3252 3257
f 3244 3248 3257
f 3257 3248 3264
f 3277 3264 3281
f 3277 3257 3264
f 3248 3256 3264
f 3264 3256 3268
f 3281 3268 3288
f 3281 3264 3268
f 3256 3261 3268
f 3268 3261 3271
f 3288 3271 3293
f 3288 3268 3271
f 3261 3266 3271
f 3271 3266 3276
f 3293 3276 3299
f 3293 3271 3276
f 3266 3269 3276
f 3276 3269 3283
f 3299 3283 3306
f 3299 3276 3283
f 3269 3279 3283
f 3283 3279 3289
f 3306 3289 3311
f 3306 3283 3289
f 3279 3286 3289
f 3289 3286 3295
f 3311 3295 3319
f 3311 3289 3295
f 3286 3292 3295
f 3295 3292 3305
f 3319 3305 3324
f 3319 3295 3305
f 3292 3301 3305
f 3305 3301 3310
f 3324 3310 3329
f 3324 3305 3310
f 3301 3316 3310
f 3310 3316 3341
f 3329 3310 3341
f 3316 3332 3341
f 3341 3332 3359
f 3359 3332 3345
f 3376 3345 3366
f 3439 3366 3383
f 3447 3383 3399
f 3448 3399 3433
f 3465 3448 3433
f 3465 3503 3448
f 3448 3503 3498
f 3447 3498 3493
f 3439 3447 3493
f 3439 3383 3447
f 3399 3414 3433
f 3503 3547 3498
f 3498 3547 3543
f 3493 3543 3537
f 3515 3537 3535
f 3515 3493 3537
f 3529 3526 3501
f 3501 3526 3496
f 3468 3496 3462
f 3436 3462 3427
f 3391 3427 3387
f 3391 3436 3427
f 3391 3395 3436
f 3526 3525 3496
f 3496 3525 3492
f 3462 3492 3457
f 3427 3457 3419
f 3380 3419 3377
f 3380 3427 3419
f 3380 3387 3427
f 3525 3519 3492
f 3492 3519 3488
f 3457 3488 3453
f 3419 3453 3407
f 3370 3407 3363
f 3370 3419 3407
f 3370 3377 3419
f 3519 3516 3488
f 3488 3516 3482
f 3453 3482 3446
f 3407 3446 3402
f 3360 3402 3356
f 3360 3407 3402
f 3360 3363 3407
f 3516 3514 3482
f 3482 3514 3497
f 3479 3497 3495
f 3477 3495 3490
f 3472 3490 3489
f 3469 3472 3489
f 3469 3455 3472
f 3469 3450 3455
f 3455 3450 3434
f 3438 3434 3409
f 3421 3409 3393
f 3402 3393 3371
f 3356 3371 3350
f 3356 3402 3371
f 3514 3512 3497
f 3497 3512 3495
f 3495 3512 3510
f 3490 3510 3509
f 3489 3490 3509
f 3485 3466 3469
f 3466 3445 3450
f 3445 3425 3428
f 3425 3396 3401
f 3396 3372 3378
f 3372 3340 3347
f 3340 3322 3326
f 3322 3280 3284
f 3280 3250 3253
f 3250 3236 3242
f 3236 3229 3231
f 3229 3220 3222
f 3222 3226 3231
f 3345 3376 3359
f 3366 3439 3376
f 3498 3447 3448
f 3448 3447 3399
f 3391 3353 3361
f 3361 3353 3329
f 3387 3343 3353
f 3353 3343 3324
f 3380 3339 3343
f 3343 3339 3319
f 3377 3336 3339
f 3339 3336 3311
f 3370 3327 3336
f 3336 3327 3306
f 3363 3325 3327
f 3327 3325 3299
f 3360 3321 3325
f 3325 3321 3293
f 3356 3314 3321
f 3321 3314 3288
f 3350 3308 3314
f 3314 3308 3281
f 3342 3307 3308
f 3308 3307 3277
f 3338 3296 3307
f 3307 3296 3274
f 3334 3290 3296
f 3296 3290 3267
f 3253 3255 3284
f 3395 3361 3406
f 3406 3361 3341
f 3359 3420 3406
f 3406 3420 3443
f 3436 3406 3443
f 3376 3431 3420
f 3420 3431 3452
f 3443 3452 3474
f 3468 3443 3474
f 3338 3342 3362
f 3357 3362 3381
f 3378 3381 3401
f 3378 3357 3381
f 3378 3347 3357
f 3357 3347 3334
f 3338 3357 3334
f 3338 3362 3357
f 3362 3371 3389
f 3381 3389 3405
f 3401 3405 3428
f 3401 3381 3405
f 3326 3334 3347
f 3362 3342 3371
f 3371 3342 3350
f 3452 3431 3459
f 3480 3459 3487
f 3511 3487 3515
f 3511 3480 3487
f 3511 3506 3480
f 3480 3506 3474
f 3452 3480 3474
f 3452 3459 3480
f 3420 3452 3443
f 3493 3487 3459
f 3493 3498 3543
f 3468 3462 3436
f 3462 3457 3427
f 3457 3453 3419
f 3453 3446 3407
f 3497 3479 3482
f 3482 3479 3460
f 3446 3460 3442
f 3421 3442 3438
f 3409 3421 3438
f 3438 3442 3456
f 3455 3456 3472
f 3455 3438 3456
f 3455 3434 3438
f 3409 3434 3405
f 3389 3409 3405
f 3389 3393 3409
f 3389 3371 3393
f 3405 3434 3428
f 3428 3434 3450
f 3402 3446 3421
f 3393 3402 3421
f 3490 3495 3510
f 3490 3472 3477
f 3477 3472 3456
f 3460 3456 3442
f 3460 3477 3456
f 3460 3479 3477
f 3477 3479 3495
f 3488 3482 3453
f 3492 3488 3457
f 3496 3492 3462
f 3501 3496 3468
f 3506 3501 3474
f 3446 3482 3460
f 3389 3381 3362
f 3459 3431 3439
f 3242 3243 3253
f 3231 3234 3242
f 3421 3446 3442
f 3585 3920 3620
f 3620 3920 3885
f 3655 3885 3850
f 3688 3850 3817
f 3718 3817 3754
f 3718 3688 3817
f 3688 3655 3850
f 3655 3620 3885
f 3210 3211 3214
f 3214 3211 3213
f 3215 3213 3216
f 3215 3214 3213
f 3415 3404 3416
f 3416 3404 3400
f 3400 3404 3394
f 3384 3394 3386
f 3375 3384 3386
f 3375 3367 3384
f 3375 3355 3367
f 3367 3355 3346
f 3346 3355 3335
f 3333 3335 3318
f 3317 3318 3303
f 3302 3303 3287
f 3302 3317 3303
f 3303 3273 3287
f 3287 3273 3270
f 3270 3273 3262
f 3262 3273 3251
f 3249 3251 3241
f 3249 3262 3251
f 3251 3235 3241
f 3241 3235 3233
f 3233 3235 3221
f 3225 3221 3219
f 3225 3233 3221
f 3221 3215 3219
f 3219 3215 3216
f 3317 3333 3318
f 3333 3346 3335
f 3384 3400 3394
f 3735 3736 3702
f 3702 3736 3689
f 3672 3689 3658
f 3648 3658 3626
f 3622 3626 3591
f 3594 3591 3568
f 3594 3622 3591
f 3689 3736 3690
f 3658 3690 3659
f 3626 3659 3627
f 3591 3627 3593
f 3557 3593 3558
f 3517 3558 3518
f 3470 3518 3471
f 3412 3471 3418
f 3351 3418 3354
f 3294 3354 3298
f 3254 3298 3258
f 3227 3258 3230
f 3219 3230 3225
f 3219 3227 3230
f 3219 3216 3227
f 3227 3216 3228
f 3246 3227 3228
f 3246 3254 3227
f 3246 3278 3254
f 3254 3278 3294
f 3298 3254 3294
f 3736 3737 3690
f 3690 3737 3738
f 3691 3738 3739
f 3692 3739 3740
f 3693 3740 3741
f 3694 3741 3742
f 3743 3694 3742
f 3743 3695 3694
f 3743 3744 3695
f 3695 3744 3696
f 3665 3696 3666
f 3634 3666 3635
f 3603 3635 3604
f 3570 3604 3572
f 3533 3572 3538
f 3491 3538 3499
f 3449 3499 3458
f 3397 3458 3410
f 3349 3410 3369
f 3313 3369 3330
f 3291 3330 3309
f 3302 3309 3317
f 3302 3291 3309
f 3302 3287 3291
f 3291 3287 3270
f 3275 3270 3262
f 3263 3262 3249
f 3247 3249 3241
f 3238 3241 3233
f 3225 3238 3233
f 3225 3230 3238
f 3238 3230 3265
f 3272 3265 3312
f 3323 3312 3379
f 3388 3379 3441
f 3449 3441 3491
f 3499 3449 3491
f 3744 3745 3696
f 3696 3745 3697
f 3666 3697 3667
f 3635 3667 3636
f 3604 3636 3606
f 3572 3606 3574
f 3538 3574 3544
f 3499 3544 3505
f 3458 3505 3467
f 3410 3467 3429
f 3369 3429 3385
f 3330 3385 3348
f 3309 3348 3328
f 3317 3328 3333
f 3317 3309 3328
f 3745 3746 3697
f 3697 3746 3698
f 3667 3698 3668
f 3636 3668 3637
f 3606 3637 3607
f 3574 3607 3580
f 3544 3580 3548
f 3505 3548 3513
f 3467 3513 3476
f 3429 3476 3440
f 3385 3440 3403
f 3348 3403 3373
f 3328 3373 3352
f 3333 3352 3346
f 3333 3328 3352
f 3746 3747 3698
f 3698 3747 3748
f 3699 3748 3749
f 3700 3749 3750
f 3701 3750 3704
f 3684 3701 3704
f 3684 3671 3701
f 3684 3661 3671
f 3671 3661 3642
f 3640 3642 3614
f 3610 3614 3583
f 3580 3583 3548
f 3580 3610 3583
f 3580 3607 3610
f 3610 3607 3639
f 3640 3639 3670
f 3671 3670 3701
f 3671 3640 3670
f 3671 3642 3640
f 3750 3751 3704
f 3661 3638 3642
f 3642 3638 3617
f 3614 3617 3587
f 3583 3587 3552
f 3548 3552 3513
f 3548 3583 3552
f 3638 3618 3617
f 3617 3618 3598
f 3589 3598 3575
f 3563 3575 3553
f 3534 3553 3531
f 3502 3531 3508
f 3483 3502 3508
f 3483 3475 3502
f 3483 3463 3475
f 3475 3463 3451
f 3437 3451 3408
f 3390 3408 3374
f 3352 3374 3367
f 3346 3352 3367
f 3463 3444 3451
f 3451 3444 3430
f 3408 3430 3392
f 3374 3392 3384
f 3367 3374 3384
f 3444 3432 3430
f 3430 3432 3411
f 3392 3411 3400
f 3384 3392 3400
f 3432 3422 3411
f 3411 3422 3416
f 3400 3411 3416
f 3278 3320 3294
f 3294 3320 3351
f 3354 3294 3351
f 3320 3364 3351
f 3351 3364 3412
f 3418 3351 3412
f 3364 3417 3412
f 3412 3417 3461
f 3470 3461 3500
f 3517 3500 3536
f 3557 3536 3568
f 3591 3557 3568
f 3591 3593 3557
f 3622 3648 3626
f 3648 3672 3658
f 3672 3702 3689
f 3750 3701 3700
f 3700 3701 3670
f 3669 3670 3639
f 3637 3639 3607
f 3637 3669 3639
f 3637 3668 3669
f 3669 3668 3699
f 3700 3699 3749
f 3700 3669 3699
f 3700 3670 3669
f 3668 3698 3699
f 3699 3698 3748
f 3697 3698 3667
f 3696 3697 3666
f 3696 3665 3695
f 3695 3665 3664
f 3694 3664 3663
f 3693 3663 3662
f 3692 3662 3660
f 3691 3660 3659
f 3690 3691 3659
f 3690 3738 3691
f 3663 3693 3694
f 3694 3693 3741
f 3694 3695 3664
f 3662 3692 3693
f 3693 3692 3740
f 3660 3691 3692
f 3692 3691 3739
f 3689 3690 3658
f 3667 3668 3636
f 3666 3667 3635
f 3666 3634 3665
f 3665 3634 3633
f 3664 3633 3631
f 3663 3631 3630
f 3662 3630 3629
f 3660 3629 3627
f 3659 3660 3627
f 3664 3665 3633
f 3663 3664 3631
f 3662 3663 3630
f 3660 3662 3629
f 3658 3659 3626
f 3614 3610 3640
f 3640 3610 3639
f 3636 3637 3606
f 3635 3636 3604
f 3635 3603 3634
f 3634 3603 3601
f 3633 3601 3600
f 3631 3600 3596
f 3630 3596 3595
f 3629 3595 3593
f 3627 3629 3593
f 3633 3634 3601
f 3631 3633 3600
f 3630 3631 3596
f 3629 3630 3595
f 3626 3627 3591
f 3617 3614 3642
f 3606 3607 3574
f 3604 3606 3572
f 3604 3570 3603
f 3603 3570 3566
f 3601 3566 3564
f 3600 3564 3562
f 3596 3562 3560
f 3595 3560 3558
f 3593 3595 3558
f 3601 3603 3566
f 3600 3601 3564
f 3596 3600 3562
f 3595 3596 3560
f 3598 3589 3617
f 3617 3589 3587
f 3587 3589 3556
f 3552 3556 3521
f 3513 3521 3476
f 3513 3552 3521
f 3587 3583 3614
f 3574 3580 3544
f 3572 3574 3538
f 3572 3533 3570
f 3570 3533 3530
f 3566 3530 3527
f 3564 3527 3524
f 3562 3524 3520
f 3560 3520 3518
f 3558 3560 3518
f 3566 3570 3530
f 3564 3566 3527
f 3562 3564 3524
f 3560 3562 3520
f 3536 3557 3517
f 3517 3557 3558
f 3575 3563 3589
f 3589 3563 3556
f 3556 3563 3528
f 3521 3528 3484
f 3476 3484 3440
f 3476 3521 3484
f 3556 3552 3587
f 3544 3548 3505
f 3538 3544 3499
f 3538 3491 3533
f 3533 3491 3486
f 3530 3486 3481
f 3527 3481 3478
f 3524 3478 3473
f 3520 3473 3471
f 3518 3520 3471
f 3530 3533 3486
f 3527 3530 3481
f 3524 3527 3478
f 3520 3524 3473
f 3500 3517 3470
f 3470 3517 3518
f 3553 3534 3563
f 3563 3534 3528
f 3528 3534 3494
f 3484 3494 3454
f 3440 3454 3403
f 3440 3484 3454
f 3528 3521 3556
f 3505 3513 3467
f 3499 3505 3458
f 3491 3441 3486
f 3486 3441 3435
f 3481 3435 3426
f 3478 3426 3424
f 3473 3424 3418
f 3471 3473 3418
f 3481 3486 3435
f 3478 3481 3426
f 3473 3478 3424
f 3461 3470 3412
f 3412 3470 3471
f 3531 3502 3534
f 3534 3502 3494
f 3494 3502 3464
f 3454 3464 3423
f 3403 3423 3373
f 3403 3454 3423
f 3494 3484 3528
f 3467 3476 3429
f 3458 3467 3410
f 3458 3397 3449
f 3449 3397 3388
f 3441 3449 3388
f 3441 3379 3435
f 3435 3379 3368
f 3426 3368 3358
f 3424 3358 3354
f 3418 3424 3354
f 3426 3435 3368
f 3424 3426 3358
f 3502 3475 3464
f 3464 3475 3437
f 3423 3437 3390
f 3373 3390 3352
f 3373 3423 3390
f 3464 3454 3494
f 3429 3440 3385
f 3410 3429 3369
f 3410 3349 3397
f 3397 3349 3337
f 3388 3337 3323
f 3379 3388 3323
f 3388 3397 3337
f 3379 3312 3368
f 3368 3312 3304
f 3358 3304 3298
f 3354 3358 3298
f 3358 3368 3304
f 3451 3437 3475
f 3437 3423 3464
f 3385 3403 3348
f 3369 3385 3330
f 3369 3313 3349
f 3349 3313 3297
f 3337 3297 3282
f 3323 3282 3272
f 3312 3323 3272
f 3337 3349 3297
f 3323 3337 3282
f 3312 3265 3304
f 3304 3265 3258
f 3298 3304 3258
f 3430 3408 3451
f 3408 3390 3437
f 3348 3373 3328
f 3330 3348 3309
f 3330 3291 3313
f 3313 3291 3275
f 3297 3275 3263
f 3282 3263 3247
f 3272 3247 3238
f 3265 3272 3238
f 3297 3313 3275
f 3282 3297 3263
f 3272 3282 3247
f 3258 3265 3230
f 3254 3258 3227
f 3411 3392 3430
f 3392 3374 3408
f 3374 3352 3390
f 3275 3291 3270
f 3263 3275 3262
f 3247 3263 3249
f 3238 3247 3241
f 3735 3771 3736
f 3736 3771 3772
f 3773 3736 3772
f 3773 3737 3736
f 3773 3774 3737
f 3737 3774 3738
f 3738 3774 3775
f 3739 3775 3776
f 3740 3776 3741
f 3740 3739 3776
f 3776 3777 3741
f 3741 3777 3778
f 3742 3778 3779
f 3743 3779 3780
f 3744 3780 3781
f 3745 3781 3746
f 3745 3744 3781
f 3781 3782 3746
f 3746 3782 3783
f 3747 3783 3784
f 3748 3784 3785
f 3749 3785 3786
f 3750 3786 3751
f 3750 3749 3786
f 3786 3787 3751
f 3749 3748 3785
f 3748 3747 3784
f 3747 3746 3783
f 3744 3743 3780
f 3743 3742 3779
f 3742 3741 3778
f 3739 3738 3775
f 4277 4297 4278
f 4259 4278 4251
f 4227 4251 4211
f 4185 4211 4154
f 4141 4154 4093
f 4088 4093 4044
f 4088 4141 4093
f 4282 4275 4287
f 4282 4273 4275
f 4275 4273 4267
f 4247 4267 4240
f 4207 4240 4201
f 4151 4201 4147
f 4087 4147 4081
f 4034 4081 4032
f 3987 4032 3985
f 3947 3985 3945
f 3912 3945 3910
f 3878 3910 3876
f 3846 3876 3845
f 3815 3845 3814
f 3773 3814 3774
f 3773 3815 3814
f 3773 3772 3815
f 3815 3772 3816
f 3846 3816 3847
f 3878 3847 3879
f 3912 3879 3914
f 3947 3914 3948
f 3987 3948 3988
f 4034 3988 4035
f 4087 4035 4093
f 4151 4093 4154
f 4207 4154 4211
f 4247 4211 4251
f 4275 4251 4278
f 4287 4278 4297
f 4287 4275 4278
f 4273 4266 4267
f 4267 4266 4258
f 4240 4258 4233
f 4201 4233 4193
f 4147 4193 4137
f 4081 4137 4079
f 4032 4079 4027
f 3985 4027 3981
f 3945 3981 3943
f 3910 3943 3909
f 3876 3909 3875
f 3845 3875 3843
f 3814 3843 3813
f 3775 3813 3776
f 3775 3814 3813
f 3775 3774 3814
f 4266 4257 4258
f 4258 4257 4242
f 4233 4242 4223
f 4193 4223 4182
f 4137 4182 4126
f 4079 4126 4070
f 4027 4070 4024
f 3981 4024 3978
f 3943 3978 3941
f 3909 3941 3905
f 3875 3905 3874
f 3843 3874 3842
f 3813 3842 3812
f 3776 3812 3777
f 3776 3813 3812
f 4257 4245 4242
f 4242 4245 4230
f 4223 4230 4208
f 4182 4208 4168
f 4126 4168 4117
f 4070 4117 4063
f 4024 4063 4019
f 3978 4019 3975
f 3941 3975 3939
f 3905 3939 3904
f 3874 3904 3872
f 3842 3872 3841
f 3812 3841 3811
f 3777 3811 3778
f 3777 3812 3811
f 4245 4236 4230
f 4230 4236 4220
f 4214 4220 4205
f 4196 4205 4190
f 4177 4190 4174
f 4153 4174 4161
f 4140 4153 4161
f 4140 4131 4153
f 4140 4123 4131
f 4131 4123 4113
f 4115 4113 4097
f 4082 4097 4068
f 4051 4068 4041
f 4021 4041 4011
f 3984 4011 3977
f 3953 3977 3949
f 3922 3949 3918
f 3895 3918 3891
f 3866 3891 3865
f 3836 3865 3835
f 3806 3835 3805
f 3785 3805 3786
f 3785 3806 3805
f 3785 3784 3806
f 3806 3784 3783
f 3807 3783 3782
f 3808 3782 3781
f 3809 3781 3780
f 3810 3780 3779
f 3778 3810 3779
f 3778 3811 3810
f 3810 3811 3840
f 3839 3840 3870
f 3869 3870 3899
f 3898 3899 3925
f 3922 3925 3953
f 3949 3922 3953
f 4123 4107 4113
f 4113 4107 4094
f 4097 4094 4075
f 4068 4075 4054
f 4041 4054 4030
f 4011 4030 4003
f 3977 4003 3971
f 3949 3971 3942
f 3918 3942 3916
f 3891 3916 3888
f 3865 3888 3863
f 3835 3863 3834
f 3805 3834 3804
f 3786 3804 3801
f 3787 3786 3801
f 4107 4092 4094
f 4094 4092 4083
f 4073 4094 4083
f 4073 4075 4094
f 4073 4060 4075
f 4075 4060 4054
f 4054 4060 4042
f 4030 4042 4022
f 4003 4022 3997
f 3974 4003 3997
f 3974 3971 4003
f 3974 3952 3971
f 3971 3952 3942
f 3942 3952 3930
f 3916 3930 3907
f 3888 3907 3887
f 3867 3888 3887
f 3867 3863 3888
f 3867 3844 3863
f 3863 3844 3834
f 3834 3844 3821
f 3804 3821 3801
f 3804 3834 3821
f 3771 3803 3772
f 3772 3803 3816
f 3816 3803 3833
f 3847 3833 3857
f 3879 3857 3883
f 3914 3883 3911
f 3937 3914 3911
f 3937 3948 3914
f 3937 3969 3948
f 3948 3969 3988
f 3988 3969 4005
f 4035 4005 4044
f 4093 4035 4044
f 4141 4185 4154
f 4185 4227 4211
f 4227 4259 4251
f 4259 4277 4278
f 4113 4094 4097
f 4113 4115 4131
f 4131 4115 4132
f 4153 4132 4157
f 4177 4157 4175
f 4196 4175 4192
f 4214 4192 4208
f 4230 4214 4208
f 4230 4220 4214
f 4157 4177 4153
f 4153 4177 4174
f 4153 4131 4132
f 4175 4196 4177
f 4177 4196 4190
f 4192 4214 4196
f 4196 4214 4205
f 4242 4230 4223
f 4258 4242 4233
f 4267 4258 4240
f 4251 4275 4247
f 4247 4275 4267
f 4097 4075 4068
f 4097 4082 4115
f 4115 4082 4102
f 4132 4102 4120
f 4157 4120 4136
f 4175 4136 4156
f 4192 4156 4168
f 4208 4192 4168
f 4132 4115 4102
f 4157 4132 4120
f 4175 4157 4136
f 4192 4175 4156
f 4223 4208 4182
f 4233 4223 4193
f 4240 4233 4201
f 4211 4247 4207
f 4207 4247 4240
f 4068 4054 4041
f 4068 4051 4082
f 4082 4051 4064
f 4102 4064 4076
f 4120 4076 4095
f 4136 4095 4108
f 4156 4108 4117
f 4168 4156 4117
f 4102 4082 4064
f 4120 4102 4076
f 4136 4120 4095
f 4156 4136 4108
f 4182 4168 4126
f 4193 4182 4137
f 4201 4193 4147
f 4154 4207 4151
f 4151 4207 4201
f 4041 4030 4011
f 4041 4021 4051
f 4051 4021 4029
f 4064 4029 4038
f 4076 4038 4047
f 4095 4047 4056
f 4108 4056 4063
f 4117 4108 4063
f 4064 4051 4029
f 4076 4064 4038
f 4095 4076 4047
f 4108 4095 4056
f 4126 4117 4070
f 4137 4126 4079
f 4147 4137 4081
f 4093 4151 4087
f 4087 4151 4147
f 4030 4054 4042
f 4011 4003 3977
f 4011 3984 4021
f 4021 3984 3992
f 4029 3992 4000
f 4038 4000 4006
f 4047 4006 4014
f 4056 4014 4019
f 4063 4056 4019
f 4029 4021 3992
f 4038 4029 4000
f 4047 4038 4006
f 4056 4047 4014
f 4070 4063 4024
f 4079 4070 4027
f 4081 4079 4032
f 4035 4087 4034
f 4034 4087 4081
f 4003 4030 4022
f 3977 3971 3949
f 3977 3953 3984
f 3984 3953 3957
f 3992 3957 3961
f 4000 3961 3967
f 4006 3967 3972
f 4014 3972 3975
f 4019 4014 3975
f 3992 3984 3957
f 4000 3992 3961
f 4006 4000 3967
f 4014 4006 3972
f 4024 4019 3978
f 4027 4024 3981
f 4032 4027 3985
f 3988 4034 3987
f 3987 4034 4032
f 3949 3942 3918
f 3953 3925 3957
f 3957 3925 3931
f 3961 3931 3933
f 3967 3933 3935
f 3972 3935 3939
f 3975 3972 3939
f 3961 3957 3931
f 3967 3961 3933
f 3972 3967 3935
f 3978 3975 3941
f 3981 3978 3943
f 3985 3981 3945
f 3948 3987 3947
f 3947 3987 3985
f 4035 3988 4005
f 3918 3916 3891
f 3918 3895 3922
f 3922 3895 3898
f 3925 3922 3898
f 3925 3899 3931
f 3931 3899 3901
f 3933 3901 3902
f 3935 3902 3904
f 3939 3935 3904
f 3933 3931 3901
f 3935 3933 3902
f 3941 3939 3905
f 3943 3941 3909
f 3945 3943 3910
f 3914 3947 3912
f 3912 3947 3945
f 3916 3942 3930
f 3891 3888 3865
f 3891 3866 3895
f 3895 3866 3868
f 3898 3868 3869
f 3899 3898 3869
f 3898 3895 3868
f 3899 3870 3901
f 3901 3870 3871
f 3902 3871 3872
f 3904 3902 3872
f 3902 3901 3871
f 3905 3904 3874
f 3909 3905 3875
f 3910 3909 3876
f 3879 3912 3878
f 3878 3912 3910
f 3888 3916 3907
f 3865 3863 3835
f 3865 3836 3866
f 3866 3836 3837
f 3868 3837 3838
f 3869 3838 3839
f 3870 3869 3839
f 3868 3866 3837
f 3869 3868 3838
f 3870 3840 3871
f 3871 3840 3841
f 3872 3871 3841
f 3874 3872 3842
f 3875 3874 3843
f 3876 3875 3845
f 3847 3878 3846
f 3846 3878 3876
f 3914 3879 3883
f 3835 3834 3805
f 3835 3806 3836
f 3836 3806 3807
f 3837 3807 3808
f 3838 3808 3809
f 3839 3809 3810
f 3840 3839 3810
f 3837 3836 3807
f 3838 3837 3808
f 3839 3838 3809
f 3841 3840 3811
f 3842 3841 3812
f 3843 3842 3813
f 3845 3843 3814
f 3816 3846 3815
f 3815 3846 3845
f 3879 3847 3857
f 3805 3804 3786
f 3807 3806 3783
f 3808 3807 3782
f 3809 3808 3781
f 3810 3809 3780
f 3847 3816 3833
f 4297 4296 4287
f 4287 4296 4284
f 4282 4284 4273
f 4282 4287 4284
f 4284 4270 4273
f 4273 4270 4266
f 4266 4270 4254
f 4257 4254 4245
f 4257 4266 4254
f 4254 4232 4245
f 4245 4232 4236
f 4236 4232 4220
f 4220 4232 4202
f 4205 4202 4190
f 4205 4220 4202
f 4202 4187 4190
f 4190 4187 4174
f 4174 4187 4170
f 4161 4170 4150
f 4140 4150 4130
f 4123 4130 4119
f 4111 4123 4119
f 4111 4107 4123
f 4111 4101 4107
f 4107 4101 4092
f 4092 4101 4091
f 4123 4140 4130
f 4140 4161 4150
f 4161 4174 4170
f 3416 4073 3415
f 3416 3422 4073
f 4073 3422 3432
f 3444 4073 3432
f 3444 4060 4073
f 3444 3463 4060
f 4060 3463 3483
f 3508 4060 3483
f 3508 4042 4060
f 3508 3531 4042
f 4042 3531 3553
f 3575 4042 3553
f 3575 4022 4042
f 3575 3598 4022
f 4022 3598 3618
f 3997 3618 3974
f 3997 4022 3618
f 3974 3618 3751
f 3952 3751 3930
f 3952 3974 3751
f 3618 3638 3751
f 3751 3638 3661
f 3684 3751 3661
f 3684 3704 3751
f 3844 3867 3787
f 3821 3787 3801
f 3821 3844 3787
f 3867 3887 3787
f 3787 3887 3751
f 3751 3887 3907
f 3930 3751 3907
f 4073 4083 3415
f 3415 4083 4092
f 4091 3415 4092
f 3221 3415 3215
f 3221 3235 3415
f 3415 3235 3251
f 3273 3415 3251
f 3273 3303 3415
f 3415 3303 3318
f 3335 3415 3318
f 3335 3355 3415
f 3415 3355 3375
f 3386 3415 3375
f 3386 3394 3415
f 3415 3394 3404
f 3215 3415 4295
f 3214 3215 4295
f 4101 4111 4091
f 4091 4111 4119
f 4130 4091 4119
f 4130 4295 4091
f 4130 4150 4295
f 4295 4150 4170
f 4187 4295 4170
f 4187 4202 4295
f 4295 4202 4232
f 4254 4295 4232
f 4254 4270 4295
f 4295 4270 4284
f 4296 4295 4284
f 4091 4295 3415
f 4297 4294 4295
f 4296 4297 4295
f 4291 4295 4292
f 4292 4295 4294
f 3920 3585 4002
f 3929 4002 3938
f 3929 3920 4002
f 4002 3503 4040
f 4002 3585 3503
f 3503 3585 3576
f 3567 3503 3576
f 3567 3561 3503
f 3503 3561 3555
f 3551 3503 3555
f 3551 3547 3503
f 3958 3954 4002
f 4002 3954 3950
f 3944 4002 3950
f 3944 3938 4002
f 3503 3465 4040
f 4040 3465 4072
f 4072 3465 3433
f 4090 3433 3414
f 3982 3414 3522
f 3982 4090 3414
f 3982 4089 4090
f 3414 3413 3522
f 3433 4090 4072
f 3673 3672 3650
f 3673 3703 3672
f 3672 3703 3702
f 3702 3703 3735
f 3735 3703 3734
f 3650 3648 3623
f 3650 3672 3648
f 3623 3622 3597
f 3623 3648 3622
f 3622 3594 3597
f 3597 3594 3571
f 3571 3594 3568
f 3541 3568 3536
f 3504 3536 3500
f 3485 3500 3461
f 3466 3461 3445
f 3466 3485 3461
f 3461 3417 3445
f 3445 3417 3425
f 3425 3417 3396
f 3396 3417 3364
f 3372 3364 3340
f 3372 3396 3364
f 3364 3320 3340
f 3340 3320 3322
f 3322 3320 3278
f 3280 3278 3246
f 3250 3246 3236
f 3250 3280 3246
f 3246 3228 3236
f 3236 3228 3229
f 3229 3228 3220
f 3220 3228 3216
f 3213 3220 3216
f 3280 3322 3278
f 3485 3504 3500
f 3536 3504 3541
f 3568 3541 3571
f 3734 3770 3735
f 3735 3770 3771
f 4039 4044 4020
f 4039 4059 4044
f 4044 4059 4088
f 4088 4059 4080
f 4109 4088 4080
f 4109 4141 4088
f 4109 4133 4141
f 4141 4133 4165
f 4185 4165 4183
f 4225 4185 4183
f 4225 4227 4185
f 4225 4255 4227
f 4227 4255 4259
f 4259 4255 4269
f 4277 4269 4276
f 4285 4277 4276
f 4285 4297 4277
f 4285 4294 4297
f 4277 4259 4269
f 4185 4141 4165
f 4044 4005 4020
f 4020 4005 4001
f 4001 4005 3969
f 3964 3969 3937
f 3934 3937 3911
f 3908 3911 3883
f 3882 3883 3857
f 3855 3857 3833
f 3832 3833 3803
f 3802 3803 3770
f 3802 3832 3803
f 3803 3771 3770
f 3832 3855 3833
f 3855 3882 3857
f 3882 3908 3883
f 3908 3934 3911
f 3934 3964 3937
f 3964 4001 3969
f 4298 3206 4291
f 4291 3206 3210
f 4295 3210 3214
f 4295 4291 3210
f 3522 3413 3523
f 3523 3413 3212
f 3212 3413 3398
f 3382 3212 3398
f 3382 3365 3212
f 3212 3365 3344
f 3331 3212 3344
f 3331 3315 3212
f 3212 3315 3300
f 3285 3212 3300
f 3285 3260 3212
f 3212 3260 3239
f 3223 3212 3239
f 3223 3211 3212
f 3982 4289 3983
f 3983 4289 4290
f 3208 3522 3209
f 3209 3522 3523
f 3982 3522 4289
f 4289 3522 3208
f 4292 4280 4293
f 4293 4280 4264
f 4243 4293 4264
f 4243 4218 4293
f 4293 4218 4203
f 4188 4293 4203
f 4188 4172 4293
f 4293 4172 4159
f 4138 4293 4159
f 4138 4121 4293
f 4293 4121 4105
f 3983 4105 4089
f 3982 3983 4089
f 3983 4293 4105
f 3983 4290 4293
f 4293 4290 4299
f 3212 3211 3207
f 3207 3211 3206
f 3206 3211 3210
f 4293 4299 4292
f 4292 4299 4298
f 4291 4292 4298
f 3523 3212 3209
f 3209 3212 3207
f 7030 7029 7014
f 7014 7029 7013
f 7003 7014 7013
f 7003 7004 7014
f 7003 6993 7004
f 7004 6993 6994
f 6994 6993 6983
f 6984 6983 6971
f 6972 6971 6954
f 6972 6984 6971
f 6971 6953 6954
f 6954 6953 6945
f 6946 6945 6931
f 6932 6931 6923
f 6924 6923 6913
f 6914 6913 6906
f 6914 6924 6913
f 6913 6905 6906
f 6906 6905 6899
f 6900 6899 6895
f 6896 6895 6887
f 6888 6887 6883
f 6884 6883 6876
f 6884 6888 6883
f 6883 6871 6876
f 6888 6896 6887
f 6896 6900 6895
f 6900 6906 6899
f 6924 6932 6923
f 6932 6946 6931
f 6946 6954 6945
f 6984 6994 6983
f 4867 4634 4863
f 4965 4863 4999
f 5057 4999 5125
f 5285 5125 5459
f 5539 5459 5813
f 5843 5813 6083
f 5843 5539 5813
f 4634 4635 4863
f 4863 4635 4636
f 4861 4636 4637
f 4859 4637 4638
f 4847 4638 4639
f 4845 4639 4640
f 4641 4845 4640
f 4641 4843 4845
f 4641 4642 4843
f 4843 4642 4841
f 4977 4841 4975
f 5103 4975 5099
f 5405 5099 5395
f 5691 5395 5681
f 6023 5681 6001
f 6211 6001 6203
f 6399 6203 6385
f 6575 6385 6555
f 6729 6555 6707
f 6891 6707 6833
f 6927 6833 6917
f 6931 6917 6923
f 6931 6927 6917
f 6931 6945 6927
f 6927 6945 6947
f 6891 6947 6907
f 6729 6907 6767
f 6575 6767 6593
f 6399 6593 6415
f 6211 6415 6227
f 6023 6227 6043
f 5691 6043 5713
f 5405 5713 5413
f 5103 5413 5109
f 4977 5109 4981
f 4843 4981 4845
f 4843 4977 4981
f 4843 4841 4977
f 4642 4643 4841
f 4841 4643 4839
f 4975 4839 4973
f 5099 4973 5097
f 5395 5097 5387
f 5681 5387 5671
f 6001 5671 5989
f 6203 5989 6193
f 6385 6193 6363
f 6555 6363 6537
f 6707 6537 6675
f 6833 6675 6805
f 6917 6805 6901
f 6923 6901 6913
f 6923 6917 6901
f 4643 4644 4839
f 4839 4644 4837
f 4973 4837 4969
f 5097 4969 5093
f 5387 5093 5381
f 5671 5381 5663
f 5989 5663 5977
f 6193 5977 6187
f 6363 6187 6353
f 6537 6353 6521
f 6675 6521 6661
f 6805 6661 6789
f 6901 6789 6893
f 6913 6893 6905
f 6913 6901 6893
f 4644 4645 4837
f 4837 4645 4646
f 4835 4646 4647
f 4833 4647 4648
f 4831 4648 4649
f 4849 4649 4650
f 4849 4831 4649
f 4849 4909 4831
f 4831 4909 4959
f 4963 4959 5087
f 5089 5087 5373
f 5381 5373 5663
f 5381 5089 5373
f 5381 5093 5089
f 5089 5093 4967
f 4963 4967 4833
f 4831 4833 4648
f 4831 4963 4833
f 4831 4959 4963
f 4909 5027 4959
f 4959 5027 5079
f 5087 5079 5367
f 5373 5367 5659
f 5663 5659 5977
f 5663 5373 5659
f 5027 5139 5079
f 5079 5139 5365
f 5367 5365 5637
f 5659 5637 5969
f 5977 5969 6187
f 5977 5659 5969
f 5139 5421 5365
f 5365 5421 5627
f 5637 5627 5961
f 5969 5961 6181
f 6187 6181 6353
f 6187 5969 6181
f 5421 5647 5627
f 5627 5647 5901
f 5957 5901 6101
f 6171 6101 6231
f 6331 6231 6365
f 6483 6365 6485
f 6599 6483 6485
f 6599 6637 6483
f 6599 6709 6637
f 6637 6709 6751
f 6761 6751 6845
f 6863 6845 6895
f 6899 6863 6895
f 6899 6893 6863
f 6899 6905 6893
f 6709 6779 6751
f 6751 6779 6827
f 6845 6827 6887
f 6895 6845 6887
f 6779 6835 6827
f 6827 6835 6883
f 6887 6827 6883
f 6835 6871 6883
f 6945 6953 6947
f 6947 6953 6971
f 6961 6971 6983
f 6979 6983 6993
f 6991 6993 7003
f 7007 7003 7013
f 7019 7013 7029
f 7019 7007 7013
f 7019 6999 7007
f 7007 6999 6975
f 6959 6975 6897
f 6831 6897 6651
f 6625 6651 6431
f 6415 6431 6227
f 6415 6625 6431
f 6415 6593 6625
f 6625 6593 6799
f 6831 6799 6941
f 6959 6941 6991
f 7007 6991 7003
f 7007 6959 6991
f 7007 6975 6959
f 6999 6969 6975
f 6975 6969 6915
f 6897 6915 6677
f 6651 6677 6453
f 6431 6453 6255
f 6227 6255 6043
f 6227 6431 6255
f 6969 6911 6915
f 6915 6911 6723
f 6677 6723 6477
f 6453 6477 6279
f 6255 6279 6061
f 6043 6061 5713
f 6043 6255 6061
f 6911 6745 6723
f 6723 6745 6579
f 6517 6579 6409
f 6313 6409 6251
f 6115 6251 6083
f 5813 6115 6083
f 5813 5775 6115
f 5813 5447 5775
f 5813 5459 5447
f 5447 5459 5121
f 5115 5121 4987
f 4985 4987 4847
f 4845 4847 4639
f 4845 4985 4847
f 4845 4981 4985
f 4985 4981 5113
f 5115 5113 5433
f 5447 5433 5775
f 5447 5115 5433
f 5447 5121 5115
f 5539 5285 5459
f 5285 5057 5125
f 5057 4965 4999
f 4965 4867 4863
f 4647 4833 4835
f 4835 4833 4967
f 4969 4967 5093
f 4969 4835 4967
f 4969 4837 4835
f 4835 4837 4646
f 4839 4837 4973
f 4841 4839 4975
f 4638 4847 4859
f 4859 4847 4987
f 4995 4987 5121
f 5125 5121 5459
f 5125 4995 5121
f 5125 4999 4995
f 4995 4999 4861
f 4859 4861 4637
f 4859 4995 4861
f 4859 4987 4995
f 4999 4863 4861
f 4861 4863 4636
f 5087 5089 4963
f 4963 5089 4967
f 4973 4969 5097
f 4975 4973 5099
f 5109 4977 5103
f 5103 4977 4975
f 5113 5115 4985
f 4985 5115 4987
f 5079 5087 4959
f 5097 5093 5387
f 5099 5097 5395
f 5413 5103 5405
f 5405 5103 5099
f 4981 5109 5113
f 5113 5109 5417
f 5433 5417 5753
f 5775 5753 6091
f 6115 6091 6313
f 6251 6115 6313
f 5365 5367 5079
f 5367 5373 5087
f 5387 5381 5671
f 5395 5387 5681
f 5713 5405 5691
f 5691 5405 5395
f 5109 5413 5417
f 5417 5413 5725
f 5753 5725 6077
f 6091 6077 6301
f 6313 6301 6517
f 6409 6313 6517
f 5417 5433 5113
f 5627 5637 5365
f 5637 5659 5367
f 5671 5663 5989
f 5681 5671 6001
f 6043 5691 6023
f 6023 5691 5681
f 5413 5713 5725
f 5725 5713 6061
f 6077 6061 6279
f 6301 6279 6477
f 6517 6477 6723
f 6579 6517 6723
f 5725 5753 5417
f 5753 5775 5433
f 5901 5957 5627
f 5627 5957 5961
f 5961 5957 6175
f 6181 6175 6341
f 6353 6341 6521
f 6353 6181 6341
f 5961 5969 5637
f 5989 5977 6193
f 6001 5989 6203
f 6227 6023 6211
f 6211 6023 6001
f 6061 6077 5725
f 6077 6091 5753
f 6091 6115 5775
f 6101 6171 5957
f 5957 6171 6175
f 6175 6171 6339
f 6341 6339 6509
f 6521 6509 6661
f 6521 6341 6509
f 6175 6181 5961
f 6193 6187 6363
f 6203 6193 6385
f 6415 6211 6399
f 6399 6211 6203
f 6279 6301 6077
f 6279 6255 6453
f 6301 6313 6091
f 6231 6331 6171
f 6171 6331 6339
f 6339 6331 6499
f 6509 6499 6649
f 6661 6649 6789
f 6661 6509 6649
f 6339 6341 6175
f 6363 6353 6537
f 6385 6363 6555
f 6593 6399 6575
f 6575 6399 6385
f 6453 6431 6651
f 6477 6517 6301
f 6477 6453 6677
f 6365 6483 6331
f 6331 6483 6499
f 6499 6483 6641
f 6649 6641 6769
f 6789 6769 6893
f 6789 6649 6769
f 6499 6509 6339
f 6537 6521 6675
f 6555 6537 6707
f 6767 6575 6729
f 6729 6575 6555
f 6799 6831 6625
f 6625 6831 6651
f 6677 6651 6897
f 6723 6677 6915
f 6483 6637 6641
f 6641 6637 6761
f 6769 6761 6863
f 6893 6769 6863
f 6641 6649 6499
f 6675 6661 6805
f 6707 6675 6833
f 6907 6729 6891
f 6891 6729 6707
f 6593 6767 6799
f 6799 6767 6925
f 6941 6925 6979
f 6991 6979 6993
f 6991 6941 6979
f 6941 6959 6831
f 6831 6959 6897
f 6915 6897 6975
f 6751 6761 6637
f 6761 6769 6641
f 6805 6789 6901
f 6833 6805 6917
f 6947 6891 6927
f 6927 6891 6833
f 6767 6907 6925
f 6925 6907 6961
f 6979 6961 6983
f 6979 6925 6961
f 6925 6941 6799
f 6827 6845 6751
f 6845 6863 6761
f 6971 6961 6947
f 6947 6961 6907
f 4725 4730 4854
f 4854 4730 4832
f 4914 4832 4960
f 5032 4960 5080
f 5144 5080 5366
f 5426 5366 5628
f 5652 5628 5906
f 5652 5426 5628
f 4730 4731 4832
f 4832 4731 4834
f 4960 4834 4964
f 5080 4964 5088
f 5366 5088 5368
f 5628 5368 5638
f 5958 5638 5962
f 6172 5962 6176
f 6332 6176 6340
f 6484 6340 6500
f 6638 6500 6642
f 6752 6642 6762
f 6828 6762 6846
f 6888 6846 6896
f 6888 6828 6846
f 6888 6884 6828
f 6828 6884 6840
f 6784 6828 6840
f 6784 6752 6828
f 6784 6714 6752
f 6752 6714 6638
f 6642 6752 6638
f 4731 4732 4834
f 4834 4732 4836
f 4964 4836 4968
f 5088 4968 5090
f 5368 5090 5374
f 5638 5374 5660
f 5962 5660 5970
f 6176 5970 6182
f 6340 6182 6342
f 6500 6342 6510
f 6642 6510 6650
f 6762 6650 6770
f 6846 6770 6864
f 6896 6864 6900
f 6896 6846 6864
f 4732 4733 4836
f 4836 4733 4838
f 4968 4838 4970
f 5090 4970 5094
f 5374 5094 5382
f 5660 5382 5664
f 5970 5664 5978
f 6182 5978 6188
f 6342 6188 6354
f 6510 6354 6522
f 6650 6522 6662
f 6770 6662 6790
f 6864 6790 6894
f 6900 6894 6906
f 6900 6864 6894
f 4733 4734 4838
f 4838 4734 4735
f 4840 4735 4736
f 4842 4736 4737
f 4844 4737 4738
f 4846 4738 4739
f 4740 4846 4739
f 4740 4848 4846
f 4740 4741 4848
f 4848 4741 4860
f 4986 4860 4988
f 5114 4988 5116
f 5418 5116 5434
f 5726 5434 5754
f 6062 5754 6078
f 6256 6078 6280
f 6432 6280 6454
f 6626 6454 6652
f 6800 6652 6832
f 6926 6832 6942
f 6962 6942 6980
f 6984 6980 6994
f 6984 6962 6980
f 6984 6972 6962
f 6962 6972 6948
f 6926 6948 6908
f 6800 6908 6768
f 6626 6768 6594
f 6432 6594 6416
f 6256 6416 6228
f 6062 6228 6044
f 5726 6044 5714
f 5418 5714 5414
f 5114 5414 5110
f 4986 5110 4982
f 4848 4982 4846
f 4848 4986 4982
f 4848 4860 4986
f 4741 4742 4860
f 4860 4742 4862
f 4988 4862 4996
f 5116 4996 5122
f 5434 5122 5448
f 5754 5448 5776
f 6078 5776 6092
f 6280 6092 6302
f 6454 6302 6478
f 6652 6478 6678
f 6832 6678 6898
f 6942 6898 6960
f 6980 6960 6992
f 6994 6992 7004
f 6994 6980 6992
f 4742 4743 4862
f 4862 4743 4864
f 4996 4864 5000
f 5122 5000 5126
f 5448 5126 5460
f 5776 5460 5814
f 6092 5814 6116
f 6302 6116 6314
f 6478 6314 6518
f 6678 6518 6724
f 6898 6724 6916
f 6960 6916 6976
f 6992 6976 7008
f 7004 7008 7014
f 7004 6992 7008
f 4743 4744 4864
f 4864 4744 4745
f 4868 4864 4745
f 4868 4966 4864
f 4864 4966 5000
f 5000 4966 5058
f 5126 5058 5286
f 5460 5286 5540
f 5814 5540 5844
f 6084 5814 5844
f 6084 6116 5814
f 6084 6252 6116
f 6116 6252 6314
f 6314 6252 6410
f 6518 6410 6580
f 6724 6580 6746
f 6912 6724 6746
f 6912 6916 6724
f 6912 6970 6916
f 6916 6970 6976
f 6976 6970 7000
f 7008 7000 7020
f 7014 7020 7030
f 7014 7008 7020
f 6972 6954 6948
f 6948 6954 6946
f 6928 6946 6932
f 6918 6932 6924
f 6902 6924 6914
f 6894 6914 6906
f 6894 6902 6914
f 6894 6806 6902
f 6894 6790 6806
f 6806 6790 6676
f 6708 6676 6556
f 6576 6556 6400
f 6416 6400 6228
f 6416 6576 6400
f 6416 6594 6576
f 6576 6594 6730
f 6708 6730 6834
f 6806 6834 6902
f 6806 6708 6834
f 6806 6676 6708
f 6884 6876 6840
f 6714 6604 6638
f 6638 6604 6484
f 6500 6638 6484
f 6604 6490 6484
f 6484 6490 6370
f 6332 6370 6236
f 6172 6236 6106
f 5958 6106 5906
f 5628 5958 5906
f 5628 5638 5958
f 5426 5144 5366
f 5144 5032 5080
f 5032 4914 4960
f 4914 4854 4832
f 4862 4864 4996
f 4860 4862 4988
f 4738 4846 4844
f 4844 4846 4978
f 4976 4978 5100
f 5098 5100 5388
f 5382 5388 5664
f 5382 5098 5388
f 5382 5094 5098
f 5098 5094 4974
f 4976 4974 4842
f 4844 4842 4737
f 4844 4976 4842
f 4844 4978 4976
f 4736 4842 4840
f 4840 4842 4974
f 4970 4974 5094
f 4970 4840 4974
f 4970 4838 4840
f 4840 4838 4735
f 4836 4838 4968
f 4834 4836 4964
f 4832 4834 4960
f 4996 5000 5122
f 4988 4996 5116
f 5110 4986 5114
f 5114 4986 4988
f 4846 4982 4978
f 4978 4982 5104
f 5100 5104 5396
f 5388 5396 5672
f 5664 5672 5978
f 5664 5388 5672
f 5100 5098 4976
f 4976 5098 4974
f 4968 4970 5090
f 4964 4968 5088
f 4960 4964 5080
f 5122 5126 5448
f 5116 5122 5434
f 5414 5114 5418
f 5418 5114 5116
f 4982 5110 5104
f 5104 5110 5406
f 5396 5406 5682
f 5672 5682 5990
f 5978 5990 6188
f 5978 5672 5990
f 5104 5100 4978
f 5090 5094 5374
f 5088 5090 5368
f 5080 5088 5366
f 5126 5000 5058
f 5448 5460 5776
f 5434 5448 5754
f 5714 5418 5726
f 5726 5418 5434
f 5110 5414 5406
f 5406 5414 5692
f 5682 5692 6002
f 5990 6002 6194
f 6188 6194 6354
f 6188 5990 6194
f 5406 5396 5104
f 5396 5388 5100
f 5374 5382 5660
f 5368 5374 5638
f 5366 5368 5628
f 5460 5126 5286
f 5776 5814 6092
f 5754 5776 6078
f 6044 5726 6062
f 6062 5726 5754
f 5414 5714 5692
f 5692 5714 6024
f 6002 6024 6204
f 6194 6204 6364
f 6354 6364 6522
f 6354 6194 6364
f 5692 5682 5406
f 5682 5672 5396
f 5660 5664 5970
f 5638 5660 5962
f 5814 5460 5540
f 6092 6116 6302
f 6078 6092 6280
f 6228 6062 6256
f 6256 6062 6078
f 5714 6044 6024
f 6024 6044 6212
f 6204 6212 6386
f 6364 6386 6538
f 6522 6538 6662
f 6522 6364 6538
f 6024 6002 5692
f 6002 5990 5682
f 5970 5978 6182
f 5962 5970 6176
f 6106 5958 6172
f 6172 5958 5962
f 6302 6314 6478
f 6280 6302 6454
f 6416 6256 6432
f 6432 6256 6280
f 6044 6228 6212
f 6212 6228 6400
f 6386 6400 6556
f 6538 6556 6676
f 6662 6676 6790
f 6662 6538 6676
f 6212 6204 6024
f 6204 6194 6002
f 6182 6188 6342
f 6176 6182 6340
f 6236 6172 6332
f 6332 6172 6176
f 6478 6518 6678
f 6454 6478 6652
f 6594 6432 6626
f 6626 6432 6454
f 6400 6386 6212
f 6386 6364 6204
f 6342 6354 6510
f 6340 6342 6500
f 6370 6332 6484
f 6484 6332 6340
f 6518 6314 6410
f 6678 6724 6898
f 6652 6678 6832
f 6768 6626 6800
f 6800 6626 6652
f 6556 6538 6386
f 6730 6708 6576
f 6576 6708 6556
f 6510 6522 6650
f 6500 6510 6642
f 6724 6518 6580
f 6898 6916 6960
f 6832 6898 6942
f 6908 6800 6926
f 6926 6800 6832
f 6594 6768 6730
f 6730 6768 6892
f 6834 6892 6918
f 6902 6918 6924
f 6902 6834 6918
f 6650 6662 6770
f 6642 6650 6762
f 6960 6976 6992
f 6942 6960 6980
f 6948 6926 6962
f 6962 6926 6942
f 6768 6908 6892
f 6892 6908 6928
f 6918 6928 6932
f 6918 6892 6928
f 6892 6834 6730
f 6770 6790 6864
f 6762 6770 6846
f 6752 6762 6828
f 6946 6928 6948
f 6948 6928 6908
f 7008 6976 7000
f 4634 2774 4635
f 4635 2774 2775
f 2776 4635 2775
f 2776 4636 4635
f 2776 2777 4636
f 4636 2777 4637
f 4637 2777 2778
f 4638 2778 2779
f 4639 2779 4640
f 4639 4638 2779
f 2779 2780 4640
f 4640 2780 2781
f 4641 2781 2782
f 4642 2782 2783
f 4643 2783 2784
f 4644 2784 4645
f 4644 4643 2784
f 2784 2785 4645
f 4645 2785 2786
f 4646 2786 2787
f 4647 2787 2788
f 4648 2788 2789
f 4649 2789 4650
f 4649 4648 2789
f 2789 2790 4650
f 4648 4647 2788
f 4647 4646 2787
f 4646 4645 2786
f 4643 4642 2783
f 4642 4641 2782
f 4641 4640 2781
f 4638 4637 2778
f 4725 2865 4730
f 4730 2865 2870
f 2871 4730 2870
f 2871 4731 4730
f 2871 2872 4731
f 4731 2872 4732
f 4732 2872 2873
f 4733 2873 2874
f 4734 2874 4735
f 4734 4733 2874
f 2874 2875 4735
f 4735 2875 2876
f 4736 2876 2877
f 4737 2877 2878
f 4738 2878 2879
f 4739 2879 4740
f 4739 4738 2879
f 2879 2880 4740
f 4740 2880 2881
f 4741 2881 2882
f 4742 2882 2883
f 4743 2883 2884
f 4744 2884 4745
f 4744 4743 2884
f 2884 2885 4745
f 4743 4742 2883
f 4742 4741 2882
f 4741 4740 2881
f 4738 4737 2878
f 4737 4736 2877
f 4736 4735 2876
f 4733 4732 2873
f 423 417 433
f 453 433 447
f 469 447 465
f 483 465 473
f 501 473 493
f 523 493 513
f 537 513 529
f 555 529 543
f 573 543 553
f 629 553 561
f 643 561 571
f 657 571 595
f 661 595 617
f 675 661 617
f 675 773 661
f 675 745 773
f 773 745 857
f 905 857 981
f 1047 981 1099
f 1211 1099 1231
f 1397 1231 1365
f 1553 1397 1365
f 1553 1675 1397
f 1553 1827 1675
f 1675 1827 1975
f 1973 1975 2323
f 2321 2323 2459
f 2457 2459 2587
f 2585 2587 2689
f 2687 2689 2783
f 2782 2687 2783
f 2782 2685 2687
f 2782 2781 2685
f 2685 2781 2683
f 2581 2683 2579
f 2445 2579 2443
f 2201 2443 2199
f 1939 2199 1929
f 1597 1929 1579
f 1337 1579 1321
f 1159 1321 1147
f 995 1147 963
f 811 963 789
f 655 789 613
f 537 613 523
f 513 537 523
f 417 429 433
f 433 429 443
f 447 443 455
f 465 455 467
f 473 467 475
f 493 475 491
f 503 493 491
f 503 513 493
f 503 517 513
f 513 517 529
f 529 517 531
f 543 531 539
f 553 539 547
f 557 553 547
f 557 561 553
f 557 563 561
f 561 563 571
f 571 563 569
f 595 569 577
f 617 577 581
f 617 595 577
f 1827 2065 1975
f 1975 2065 2325
f 2323 2325 2461
f 2459 2461 2589
f 2587 2589 2691
f 2689 2691 2784
f 2783 2689 2784
f 2065 2341 2325
f 2325 2341 2463
f 2461 2463 2591
f 2589 2591 2693
f 2691 2693 2786
f 2785 2691 2786
f 2785 2784 2691
f 2341 2431 2463
f 2463 2431 2529
f 2593 2529 2641
f 2697 2641 2789
f 2788 2697 2789
f 2788 2695 2697
f 2788 2787 2695
f 2695 2787 2693
f 2591 2695 2693
f 2591 2593 2695
f 2591 2463 2593
f 2593 2463 2529
f 2641 2790 2789
f 2787 2786 2693
f 2781 2780 2683
f 2683 2780 2779
f 2681 2779 2778
f 2679 2778 2777
f 2677 2777 2776
f 2675 2776 2775
f 2774 2675 2775
f 2774 2627 2675
f 2675 2627 2565
f 2569 2565 2427
f 2429 2427 2193
f 2195 2193 1909
f 1929 1909 1579
f 1929 2195 1909
f 1929 2199 2195
f 2195 2199 2441
f 2429 2441 2575
f 2569 2575 2677
f 2675 2677 2776
f 2675 2569 2677
f 2675 2565 2569
f 2627 2525 2565
f 2565 2525 2425
f 2427 2425 2183
f 2193 2183 1895
f 1909 1895 1545
f 1579 1545 1321
f 1579 1909 1545
f 2525 2409 2425
f 2425 2409 2167
f 2183 2167 1887
f 1895 1887 1533
f 1545 1533 1295
f 1321 1295 1147
f 1321 1545 1295
f 2409 2181 2167
f 2167 2181 1935
f 1871 1935 1635
f 1491 1635 1395
f 1263 1395 1219
f 1049 1263 1219
f 1049 1055 1263
f 1049 887 1055
f 1055 887 845
f 879 845 685
f 719 685 541
f 559 541 501
f 523 501 493
f 523 559 501
f 523 613 559
f 559 613 741
f 719 741 911
f 879 911 1079
f 1055 1079 1263
f 1055 879 1079
f 1055 845 879
f 887 715 845
f 845 715 641
f 685 641 521
f 541 521 483
f 501 483 473
f 501 541 483
f 715 545 641
f 641 545 499
f 521 499 469
f 483 469 465
f 483 521 469
f 545 477 499
f 499 477 445
f 453 445 423
f 433 453 423
f 595 571 569
f 553 543 539
f 543 529 531
f 493 473 475
f 473 465 467
f 465 447 455
f 447 433 443
f 595 661 657
f 657 661 757
f 739 757 889
f 873 889 1031
f 1015 1031 1175
f 1169 1175 1347
f 1337 1347 1597
f 1579 1337 1597
f 571 657 643
f 643 657 739
f 731 739 873
f 851 873 1015
f 1001 1015 1169
f 1159 1169 1337
f 1321 1159 1337
f 561 643 629
f 629 643 731
f 711 731 851
f 831 851 1001
f 995 1001 1159
f 1147 995 1159
f 553 629 573
f 573 629 711
f 693 711 831
f 811 831 995
f 963 811 995
f 543 573 555
f 555 573 693
f 655 693 811
f 789 655 811
f 529 555 537
f 537 555 655
f 613 537 655
f 447 469 453
f 453 469 499
f 445 453 499
f 661 773 757
f 757 773 897
f 889 897 1037
f 1031 1037 1191
f 1175 1191 1359
f 1347 1359 1607
f 1597 1607 1939
f 1929 1597 1939
f 757 739 657
f 739 731 643
f 731 711 629
f 711 693 573
f 693 655 555
f 741 719 559
f 559 719 541
f 521 541 685
f 499 521 641
f 857 905 773
f 773 905 897
f 897 905 1043
f 1037 1043 1195
f 1191 1195 1379
f 1359 1379 1625
f 1607 1625 1947
f 1939 1947 2201
f 2199 1939 2201
f 897 889 757
f 889 873 739
f 873 851 731
f 851 831 711
f 831 811 693
f 613 789 741
f 741 789 945
f 911 945 1111
f 1079 1111 1273
f 1263 1273 1491
f 1395 1263 1491
f 911 879 719
f 719 879 685
f 641 685 845
f 981 1047 905
f 905 1047 1043
f 1043 1047 1205
f 1195 1205 1385
f 1379 1385 1643
f 1625 1643 1961
f 1947 1961 2311
f 2201 2311 2445
f 2443 2201 2445
f 1043 1037 897
f 1037 1031 889
f 1031 1015 873
f 1015 1001 851
f 1001 995 831
f 789 963 945
f 945 963 1133
f 1111 1133 1285
f 1273 1285 1511
f 1491 1511 1871
f 1635 1491 1871
f 945 911 741
f 1099 1211 1047
f 1047 1211 1205
f 1205 1211 1393
f 1385 1393 1657
f 1643 1657 1965
f 1961 1965 2313
f 2311 2313 2453
f 2445 2453 2581
f 2579 2445 2581
f 1205 1195 1043
f 1195 1191 1037
f 1191 1175 1031
f 1175 1169 1015
f 1169 1159 1001
f 963 1147 1133
f 1133 1147 1295
f 1285 1295 1533
f 1511 1533 1887
f 1871 1887 2167
f 1935 1871 2167
f 1133 1111 945
f 1111 1079 911
f 1231 1397 1211
f 1211 1397 1393
f 1393 1397 1669
f 1657 1669 1969
f 1965 1969 2319
f 2313 2319 2455
f 2453 2455 2583
f 2581 2583 2685
f 2683 2581 2685
f 1393 1385 1205
f 1385 1379 1195
f 1379 1359 1191
f 1359 1347 1175
f 1347 1337 1169
f 1295 1285 1133
f 1285 1273 1111
f 1273 1263 1079
f 1397 1675 1669
f 1669 1675 1973
f 1969 1973 2321
f 2319 2321 2457
f 2455 2457 2585
f 2583 2585 2687
f 2685 2583 2687
f 1669 1657 1393
f 1657 1643 1385
f 1643 1625 1379
f 1625 1607 1359
f 1607 1597 1347
f 1533 1511 1285
f 1533 1545 1895
f 1511 1491 1273
f 1975 1973 1675
f 1973 1969 1669
f 1969 1965 1657
f 1965 1961 1643
f 1961 1947 1625
f 1947 1939 1607
f 1895 1909 2193
f 1887 1871 1511
f 1887 1895 2183
f 2325 2323 1975
f 2323 2321 1973
f 2321 2319 1969
f 2319 2313 1965
f 2313 2311 1961
f 2311 2201 1947
f 2441 2429 2195
f 2195 2429 2193
f 2183 2193 2427
f 2167 2183 2425
f 2463 2461 2325
f 2461 2459 2323
f 2459 2457 2321
f 2457 2455 2319
f 2455 2453 2313
f 2453 2445 2311
f 2199 2443 2441
f 2441 2443 2577
f 2575 2577 2679
f 2677 2679 2777
f 2677 2575 2679
f 2575 2569 2429
f 2429 2569 2427
f 2425 2427 2565
f 2591 2589 2461
f 2589 2587 2459
f 2587 2585 2457
f 2585 2583 2455
f 2583 2581 2453
f 2443 2579 2577
f 2577 2579 2681
f 2679 2681 2778
f 2679 2577 2681
f 2577 2575 2441
f 2641 2697 2593
f 2593 2697 2695
f 2693 2691 2589
f 2691 2689 2587
f 2689 2687 2585
f 2779 2681 2683
f 2683 2681 2579
f 586 578 622
f 622 578 596
f 662 596 572
f 658 572 562
f 644 562 554
f 630 554 544
f 574 544 530
f 556 530 514
f 538 514 494
f 524 494 474
f 502 474 466
f 484 466 448
f 470 448 434
f 454 434 424
f 446 454 424
f 446 478 454
f 454 478 500
f 522 500 686
f 720 686 912
f 946 912 1134
f 1148 1134 1322
f 1338 1322 1598
f 1608 1598 1948
f 1962 1948 2314
f 2320 2314 2458
f 2460 2458 2590
f 2592 2590 2696
f 2698 2696 2871
f 2870 2698 2871
f 2870 2646 2698
f 2870 2865 2646
f 578 570 596
f 596 570 572
f 572 570 564
f 562 564 558
f 554 558 548
f 540 554 548
f 540 544 554
f 540 532 544
f 544 532 530
f 530 532 518
f 514 518 504
f 494 504 492
f 476 494 492
f 476 474 494
f 476 468 474
f 474 468 466
f 466 468 456
f 448 456 444
f 434 444 430
f 418 434 430
f 418 424 434
f 478 546 500
f 500 546 642
f 686 642 880
f 912 880 1112
f 1134 1112 1296
f 1322 1296 1580
f 1598 1580 1940
f 1948 1940 2312
f 2314 2312 2456
f 2458 2456 2588
f 2590 2588 2694
f 2696 2694 2872
f 2871 2696 2872
f 546 716 642
f 642 716 846
f 880 846 1080
f 1112 1080 1286
f 1296 1286 1546
f 1580 1546 1930
f 1940 1930 2202
f 2312 2202 2454
f 2456 2454 2586
f 2588 2586 2692
f 2694 2692 2873
f 2872 2694 2873
f 716 888 846
f 846 888 1056
f 1080 1056 1274
f 1286 1274 1534
f 1546 1534 1910
f 1930 1910 2200
f 2202 2200 2446
f 2454 2446 2584
f 2586 2584 2690
f 2692 2690 2875
f 2874 2692 2875
f 2874 2873 2692
f 888 1050 1056
f 1056 1050 1220
f 1264 1220 1396
f 1492 1396 1636
f 1872 1636 1936
f 2168 1936 2182
f 2410 2168 2182
f 2410 2426 2168
f 2410 2526 2426
f 2426 2526 2566
f 2570 2566 2678
f 2680 2678 2882
f 2881 2680 2882
f 2881 2682 2680
f 2881 2880 2682
f 2682 2880 2684
f 2578 2684 2580
f 2442 2580 2444
f 2196 2444 2200
f 1910 2196 2200
f 1910 1896 2196
f 1910 1534 1896
f 1896 1534 1512
f 1888 1512 1492
f 1872 1492 1636
f 1872 1888 1492
f 1872 2184 1888
f 1872 2168 2184
f 1872 1936 2168
f 2526 2628 2566
f 2566 2628 2676
f 2678 2676 2883
f 2882 2678 2883
f 2628 2885 2676
f 2676 2885 2884
f 2883 2676 2884
f 2880 2879 2684
f 2684 2879 2878
f 2686 2878 2877
f 2688 2877 2876
f 2690 2876 2875
f 2690 2688 2876
f 2690 2584 2688
f 2688 2584 2582
f 2686 2582 2580
f 2684 2686 2580
f 2684 2878 2686
f 2698 2646 2594
f 2592 2594 2462
f 2460 2462 2322
f 2320 2322 1966
f 1962 1966 1626
f 1608 1626 1348
f 1338 1348 1160
f 1148 1160 964
f 946 964 742
f 720 742 542
f 522 542 470
f 454 470 434
f 454 522 470
f 454 500 522
f 2346 2326 2436
f 2346 2070 2326
f 2326 2070 1976
f 1974 1976 1670
f 1658 1670 1386
f 1380 1386 1192
f 1176 1192 1016
f 1002 1016 832
f 812 832 656
f 614 656 524
f 502 524 474
f 502 614 524
f 502 560 614
f 502 484 560
f 502 466 484
f 2070 1832 1976
f 1976 1832 1676
f 1670 1676 1394
f 1386 1394 1196
f 1192 1196 1032
f 1016 1032 852
f 832 852 694
f 656 694 538
f 524 538 494
f 524 656 538
f 1832 1558 1676
f 1676 1558 1398
f 1394 1398 1206
f 1196 1206 1038
f 1032 1038 874
f 852 874 712
f 694 712 556
f 538 556 514
f 538 694 556
f 1558 1370 1398
f 1398 1370 1212
f 1206 1212 1044
f 1038 1044 890
f 874 890 732
f 712 732 574
f 556 574 530
f 556 712 574
f 1370 1236 1212
f 1212 1236 1104
f 1048 1104 986
f 906 986 862
f 774 862 750
f 662 750 680
f 622 662 680
f 622 596 662
f 434 448 444
f 448 466 456
f 494 514 504
f 514 530 518
f 554 562 558
f 562 572 564
f 448 470 484
f 484 470 542
f 560 542 742
f 790 742 964
f 996 964 1160
f 1170 1160 1348
f 1360 1348 1626
f 1644 1626 1966
f 1970 1966 2322
f 2324 2322 2462
f 2464 2462 2594
f 2534 2594 2646
f 2534 2464 2594
f 2534 2436 2464
f 2464 2436 2326
f 2324 2326 1974
f 1970 1974 1658
f 1644 1658 1380
f 1360 1380 1176
f 1170 1176 1002
f 996 1002 812
f 790 812 614
f 560 790 614
f 560 742 790
f 544 574 630
f 630 574 732
f 740 732 890
f 898 890 1044
f 1048 1044 1212
f 1104 1048 1212
f 554 630 644
f 644 630 740
f 758 740 898
f 906 898 1048
f 986 906 1048
f 562 644 658
f 658 644 758
f 774 758 906
f 862 774 906
f 572 658 662
f 662 658 774
f 750 662 774
f 542 560 484
f 686 720 522
f 522 720 542
f 656 614 812
f 694 656 832
f 712 694 852
f 732 740 630
f 732 712 874
f 740 758 644
f 758 774 658
f 642 686 500
f 912 946 720
f 720 946 742
f 964 996 790
f 790 996 812
f 832 812 1002
f 852 832 1016
f 874 852 1032
f 890 898 740
f 890 874 1038
f 898 906 758
f 846 880 642
f 880 912 686
f 1134 1148 946
f 946 1148 964
f 1160 1170 996
f 996 1170 1002
f 1016 1002 1176
f 1032 1016 1192
f 1038 1032 1196
f 1044 1048 898
f 1044 1038 1206
f 1056 1080 846
f 1080 1112 880
f 1112 1134 912
f 1322 1338 1148
f 1148 1338 1160
f 1348 1360 1170
f 1170 1360 1176
f 1192 1176 1380
f 1196 1192 1386
f 1206 1196 1394
f 1212 1206 1398
f 1220 1264 1056
f 1056 1264 1274
f 1274 1264 1512
f 1534 1274 1512
f 1274 1286 1080
f 1286 1296 1112
f 1296 1322 1134
f 1598 1608 1338
f 1338 1608 1348
f 1626 1644 1360
f 1360 1644 1380
f 1386 1380 1658
f 1394 1386 1670
f 1398 1394 1676
f 1396 1492 1264
f 1264 1492 1512
f 1534 1546 1286
f 1546 1580 1296
f 1580 1598 1322
f 1948 1962 1608
f 1608 1962 1626
f 1966 1970 1644
f 1644 1970 1658
f 1670 1658 1974
f 1676 1670 1976
f 1512 1888 1896
f 1896 1888 2194
f 2196 2194 2442
f 2444 2196 2442
f 1910 1930 1546
f 1930 1940 1580
f 1940 1948 1598
f 2314 2320 1962
f 1962 2320 1966
f 2322 2324 1970
f 1970 2324 1974
f 1976 1974 2326
f 1888 2184 2194
f 2194 2184 2430
f 2442 2430 2578
f 2580 2442 2578
f 2184 2168 2428
f 2430 2428 2576
f 2578 2576 2682
f 2684 2578 2682
f 2194 2196 1896
f 2200 2202 1930
f 2202 2312 1940
f 2312 2314 1948
f 2458 2460 2320
f 2320 2460 2322
f 2462 2464 2324
f 2324 2464 2326
f 2168 2426 2428
f 2428 2426 2570
f 2576 2570 2680
f 2682 2576 2680
f 2428 2430 2184
f 2430 2442 2194
f 2200 2444 2446
f 2446 2444 2582
f 2584 2446 2582
f 2446 2454 2202
f 2454 2456 2312
f 2456 2458 2314
f 2590 2592 2460
f 2460 2592 2462
f 2566 2570 2426
f 2570 2576 2428
f 2576 2578 2430
f 2580 2582 2444
f 2584 2586 2454
f 2586 2588 2456
f 2588 2590 2458
f 2696 2698 2592
f 2592 2698 2594
f 2676 2678 2566
f 2678 2680 2570
f 2877 2688 2686
f 2686 2688 2582
f 2690 2692 2586
f 2692 2694 2588
f 2694 2696 2590
f 586 581 578
f 578 581 577
f 569 578 577
f 569 570 578
f 569 563 570
f 570 563 564
f 564 563 557
f 558 557 547
f 548 547 540
f 548 558 547
f 547 539 540
f 540 539 531
f 532 531 517
f 518 517 503
f 504 503 491
f 492 491 476
f 492 504 491
f 491 475 476
f 476 475 467
f 468 467 455
f 456 455 443
f 444 443 429
f 430 429 418
f 430 444 429
f 429 417 418
f 444 456 443
f 456 468 455
f 468 476 467
f 504 518 503
f 518 532 517
f 532 540 531
f 558 564 557
f 587 586 623
f 623 586 622
f 680 623 622
f 680 681 623
f 680 750 681
f 681 750 751
f 751 750 862
f 863 862 986
f 987 986 1105
f 987 863 986
f 986 1104 1105
f 1105 1104 1236
f 1237 1236 1370
f 1371 1370 1558
f 1559 1558 1832
f 1833 1832 2071
f 1833 1559 1832
f 1832 2070 2071
f 2071 2070 2346
f 2347 2346 2436
f 2437 2436 2534
f 2535 2534 2646
f 2647 2646 2866
f 2647 2535 2646
f 2646 2865 2866
f 2535 2437 2534
f 2437 2347 2436
f 2347 2071 2346
f 1559 1371 1558
f 1371 1237 1370
f 1237 1105 1236
f 863 751 862
f 2865 4725 2866
f 2866 4725 4726
f 4726 4725 4855
f 4855 4725 4854
f 4914 4855 4854
f 4914 4915 4855
f 4914 5032 4915
f 4915 5032 5033
f 5033 5032 5144
f 5145 5144 5426
f 5427 5426 5653
f 5427 5145 5426
f 5426 5652 5653
f 5653 5652 5906
f 5907 5906 6106
f 6107 6106 6236
f 6237 6236 6370
f 6371 6370 6491
f 6371 6237 6370
f 6370 6490 6491
f 6491 6490 6604
f 6605 6604 6714
f 6715 6714 6784
f 6785 6784 6840
f 6841 6840 6877
f 6841 6785 6840
f 6840 6876 6877
f 6785 6715 6784
f 6715 6605 6714
f 6605 6491 6604
f 6237 6107 6236
f 6107 5907 6106
f 5907 5653 5906
f 5145 5033 5144
f 6876 6871 6877
f 6877 6871 6872
f 2627 2774 2232
f 2525 2232 2409
f 2525 2627 2232
f 2409 2232 2181
f 2181 2232 2027
f 1781 2181 2027
f 1781 1935 2181
f 1781 1487 1935
f 1935 1487 1281
f 1635 1281 1127
f 1395 1127 929
f 707 1395 929
f 707 1219 1395
f 707 505 1219
f 1219 505 421
f 1049 421 369
f 325 1049 369
f 325 887 1049
f 325 275 887
f 887 275 239
f 715 239 203
f 545 203 187
f 177 545 187
f 177 477 545
f 177 445 477
f 177 423 445
f 177 417 423
f 177 418 417
f 177 178 418
f 418 178 424
f 424 178 446
f 446 178 478
f 478 178 546
f 546 178 188
f 204 546 188
f 204 716 546
f 204 240 716
f 716 240 888
f 888 240 276
f 326 888 276
f 326 1050 888
f 326 370 1050
f 1050 370 422
f 1220 422 506
f 708 1220 506
f 708 1396 1220
f 708 930 1396
f 1396 930 1128
f 1636 1128 1282
f 1936 1282 1488
f 1782 1936 1488
f 1782 2182 1936
f 1782 2028 2182
f 2182 2028 2283
f 2410 2283 2526
f 2410 2182 2283
f 4868 4745 5239
f 4966 5239 5058
f 4966 4868 5239
f 5058 5239 5286
f 5286 5239 5466
f 5708 5286 5466
f 5708 5540 5286
f 5708 5982 5540
f 5540 5982 6184
f 5844 6184 6348
f 6084 6348 6554
f 6756 6084 6554
f 6756 6252 6084
f 6756 6944 6252
f 6252 6944 7024
f 6410 7024 7072
f 7122 6410 7072
f 7122 6580 6410
f 7122 7170 6580
f 6580 7170 7206
f 6746 7206 7236
f 6912 7236 7256
f 7260 6912 7256
f 7260 6970 6912
f 7260 7000 6970
f 7260 7020 7000
f 7260 7030 7020
f 7260 7259 7030
f 7030 7259 7029
f 7029 7259 7019
f 7019 7259 6999
f 6999 7259 6969
f 6969 7259 6911
f 6911 7259 7255
f 7235 6911 7255
f 7235 6745 6911
f 7235 7205 6745
f 6745 7205 6579
f 6579 7205 7169
f 7121 6579 7169
f 7121 6409 6579
f 7121 7071 6409
f 6409 7071 7023
f 6251 7023 6943
f 6755 6251 6943
f 6755 6083 6251
f 6755 6553 6083
f 6083 6553 6347
f 5843 6347 6183
f 5539 6183 5981
f 5707 5539 5981
f 5707 5285 5539
f 5707 5465 5285
f 5285 5465 5188
f 5057 5188 4965
f 5057 5285 5188
f 6912 6746 7236
f 6746 6580 7206
f 6410 6252 7024
f 6084 5844 6348
f 5844 5540 6184
f 4745 2885 5239
f 5239 2885 2283
f 2283 2885 2628
f 2526 2283 2628
f 1936 1636 1282
f 1636 1396 1128
f 1220 1050 422
f 545 715 203
f 715 887 239
f 1049 1219 421
f 1395 1635 1127
f 1635 1935 1281
f 2774 4634 2232
f 2232 4634 5188
f 5188 4634 4867
f 4965 5188 4867
f 5539 5843 6183
f 5843 6083 6347
f 6251 6409 7023
f 5161 2205 5163
f 5163 2205 2207
f 2209 5163 2207
f 2209 5165 5163
f 2209 2211 5165
f 5165 2211 5167
f 5167 2211 2212
f 5168 2212 2214
f 5170 2214 5172
f 5170 5168 2214
f 2214 2216 5172
f 5172 2216 2217
f 5173 2217 2219
f 5175 2219 2221
f 5177 2221 2222
f 5178 2222 5180
f 5178 5177 2222
f 2222 2224 5180
f 5180 2224 2226
f 5182 2226 2227
f 5183 2227 2229
f 5185 2229 2231
f 5187 2231 5188
f 5187 5185 2231
f 2231 2232 5188
f 5185 5183 2229
f 5183 5182 2227
f 5182 5180 2226
f 5177 5175 2221
f 5175 5173 2219
f 5173 5172 2217
f 5168 5167 2212
f 1 5 17
f 17 5 25
f 45 25 65
f 83 65 123
f 141 123 211
f 205 211 277
f 205 141 211
f 25 5 29
f 65 29 69
f 123 69 129
f 211 129 213
f 295 213 297
f 379 297 381
f 479 381 481
f 781 481 783
f 1063 783 1065
f 1305 1065 1307
f 1623 1307 1627
f 2007 1627 2009
f 2207 2009 2209
f 2207 2007 2009
f 2207 2205 2007
f 2007 2205 1989
f 1725 2007 1989
f 1725 1623 2007
f 1725 1413 1623
f 1623 1413 1305
f 1307 1623 1305
f 5 9 29
f 29 9 15
f 35 15 23
f 39 23 33
f 53 33 41
f 63 41 55
f 61 63 55
f 61 79 63
f 61 77 79
f 79 77 97
f 113 97 127
f 175 127 189
f 245 189 257
f 331 257 335
f 401 335 403
f 515 403 527
f 823 527 835
f 1093 835 1117
f 1335 1117 1339
f 1655 1339 1663
f 2021 1663 2025
f 2221 2025 2222
f 2221 2021 2025
f 2221 2219 2021
f 2021 2219 2217
f 2017 2217 2216
f 2015 2216 2214
f 2013 2214 2212
f 2011 2212 2211
f 2209 2011 2211
f 2209 2009 2011
f 2011 2009 1629
f 1631 1629 1317
f 1319 1317 1081
f 1089 1081 813
f 823 813 515
f 527 823 515
f 77 87 97
f 97 87 109
f 127 109 147
f 189 147 199
f 257 199 267
f 335 267 345
f 403 345 413
f 527 413 535
f 835 535 853
f 1117 853 1129
f 1339 1129 1345
f 1663 1345 1673
f 2025 1673 2031
f 2222 2031 2224
f 2222 2025 2031
f 87 105 109
f 109 105 125
f 147 125 163
f 199 163 225
f 267 225 283
f 345 283 355
f 413 355 425
f 535 425 551
f 853 551 875
f 1129 875 1139
f 1345 1139 1353
f 1673 1353 1687
f 2031 1687 2033
f 2224 2033 2226
f 2224 2031 2033
f 105 117 125
f 125 117 131
f 149 131 151
f 167 151 165
f 185 165 187
f 203 185 187
f 203 223 185
f 203 239 223
f 223 239 261
f 247 261 307
f 291 307 363
f 355 363 425
f 355 291 363
f 355 283 291
f 291 283 233
f 247 233 197
f 223 197 185
f 223 247 197
f 223 261 247
f 165 177 187
f 239 275 261
f 261 275 323
f 307 323 371
f 363 371 437
f 425 437 551
f 425 363 437
f 275 325 323
f 323 325 369
f 383 369 421
f 457 421 505
f 653 505 707
f 941 707 929
f 1127 941 929
f 1127 1167 941
f 1127 1281 1167
f 1167 1281 1387
f 1381 1387 1719
f 1705 1719 2035
f 2033 2035 2227
f 2226 2033 2227
f 1281 1487 1387
f 1387 1487 1733
f 1719 1733 2039
f 2035 2039 2229
f 2227 2035 2229
f 1487 1781 1733
f 1733 1781 2041
f 2039 2041 2231
f 2229 2039 2231
f 1781 2027 2041
f 2041 2027 2232
f 2231 2041 2232
f 1413 1197 1305
f 1305 1197 1063
f 1065 1305 1063
f 1197 1007 1063
f 1063 1007 781
f 783 1063 781
f 1007 761 781
f 781 761 509
f 479 509 405
f 379 405 347
f 295 347 277
f 211 295 277
f 211 213 295
f 141 83 123
f 83 45 65
f 45 17 25
f 165 185 167
f 167 185 197
f 181 197 233
f 225 233 283
f 225 181 233
f 225 163 181
f 181 163 149
f 167 149 151
f 167 181 149
f 167 197 181
f 163 125 149
f 149 125 131
f 109 125 147
f 97 109 127
f 97 113 79
f 79 113 103
f 63 103 89
f 53 89 81
f 39 81 73
f 35 73 69
f 29 35 69
f 29 15 35
f 89 53 63
f 63 53 41
f 63 79 103
f 81 39 53
f 53 39 33
f 73 35 39
f 39 35 23
f 25 29 65
f 147 163 199
f 127 147 189
f 127 175 113
f 113 175 157
f 103 157 155
f 89 155 139
f 81 139 133
f 73 133 129
f 69 73 129
f 103 113 157
f 89 103 155
f 81 89 139
f 73 81 133
f 65 69 123
f 307 291 247
f 247 291 233
f 199 225 267
f 189 199 257
f 189 245 175
f 175 245 237
f 157 237 231
f 155 231 227
f 139 227 217
f 133 217 213
f 129 133 213
f 157 175 237
f 155 157 231
f 139 155 227
f 133 139 217
f 123 129 211
f 323 307 261
f 267 283 345
f 257 267 335
f 257 331 245
f 245 331 317
f 237 317 311
f 231 311 305
f 227 305 303
f 217 303 297
f 213 217 297
f 237 245 317
f 231 237 311
f 227 231 305
f 217 227 303
f 369 383 323
f 323 383 371
f 371 383 449
f 437 449 565
f 551 565 875
f 551 437 565
f 371 363 307
f 345 355 413
f 335 345 403
f 335 401 331
f 331 401 397
f 317 397 393
f 311 393 389
f 305 389 385
f 303 385 381
f 297 303 381
f 317 331 397
f 311 317 393
f 305 311 389
f 303 305 385
f 347 295 379
f 379 295 297
f 421 457 383
f 383 457 449
f 449 457 615
f 565 615 893
f 875 893 1139
f 875 565 893
f 449 437 371
f 413 425 535
f 403 413 527
f 403 515 401
f 401 515 507
f 397 507 495
f 393 495 489
f 389 489 485
f 385 485 481
f 381 385 481
f 397 401 507
f 393 397 495
f 389 393 489
f 385 389 485
f 405 379 479
f 479 379 381
f 505 653 457
f 457 653 615
f 615 653 915
f 893 915 1149
f 1139 1149 1353
f 1139 893 1149
f 615 565 449
f 535 551 853
f 527 535 835
f 515 813 507
f 507 813 805
f 495 805 799
f 489 799 787
f 485 787 783
f 481 485 783
f 495 507 805
f 489 495 799
f 485 489 787
f 509 479 781
f 781 479 481
f 707 941 653
f 653 941 915
f 915 941 1155
f 1149 1155 1363
f 1353 1363 1687
f 1353 1149 1363
f 915 893 615
f 853 875 1129
f 835 853 1117
f 835 1093 823
f 823 1093 1089
f 813 823 1089
f 813 1081 805
f 805 1081 1075
f 799 1075 1069
f 787 1069 1065
f 783 787 1065
f 799 805 1075
f 787 799 1069
f 941 1167 1155
f 1155 1167 1381
f 1363 1381 1705
f 1687 1705 2033
f 1687 1363 1705
f 1155 1149 915
f 1129 1139 1345
f 1117 1129 1339
f 1117 1335 1093
f 1093 1335 1323
f 1089 1323 1319
f 1081 1089 1319
f 1089 1093 1323
f 1081 1317 1075
f 1075 1317 1311
f 1069 1311 1307
f 1065 1069 1307
f 1069 1075 1311
f 1387 1381 1167
f 1381 1363 1155
f 1345 1353 1673
f 1339 1345 1663
f 1339 1655 1335
f 1335 1655 1645
f 1323 1645 1641
f 1319 1641 1631
f 1317 1319 1631
f 1323 1335 1645
f 1319 1323 1641
f 1317 1629 1311
f 1311 1629 1627
f 1307 1311 1627
f 1733 1719 1387
f 1719 1705 1381
f 1673 1687 2031
f 1663 1673 2025
f 1663 2021 1655
f 1655 2021 2017
f 1645 2017 2015
f 1641 2015 2013
f 1631 2013 2011
f 1629 1631 2011
f 1645 1655 2017
f 1641 1645 2015
f 1631 1641 2013
f 1627 1629 2009
f 1623 1627 2007
f 2041 2039 1733
f 2039 2035 1719
f 2035 2033 1705
f 2017 2021 2217
f 2015 2017 2216
f 2013 2015 2214
f 2011 2013 2212
f 7255 7259 7263
f 7239 7263 7285
f 7257 7285 7303
f 7281 7303 7321
f 7293 7321 7337
f 7319 7337 7359
f 7331 7359 7373
f 7349 7373 7385
f 7363 7385 7405
f 7375 7405 7411
f 7381 7411 7421
f 7391 7421 7431
f 7397 7431 7433
f 7399 7433 7423
f 7393 7399 7423
f 7393 7347 7399
f 7393 7355 7347
f 7347 7355 7297
f 7273 7297 7231
f 7191 7231 7165
f 7107 7165 7093
f 7025 7093 7037
f 6937 7025 7037
f 6937 6889 7025
f 6937 6697 6889
f 6889 6697 6549
f 6545 6549 6287
f 6277 6287 6019
f 6015 6019 5621
f 5615 5621 5319
f 5317 5319 5172
f 5173 5317 5172
f 5173 5175 5317
f 5317 5175 5315
f 5613 5315 5609
f 6003 5609 5993
f 6263 5993 6253
f 6515 6253 6501
f 6815 6501 6801
f 7005 6801 6995
f 7081 6995 7079
f 7163 7079 7155
f 7241 7155 7229
f 7313 7229 7301
f 7363 7301 7349
f 7385 7363 7349
f 7323 7321 7309
f 7323 7335 7321
f 7321 7335 7337
f 7337 7335 7353
f 7359 7353 7367
f 7373 7367 7379
f 7389 7373 7379
f 7389 7385 7373
f 7389 7403 7385
f 7385 7403 7405
f 7405 7403 7409
f 7411 7409 7419
f 7421 7419 7427
f 7435 7421 7427
f 7435 7431 7421
f 7435 7439 7431
f 7431 7439 7433
f 7433 7439 7441
f 7423 7433 7441
f 7309 7303 7291
f 7309 7321 7303
f 6697 6455 6549
f 6549 6455 6289
f 6287 6289 6021
f 6019 6021 5625
f 5621 5625 5321
f 5319 5321 5170
f 5172 5319 5170
f 6455 6267 6289
f 6289 6267 6065
f 6027 6065 5767
f 5633 5767 5493
f 5329 5493 5161
f 5163 5329 5161
f 5163 5327 5329
f 5163 5165 5327
f 5327 5165 5167
f 5323 5167 5168
f 5321 5168 5170
f 5321 5323 5168
f 5321 5625 5323
f 5323 5625 5631
f 5327 5631 5633
f 5329 5633 5493
f 5329 5327 5633
f 5175 5177 5315
f 5315 5177 5313
f 5609 5313 5603
f 5993 5603 5991
f 6253 5991 6241
f 6501 6241 6475
f 6801 6475 6775
f 6995 6775 6989
f 7079 6989 7069
f 7155 7069 7147
f 7229 7147 7215
f 7301 7215 7287
f 7349 7287 7331
f 7373 7349 7331
f 5177 5178 5313
f 5313 5178 5311
f 5603 5311 5601
f 5991 5601 5979
f 6241 5979 6223
f 6475 6223 6463
f 6775 6463 6759
f 6989 6759 6981
f 7069 6981 7067
f 7147 7067 7137
f 7215 7137 7207
f 7287 7207 7269
f 7331 7269 7319
f 7359 7331 7319
f 5178 5180 5311
f 5311 5180 5309
f 5601 5309 5593
f 5979 5593 5973
f 6223 5973 6213
f 6463 6213 6451
f 6759 6451 6735
f 6981 6735 6973
f 7067 6973 7053
f 7137 7053 7127
f 7207 7127 7195
f 7269 7195 7251
f 7319 7251 7293
f 7337 7319 7293
f 5180 5182 5309
f 5309 5182 5183
f 5307 5183 5185
f 5305 5185 5187
f 5301 5187 5188
f 5465 5301 5188
f 5465 5577 5301
f 5465 5707 5577
f 5577 5707 5945
f 5953 5945 6199
f 6209 6199 6437
f 6451 6437 6735
f 6451 6209 6437
f 6451 6213 6209
f 6209 6213 5965
f 5953 5965 5585
f 5577 5585 5301
f 5577 5953 5585
f 5577 5945 5953
f 5707 5981 5945
f 5945 5981 6191
f 6199 6191 6425
f 6437 6425 6719
f 6735 6719 6973
f 6735 6437 6719
f 5981 6183 6191
f 6191 6183 6347
f 6413 6347 6553
f 6663 6553 6755
f 6929 6755 6943
f 7031 6943 7023
f 7071 7031 7023
f 7071 7089 7031
f 7071 7121 7089
f 7089 7121 7153
f 7171 7153 7213
f 7237 7213 7281
f 7293 7281 7321
f 7293 7237 7281
f 7293 7251 7237
f 7237 7251 7183
f 7171 7183 7105
f 7089 7105 7031
f 7089 7171 7105
f 7089 7153 7171
f 7121 7169 7153
f 7153 7169 7203
f 7213 7203 7257
f 7281 7257 7303
f 7281 7213 7257
f 7169 7205 7203
f 7203 7205 7235
f 7239 7235 7255
f 7263 7239 7255
f 7421 7411 7419
f 7411 7405 7409
f 7373 7359 7367
f 7359 7337 7353
f 7275 7291 7285
f 7263 7275 7285
f 7263 7259 7275
f 7291 7303 7285
f 7433 7399 7397
f 7397 7399 7343
f 7339 7343 7265
f 7261 7265 7181
f 7173 7181 7087
f 7081 7087 7005
f 6995 7081 7005
f 7431 7397 7391
f 7391 7397 7339
f 7333 7339 7261
f 7253 7261 7173
f 7163 7173 7081
f 7079 7163 7081
f 7421 7391 7381
f 7381 7391 7333
f 7325 7333 7253
f 7241 7253 7163
f 7155 7241 7163
f 7411 7381 7375
f 7375 7381 7325
f 7313 7325 7241
f 7229 7313 7241
f 7405 7375 7363
f 7363 7375 7313
f 7301 7363 7313
f 7285 7257 7239
f 7239 7257 7203
f 7235 7239 7203
f 7399 7347 7343
f 7343 7347 7271
f 7265 7271 7185
f 7181 7185 7091
f 7087 7091 7009
f 7005 7009 6815
f 6801 7005 6815
f 7343 7339 7397
f 7339 7333 7391
f 7333 7325 7381
f 7325 7313 7375
f 7301 7287 7349
f 7287 7269 7331
f 7269 7251 7319
f 7183 7171 7237
f 7237 7171 7213
f 7203 7213 7153
f 7297 7273 7347
f 7347 7273 7271
f 7271 7273 7189
f 7185 7189 7101
f 7091 7101 7011
f 7009 7011 6829
f 6815 6829 6515
f 6501 6815 6515
f 7271 7265 7343
f 7265 7261 7339
f 7261 7253 7333
f 7253 7241 7325
f 7229 7215 7301
f 7215 7207 7287
f 7207 7195 7269
f 7251 7195 7183
f 7183 7195 7115
f 7105 7115 7043
f 7031 7043 6929
f 6943 7031 6929
f 7231 7191 7273
f 7273 7191 7189
f 7189 7191 7103
f 7101 7103 7015
f 7011 7015 6855
f 6829 6855 6525
f 6515 6525 6263
f 6253 6515 6263
f 7189 7185 7271
f 7185 7181 7265
f 7181 7173 7261
f 7173 7163 7253
f 7155 7147 7229
f 7147 7137 7215
f 7137 7127 7207
f 7195 7127 7115
f 7115 7127 7049
f 7043 7049 6949
f 6929 6949 6663
f 6755 6929 6663
f 7115 7105 7183
f 7165 7107 7191
f 7191 7107 7103
f 7103 7107 7021
f 7015 7021 6867
f 6855 6867 6529
f 6525 6529 6273
f 6263 6273 6003
f 5993 6263 6003
f 7103 7101 7189
f 7101 7091 7185
f 7091 7087 7181
f 7087 7081 7173
f 7079 7069 7155
f 7069 7067 7147
f 7067 7053 7137
f 7127 7053 7049
f 7049 7053 6957
f 6949 6957 6681
f 6663 6681 6413
f 6553 6663 6413
f 7049 7043 7115
f 7043 7031 7105
f 7093 7025 7107
f 7107 7025 7021
f 7021 7025 6885
f 6867 6885 6539
f 6529 6539 6275
f 6273 6275 6007
f 6003 6007 5613
f 5609 6003 5613
f 7021 7015 7103
f 7015 7011 7101
f 7011 7009 7091
f 7009 7005 7087
f 6995 6989 7079
f 6989 6981 7069
f 6981 6973 7067
f 7053 6973 6957
f 6957 6973 6719
f 6681 6719 6425
f 6413 6425 6191
f 6347 6413 6191
f 6957 6949 7049
f 6949 6929 7043
f 7025 6889 6885
f 6885 6889 6545
f 6539 6545 6277
f 6275 6277 6015
f 6007 6015 5615
f 5613 5615 5317
f 5315 5613 5317
f 6885 6867 7021
f 6867 6855 7015
f 6855 6829 7011
f 6829 6815 7009
f 6801 6775 6995
f 6775 6759 6989
f 6759 6735 6981
f 6719 6681 6957
f 6681 6663 6949
f 6549 6545 6889
f 6545 6539 6885
f 6539 6529 6867
f 6529 6525 6855
f 6525 6515 6829
f 6501 6475 6801
f 6475 6463 6775
f 6463 6451 6759
f 6425 6413 6681
f 6425 6437 6199
f 6289 6287 6549
f 6287 6277 6545
f 6277 6275 6539
f 6275 6273 6529
f 6273 6263 6525
f 6253 6241 6501
f 6241 6223 6475
f 6223 6213 6463
f 5965 5953 6209
f 6209 5953 6199
f 6191 6199 5945
f 6065 6027 6289
f 6289 6027 6021
f 6021 6027 5631
f 5625 6021 5631
f 6021 6019 6287
f 6019 6015 6277
f 6015 6007 6275
f 6007 6003 6273
f 5993 5991 6253
f 5991 5979 6241
f 5979 5973 6223
f 6213 5973 5965
f 5965 5973 5591
f 5585 5591 5305
f 5301 5305 5187
f 5301 5585 5305
f 5767 5633 6027
f 6027 5633 5631
f 5625 5621 6019
f 5621 5615 6015
f 5615 5613 6007
f 5609 5603 5993
f 5603 5601 5991
f 5601 5593 5979
f 5973 5593 5591
f 5591 5593 5307
f 5305 5307 5185
f 5305 5591 5307
f 5591 5585 5965
f 5167 5323 5327
f 5327 5323 5631
f 5321 5319 5621
f 5319 5317 5615
f 5315 5313 5609
f 5313 5311 5603
f 5311 5309 5601
f 5183 5307 5309
f 5309 5307 5593
f 1 3 5
f 5 3 6
f 10 5 6
f 10 9 5
f 10 16 9
f 9 16 15
f 15 16 24
f 23 24 34
f 33 34 41
f 33 23 34
f 34 42 41
f 41 42 56
f 55 56 62
f 61 62 78
f 77 78 88
f 87 88 105
f 87 77 88
f 88 106 105
f 105 106 118
f 117 118 132
f 131 132 152
f 151 152 166
f 165 166 177
f 165 151 166
f 166 178 177
f 151 131 152
f 131 117 132
f 117 105 118
f 77 61 78
f 61 55 62
f 55 41 56
f 23 15 24
f 7259 7260 7275
f 7275 7260 7276
f 7292 7275 7276
f 7292 7291 7275
f 7292 7310 7291
f 7291 7310 7309
f 7309 7310 7324
f 7323 7324 7336
f 7335 7336 7353
f 7335 7323 7336
f 7336 7354 7353
f 7353 7354 7368
f 7367 7368 7380
f 7379 7380 7390
f 7389 7390 7404
f 7403 7404 7409
f 7403 7389 7404
f 7404 7410 7409
f 7409 7410 7420
f 7419 7420 7428
f 7427 7428 7436
f 7435 7436 7440
f 7439 7440 7441
f 7439 7435 7440
f 7440 7443 7441
f 7435 7427 7436
f 7427 7419 7428
f 7419 7409 7420
f 7389 7379 7390
f 7379 7367 7380
f 7367 7353 7368
f 7323 7309 7324
f 1991 2309 2008
f 1727 2008 1624
f 1415 1624 1306
f 1199 1306 1064
f 1009 1064 782
f 763 782 511
f 763 1009 782
f 2306 2010 2308
f 2306 2304 2010
f 2010 2304 2012
f 1628 2012 1630
f 1308 1630 1312
f 1066 1312 1070
f 784 1070 788
f 482 788 486
f 382 486 386
f 298 386 304
f 214 304 218
f 130 218 134
f 70 134 74
f 30 74 36
f 10 36 16
f 10 30 36
f 10 6 30
f 30 6 26
f 70 26 66
f 130 66 124
f 214 124 212
f 298 212 296
f 382 296 380
f 482 380 480
f 784 480 782
f 1066 782 1064
f 1308 1064 1306
f 1628 1306 1624
f 2010 1624 2008
f 2308 2008 2309
f 2308 2010 2008
f 2304 2303 2012
f 2012 2303 2014
f 1630 2014 1632
f 1312 1632 1318
f 1070 1318 1076
f 788 1076 800
f 486 800 490
f 386 490 390
f 304 390 306
f 218 306 228
f 134 228 140
f 74 140 82
f 36 82 40
f 24 40 34
f 24 36 40
f 24 16 36
f 2303 2301 2014
f 2014 2301 2016
f 1632 2016 1642
f 1318 1642 1320
f 1076 1320 1082
f 800 1082 806
f 490 806 496
f 390 496 394
f 306 394 312
f 228 312 232
f 140 232 156
f 82 156 90
f 40 90 54
f 34 54 42
f 34 40 54
f 2301 2299 2016
f 2016 2299 2018
f 1642 2018 1646
f 1320 1646 1324
f 1082 1324 1090
f 806 1090 814
f 496 814 508
f 394 508 398
f 312 398 318
f 232 318 238
f 156 238 158
f 90 158 104
f 54 104 64
f 42 64 56
f 42 54 64
f 2299 2298 2018
f 2018 2298 2296
f 2022 2296 2294
f 2026 2294 2293
f 2032 2293 2291
f 2034 2291 2289
f 2288 2034 2289
f 2288 2036 2034
f 2288 2286 2036
f 2036 2286 2040
f 1706 2040 1720
f 1364 1720 1382
f 1150 1382 1156
f 894 1156 916
f 566 916 616
f 438 616 450
f 364 450 372
f 292 372 308
f 234 308 248
f 182 248 198
f 150 198 168
f 152 168 166
f 152 150 168
f 152 132 150
f 150 132 118
f 126 118 106
f 110 106 88
f 98 88 78
f 80 78 62
f 56 80 62
f 56 64 80
f 80 64 114
f 128 114 190
f 200 190 268
f 284 268 356
f 364 356 438
f 450 364 438
f 2286 2284 2040
f 2040 2284 2042
f 1720 2042 1734
f 1382 1734 1388
f 1156 1388 1168
f 916 1168 942
f 616 942 654
f 450 654 458
f 372 458 384
f 308 384 324
f 248 324 262
f 198 262 224
f 168 224 186
f 166 186 188
f 178 166 188
f 2284 2283 2042
f 2042 2283 2028
f 1782 2042 2028
f 1782 1734 2042
f 1782 1488 1734
f 1734 1488 1388
f 1388 1488 1282
f 1168 1282 1128
f 942 1128 930
f 708 942 930
f 708 654 942
f 708 506 654
f 654 506 458
f 458 506 422
f 384 422 370
f 324 370 326
f 276 324 326
f 276 262 324
f 276 240 262
f 262 240 224
f 224 240 204
f 186 204 188
f 186 224 204
f 3 19 6
f 6 19 26
f 26 19 47
f 66 47 85
f 124 85 143
f 212 143 207
f 279 212 207
f 279 296 212
f 279 349 296
f 296 349 380
f 380 349 407
f 480 407 511
f 782 480 511
f 1009 1199 1064
f 1199 1415 1306
f 1415 1727 1624
f 1727 1991 2008
f 2040 2042 1720
f 2040 1706 2036
f 2036 1706 1688
f 2034 1688 1674
f 2032 1674 1664
f 2026 1664 1656
f 2022 1656 1646
f 2018 2022 1646
f 2018 2296 2022
f 1674 2032 2034
f 2034 2032 2291
f 2034 2036 1688
f 1664 2026 2032
f 2032 2026 2293
f 1656 2022 2026
f 2026 2022 2294
f 2016 2018 1642
f 2014 2016 1632
f 2012 2014 1630
f 1624 2010 1628
f 1628 2010 2012
f 1720 1734 1382
f 1720 1364 1706
f 1706 1364 1354
f 1688 1354 1346
f 1674 1346 1340
f 1664 1340 1336
f 1656 1336 1324
f 1646 1656 1324
f 1688 1706 1354
f 1674 1688 1346
f 1664 1674 1340
f 1656 1664 1336
f 1642 1646 1320
f 1632 1642 1318
f 1630 1632 1312
f 1306 1628 1308
f 1308 1628 1630
f 1382 1388 1156
f 1382 1150 1364
f 1364 1150 1140
f 1354 1140 1130
f 1346 1130 1118
f 1340 1118 1094
f 1336 1094 1090
f 1324 1336 1090
f 1354 1364 1140
f 1346 1354 1130
f 1340 1346 1118
f 1336 1340 1094
f 1320 1324 1082
f 1318 1320 1076
f 1312 1318 1070
f 1064 1308 1066
f 1066 1308 1312
f 1156 1168 916
f 1156 894 1150
f 1150 894 876
f 1140 876 854
f 1130 854 836
f 1118 836 824
f 1094 824 814
f 1090 1094 814
f 1140 1150 876
f 1130 1140 854
f 1118 1130 836
f 1094 1118 824
f 1082 1090 806
f 1076 1082 800
f 1070 1076 788
f 782 1066 784
f 784 1066 1070
f 1168 1388 1282
f 916 942 616
f 916 566 894
f 894 566 552
f 876 552 536
f 854 536 528
f 836 528 516
f 824 516 508
f 814 824 508
f 876 894 552
f 854 876 536
f 836 854 528
f 824 836 516
f 806 814 496
f 800 806 490
f 788 800 486
f 480 784 482
f 482 784 788
f 942 1168 1128
f 616 654 450
f 616 438 566
f 566 438 426
f 552 426 414
f 536 414 404
f 528 404 402
f 516 402 398
f 508 516 398
f 552 566 426
f 536 552 414
f 528 536 404
f 516 528 402
f 496 508 394
f 490 496 390
f 486 490 386
f 380 482 382
f 382 482 486
f 450 458 372
f 438 356 426
f 426 356 346
f 414 346 336
f 404 336 332
f 402 332 318
f 398 402 318
f 414 426 346
f 404 414 336
f 402 404 332
f 394 398 312
f 390 394 306
f 386 390 304
f 296 382 298
f 298 382 386
f 480 380 407
f 372 384 308
f 372 292 364
f 364 292 284
f 356 364 284
f 356 268 346
f 346 268 258
f 336 258 246
f 332 246 238
f 318 332 238
f 336 346 258
f 332 336 246
f 312 318 232
f 306 312 228
f 304 306 218
f 212 298 214
f 214 298 304
f 384 458 422
f 308 324 248
f 308 234 292
f 292 234 226
f 284 226 200
f 268 284 200
f 284 292 226
f 268 190 258
f 258 190 176
f 246 176 158
f 238 246 158
f 246 258 176
f 232 238 156
f 228 232 140
f 218 228 134
f 124 214 130
f 130 214 218
f 324 384 370
f 248 262 198
f 248 182 234
f 234 182 164
f 226 164 148
f 200 148 128
f 190 200 128
f 226 234 164
f 200 226 148
f 190 114 176
f 176 114 104
f 158 176 104
f 156 158 90
f 140 156 82
f 134 140 74
f 66 130 70
f 70 130 134
f 212 124 143
f 198 224 168
f 198 150 182
f 182 150 126
f 164 126 110
f 148 110 98
f 128 98 80
f 114 128 80
f 164 182 126
f 148 164 110
f 128 148 98
f 104 114 64
f 90 104 54
f 82 90 40
f 74 82 36
f 26 70 30
f 30 70 74
f 124 66 85
f 168 186 166
f 126 150 118
f 110 126 106
f 98 110 88
f 80 98 78
f 66 26 47
f 5466 5239 5302
f 5578 5302 5306
f 5586 5306 5308
f 5592 5308 5310
f 5594 5310 5312
f 5602 5312 5314
f 5604 5314 5316
f 5610 5316 5318
f 5614 5318 5320
f 5616 5320 5322
f 5622 5322 5324
f 5626 5324 5328
f 5632 5328 5330
f 5634 5330 5495
f 5769 5634 5495
f 5769 6028 5634
f 5769 6067 6028
f 6028 6067 6290
f 6288 6290 6546
f 6540 6546 6868
f 6856 6868 7012
f 7010 7012 7088
f 7082 7088 7164
f 7158 7164 7230
f 7216 7230 7288
f 7270 7288 7320
f 7294 7320 7322
f 7304 7322 7310
f 7292 7304 7310
f 7292 7286 7304
f 7292 7276 7286
f 7286 7276 7264
f 7258 7264 7240
f 7214 7240 7204
f 7172 7204 7154
f 7106 7154 7090
f 7044 7090 7032
f 6950 7032 6930
f 6682 6930 6664
f 6426 6664 6414
f 6200 6414 6192
f 5956 6192 5946
f 5586 5946 5578
f 5306 5586 5578
f 5245 5310 5244
f 5245 5247 5310
f 5310 5247 5312
f 5312 5247 5249
f 5314 5249 5250
f 5316 5250 5252
f 5318 5252 5254
f 5255 5318 5254
f 5255 5320 5318
f 5255 5257 5320
f 5320 5257 5322
f 5322 5257 5259
f 5324 5259 5260
f 5262 5324 5260
f 5262 5328 5324
f 5262 5264 5328
f 5328 5264 5330
f 5330 5264 5265
f 5495 5330 5265
f 5244 5308 5242
f 5244 5310 5308
f 6067 6269 6290
f 6290 6269 6457
f 6550 6457 6699
f 6890 6699 6939
f 7026 6939 7039
f 7108 7039 7095
f 7167 7108 7095
f 7167 7192 7108
f 7167 7233 7192
f 7192 7233 7274
f 7272 7274 7344
f 7340 7344 7392
f 7382 7392 7412
f 7406 7412 7410
f 7404 7406 7410
f 7404 7386 7406
f 7404 7390 7386
f 7386 7390 7380
f 7374 7380 7368
f 7360 7368 7354
f 7338 7354 7336
f 7322 7336 7324
f 7310 7322 7324
f 7233 7299 7274
f 7274 7299 7348
f 7344 7348 7398
f 7392 7398 7422
f 7412 7422 7420
f 7410 7412 7420
f 7299 7357 7348
f 7348 7357 7400
f 7398 7400 7432
f 7422 7432 7428
f 7420 7422 7428
f 7357 7395 7400
f 7400 7395 7425
f 7434 7425 7443
f 7440 7434 7443
f 7440 7432 7434
f 7440 7436 7432
f 7432 7436 7428
f 7276 7260 7264
f 7264 7260 7256
f 7240 7256 7236
f 7206 7240 7236
f 7206 7204 7240
f 7206 7170 7204
f 7204 7170 7154
f 7154 7170 7122
f 7090 7122 7072
f 7032 7072 7024
f 6944 7032 7024
f 6944 6930 7032
f 6944 6756 6930
f 6930 6756 6664
f 6664 6756 6554
f 6414 6554 6348
f 6192 6348 6184
f 5982 6192 6184
f 5982 5946 6192
f 5982 5708 5946
f 5946 5708 5578
f 5578 5708 5466
f 5302 5578 5466
f 5324 5322 5259
f 5318 5316 5252
f 5316 5314 5250
f 5314 5312 5249
f 5240 5242 5306
f 5302 5240 5306
f 5302 5239 5240
f 5242 5308 5306
f 5330 5634 5632
f 5632 5634 6022
f 6020 6022 6278
f 6276 6278 6530
f 6526 6530 6830
f 6816 6830 7006
f 6996 7006 7080
f 7070 7080 7148
f 7138 7148 7208
f 7196 7208 7252
f 7238 7252 7282
f 7258 7282 7286
f 7264 7258 7286
f 5328 5632 5626
f 5626 5632 6020
f 6016 6020 6276
f 6274 6276 6526
f 6516 6526 6816
f 6802 6816 6996
f 6990 6996 7070
f 7068 7070 7138
f 7128 7138 7196
f 7184 7196 7238
f 7214 7238 7258
f 7240 7214 7258
f 5324 5626 5622
f 5622 5626 6016
f 6008 6016 6274
f 6264 6274 6516
f 6502 6516 6802
f 6776 6802 6990
f 6982 6990 7068
f 7054 7068 7128
f 7116 7128 7184
f 7172 7184 7214
f 7204 7172 7214
f 5322 5622 5616
f 5616 5622 6008
f 6004 6008 6264
f 6254 6264 6502
f 6476 6502 6776
f 6760 6776 6982
f 6974 6982 7054
f 7050 7054 7116
f 7106 7116 7172
f 7154 7106 7172
f 5320 5616 5614
f 5614 5616 6004
f 5994 6004 6254
f 6242 6254 6476
f 6464 6476 6760
f 6736 6760 6974
f 6958 6974 7050
f 7044 7050 7106
f 7090 7044 7106
f 5318 5614 5610
f 5610 5614 5994
f 5992 5994 6242
f 6224 6242 6464
f 6452 6464 6736
f 6720 6736 6958
f 6950 6958 7044
f 7032 6950 7044
f 5316 5610 5604
f 5604 5610 5992
f 5980 5992 6224
f 6214 6224 6452
f 6438 6452 6720
f 6682 6720 6950
f 6930 6682 6950
f 5314 5604 5602
f 5602 5604 5980
f 5974 5980 6214
f 6210 6214 6438
f 6426 6438 6682
f 6664 6426 6682
f 5312 5602 5594
f 5594 5602 5974
f 5966 5974 6210
f 6200 6210 6426
f 6414 6200 6426
f 5310 5594 5592
f 5592 5594 5966
f 5956 5966 6200
f 6192 5956 6200
f 5308 5592 5586
f 5586 5592 5956
f 5946 5586 5956
f 5634 6028 6022
f 6022 6028 6288
f 6278 6288 6540
f 6530 6540 6856
f 6830 6856 7010
f 7006 7010 7082
f 7080 7082 7158
f 7148 7158 7216
f 7208 7216 7270
f 7252 7270 7294
f 7282 7294 7304
f 7286 7282 7304
f 6022 6020 5632
f 6020 6016 5626
f 6016 6008 5622
f 6008 6004 5616
f 6004 5994 5614
f 5994 5992 5610
f 5992 5980 5604
f 5980 5974 5602
f 5974 5966 5594
f 5966 5956 5592
f 6290 6288 6028
f 6288 6278 6022
f 6278 6276 6020
f 6276 6274 6016
f 6274 6264 6008
f 6264 6254 6004
f 6254 6242 5994
f 6242 6224 5992
f 6224 6214 5980
f 6214 6210 5974
f 6210 6200 5966
f 6457 6550 6290
f 6290 6550 6546
f 6546 6550 6886
f 6868 6886 7016
f 7012 7016 7092
f 7088 7092 7174
f 7164 7174 7242
f 7230 7242 7302
f 7288 7302 7332
f 7320 7332 7338
f 7322 7338 7336
f 7322 7320 7338
f 6546 6540 6288
f 6540 6530 6278
f 6530 6526 6276
f 6526 6516 6274
f 6516 6502 6264
f 6502 6476 6254
f 6476 6464 6242
f 6464 6452 6224
f 6452 6438 6214
f 6438 6426 6210
f 6192 6414 6348
f 6699 6890 6550
f 6550 6890 6886
f 6886 6890 7022
f 7016 7022 7102
f 7092 7102 7182
f 7174 7182 7254
f 7242 7254 7314
f 7302 7314 7350
f 7332 7350 7360
f 7338 7360 7354
f 7338 7332 7360
f 6886 6868 6546
f 6868 6856 6540
f 6856 6830 6530
f 6830 6816 6526
f 6816 6802 6516
f 6802 6776 6502
f 6776 6760 6476
f 6760 6736 6464
f 6736 6720 6452
f 6720 6682 6438
f 6414 6664 6554
f 6939 7026 6890
f 6890 7026 7022
f 7022 7026 7104
f 7102 7104 7186
f 7182 7186 7262
f 7254 7262 7326
f 7314 7326 7364
f 7350 7364 7374
f 7360 7374 7368
f 7360 7350 7374
f 7022 7016 6886
f 7016 7012 6868
f 7012 7010 6856
f 7010 7006 6830
f 7006 6996 6816
f 6996 6990 6802
f 6990 6982 6776
f 6982 6974 6760
f 6974 6958 6736
f 6958 6950 6720
f 7039 7108 7026
f 7026 7108 7104
f 7104 7108 7190
f 7186 7190 7266
f 7262 7266 7334
f 7326 7334 7376
f 7364 7376 7386
f 7374 7386 7380
f 7374 7364 7386
f 7104 7102 7022
f 7102 7092 7016
f 7092 7088 7012
f 7088 7082 7010
f 7082 7080 7006
f 7080 7070 6996
f 7070 7068 6990
f 7068 7054 6982
f 7054 7050 6974
f 7050 7044 6958
f 7108 7192 7190
f 7190 7192 7272
f 7266 7272 7340
f 7334 7340 7382
f 7376 7382 7406
f 7386 7376 7406
f 7190 7186 7104
f 7186 7182 7102
f 7182 7174 7092
f 7174 7164 7088
f 7164 7158 7082
f 7158 7148 7080
f 7148 7138 7070
f 7138 7128 7068
f 7128 7116 7054
f 7116 7106 7050
f 7032 7090 7072
f 7274 7272 7192
f 7272 7266 7190
f 7266 7262 7186
f 7262 7254 7182
f 7254 7242 7174
f 7242 7230 7164
f 7230 7216 7158
f 7216 7208 7148
f 7208 7196 7138
f 7196 7184 7128
f 7184 7172 7116
f 7090 7154 7122
f 7348 7344 7274
f 7344 7340 7272
f 7340 7334 7266
f 7334 7326 7262
f 7326 7314 7254
f 7314 7302 7242
f 7302 7288 7230
f 7288 7270 7216
f 7270 7252 7208
f 7252 7238 7196
f 7238 7214 7184
f 7400 7398 7348
f 7398 7392 7344
f 7392 7382 7340
f 7382 7376 7334
f 7376 7364 7326
f 7364 7350 7314
f 7350 7332 7302
f 7332 7320 7288
f 7320 7294 7270
f 7294 7282 7252
f 7282 7258 7238
f 7425 7434 7400
f 7400 7434 7432
f 7432 7422 7398
f 7422 7412 7392
f 7412 7406 7382
f 7322 7304 7294
f 7240 7264 7256
f 5239 2283 5240
f 5240 2283 2284
f 2286 5240 2284
f 2286 5242 5240
f 2286 2288 5242
f 5242 2288 5244
f 5244 2288 2289
f 5245 2289 2291
f 5247 2291 5249
f 5247 5245 2291
f 2291 2293 5249
f 5249 2293 2294
f 5250 2294 2296
f 5252 2296 2298
f 5254 2298 2299
f 5255 2299 5257
f 5255 5254 2299
f 2299 2301 5257
f 5257 2301 2303
f 5259 2303 2304
f 5260 2304 2306
f 5262 2306 2308
f 5264 2308 5265
f 5264 5262 2308
f 2308 2309 5265
f 5262 5260 2306
f 5260 5259 2304
f 5259 5257 2303
f 5254 5252 2298
f 5252 5250 2296
f 5250 5249 2294
f 5245 5244 2289
f 2310 2309 1992
f 1992 2309 1991
f 1727 1992 1991
f 1727 1728 1992
f 1727 1415 1728
f 1728 1415 1416
f 1416 1415 1199
f 1200 1199 1009
f 1010 1009 764
f 1010 1200 1009
f 1009 763 764
f 764 763 511
f 512 511 407
f 408 407 349
f 350 349 279
f 280 279 208
f 280 350 279
f 279 207 208
f 208 207 143
f 144 143 85
f 86 85 47
f 48 47 19
f 20 19 4
f 20 48 19
f 19 3 4
f 48 86 47
f 86 144 85
f 144 208 143
f 350 408 349
f 408 512 407
f 512 764 511
f 1200 1416 1199
f 3 1 4
f 4 1 2
f 2 1 18
f 18 1 17
f 45 18 17
f 45 46 18
f 45 83 46
f 46 83 84
f 84 83 141
f 142 141 205
f 206 205 278
f 206 142 205
f 205 277 278
f 278 277 347
f 348 347 405
f 406 405 509
f 510 509 761
f 762 761 1008
f 762 510 761
f 761 1007 1008
f 1008 1007 1197
f 1198 1197 1413
f 1414 1413 1725
f 1726 1725 1989
f 1990 1989 2206
f 1990 1726 1989
f 1989 2205 2206
f 1726 1414 1725
f 1414 1198 1413
f 1198 1008 1197
f 510 406 509
f 406 348 405
f 348 278 347
f 142 84 141
f 2205 5161 2206
f 2206 5161 5162
f 4765 4770 4767
f 4759 4767 4761
f 4753 4761 4751
f 4631 4751 4625
f 4617 4625 4615
f 4607 4615 4603
f 4595 4603 4591
f 4575 4591 4585
f 4573 4575 4585
f 4573 4565 4575
f 4575 4565 4567
f 4571 4567 4553
f 4561 4553 4541
f 4545 4541 4523
f 4527 4523 4501
f 4505 4501 4481
f 4483 4481 4463
f 4471 4463 4453
f 4471 4483 4463
f 4471 4493 4483
f 4483 4493 4509
f 4505 4509 4531
f 4527 4531 4551
f 4545 4551 4569
f 4561 4569 4587
f 4571 4587 4595
f 4575 4595 4591
f 4575 4571 4595
f 4575 4567 4571
f 4627 4625 4749
f 4627 4619 4625
f 4625 4619 4615
f 4615 4619 4609
f 4603 4609 4597
f 4591 4597 4589
f 4585 4591 4589
f 4749 4751 4755
f 4749 4625 4751
f 4565 4549 4567
f 4567 4549 4547
f 4553 4547 4535
f 4541 4535 4517
f 4523 4517 4499
f 4501 4499 4479
f 4481 4479 4459
f 4463 4459 4439
f 4453 4439 4435
f 4453 4463 4439
f 4549 4539 4547
f 4547 4539 4529
f 4535 4529 4515
f 4517 4515 4497
f 4499 4497 4477
f 4479 4477 4457
f 4459 4457 4437
f 4439 4437 4401
f 4407 4401 4377
f 4407 4439 4401
f 4407 4435 4439
f 4539 4521 4529
f 4529 4521 4511
f 4515 4511 4495
f 4497 4495 4473
f 4477 4473 4455
f 4457 4455 4433
f 4437 4433 4399
f 4401 4399 4367
f 4377 4367 4349
f 4377 4401 4367
f 4521 4507 4511
f 4511 4507 4491
f 4489 4491 4475
f 4467 4475 4461
f 4443 4461 4441
f 4423 4441 4421
f 4391 4423 4421
f 4391 4383 4423
f 4391 4371 4383
f 4383 4371 4353
f 4355 4353 4327
f 4329 4327 4315
f 4316 4329 4315
f 4316 4331 4329
f 4316 4317 4331
f 4331 4317 4319
f 4333 4319 4320
f 4335 4320 4321
f 4337 4321 4322
f 4349 4337 4322
f 4349 4367 4337
f 4337 4367 4365
f 4335 4365 4361
f 4333 4361 4359
f 4331 4359 4357
f 4329 4357 4355
f 4327 4329 4355
f 4371 4343 4353
f 4353 4343 4325
f 4327 4325 4314
f 4315 4327 4314
f 4343 4313 4325
f 4325 4313 4314
f 4493 4513 4509
f 4509 4513 4537
f 4531 4537 4557
f 4551 4557 4577
f 4569 4577 4599
f 4587 4599 4607
f 4595 4607 4603
f 4595 4587 4607
f 4513 4533 4537
f 4537 4533 4555
f 4563 4555 4581
f 4601 4581 4613
f 4633 4613 4747
f 4759 4747 4757
f 4765 4759 4757
f 4765 4767 4759
f 4591 4603 4597
f 4603 4615 4609
f 4763 4755 4761
f 4767 4763 4761
f 4767 4770 4763
f 4755 4751 4761
f 4615 4607 4617
f 4617 4607 4599
f 4611 4599 4577
f 4593 4577 4557
f 4563 4557 4537
f 4555 4563 4537
f 4625 4617 4631
f 4631 4617 4611
f 4623 4611 4593
f 4601 4593 4563
f 4581 4601 4563
f 4751 4631 4753
f 4753 4631 4623
f 4633 4623 4601
f 4613 4633 4601
f 4761 4753 4759
f 4759 4753 4633
f 4747 4759 4633
f 4553 4561 4571
f 4571 4561 4587
f 4599 4611 4617
f 4599 4587 4569
f 4611 4623 4631
f 4623 4633 4753
f 4547 4553 4567
f 4541 4545 4561
f 4561 4545 4569
f 4577 4593 4611
f 4577 4569 4551
f 4593 4601 4623
f 4529 4535 4547
f 4535 4541 4553
f 4523 4527 4545
f 4545 4527 4551
f 4557 4563 4593
f 4557 4551 4531
f 4511 4515 4529
f 4515 4517 4535
f 4517 4523 4541
f 4501 4505 4527
f 4527 4505 4531
f 4537 4531 4509
f 4491 4489 4511
f 4511 4489 4495
f 4495 4489 4469
f 4473 4469 4451
f 4455 4451 4431
f 4433 4431 4397
f 4399 4397 4365
f 4367 4399 4365
f 4495 4497 4515
f 4497 4499 4517
f 4499 4501 4523
f 4481 4483 4505
f 4505 4483 4509
f 4475 4467 4489
f 4489 4467 4469
f 4469 4467 4447
f 4451 4447 4427
f 4431 4427 4393
f 4397 4393 4361
f 4365 4397 4361
f 4469 4473 4495
f 4473 4477 4497
f 4477 4479 4499
f 4479 4481 4501
f 4461 4443 4467
f 4467 4443 4447
f 4447 4443 4425
f 4427 4425 4389
f 4393 4389 4359
f 4361 4393 4359
f 4447 4451 4469
f 4451 4455 4473
f 4455 4457 4477
f 4457 4459 4479
f 4459 4463 4481
f 4441 4423 4443
f 4443 4423 4425
f 4425 4423 4387
f 4389 4387 4357
f 4359 4389 4357
f 4425 4427 4447
f 4427 4431 4451
f 4431 4433 4455
f 4433 4437 4457
f 4437 4439 4459
f 4423 4383 4387
f 4387 4383 4355
f 4357 4387 4355
f 4387 4389 4425
f 4389 4393 4427
f 4393 4397 4431
f 4397 4399 4433
f 4399 4401 4437
f 4353 4355 4383
f 4325 4327 4353
f 4329 4331 4357
f 4319 4333 4331
f 4331 4333 4359
f 4320 4335 4333
f 4333 4335 4361
f 4321 4337 4335
f 4335 4337 4365
f 4768 4762 4769
f 4769 4762 4763
f 4770 4769 4763
f 4762 4754 4763
f 4763 4754 4755
f 4755 4754 4748
f 4749 4748 4626
f 4627 4626 4618
f 4619 4618 4608
f 4609 4608 4596
f 4597 4596 4589
f 4597 4609 4596
f 4596 4588 4589
f 4609 4619 4608
f 4619 4627 4618
f 4627 4749 4626
f 4749 4755 4748
f 4313 3195 4314
f 4314 3195 3196
f 3197 4314 3196
f 3197 4315 4314
f 3197 3198 4315
f 4315 3198 4316
f 4316 3198 3199
f 4317 3199 3201
f 4319 3201 3202
f 4320 3202 3203
f 4321 3203 3752
f 4322 4321 3752
f 3203 3204 3752
f 4321 4320 3203
f 4320 4319 3202
f 4319 4317 3201
f 4317 4316 3199
f 4348 4301 4336
f 4366 4336 4334
f 4364 4334 4332
f 4360 4332 4330
f 4358 4330 4328
f 4356 4328 4326
f 4354 4326 4324
f 4352 4324 4342
f 4370 4352 4342
f 4370 4382 4352
f 4370 4390 4382
f 4382 4390 4422
f 4424 4422 4446
f 4450 4446 4472
f 4476 4472 4498
f 4500 4498 4526
f 4530 4526 4556
f 4562 4556 4600
f 4580 4600 4612
f 4580 4562 4600
f 4580 4554 4562
f 4562 4554 4536
f 4530 4536 4504
f 4500 4504 4478
f 4476 4478 4454
f 4450 4454 4426
f 4424 4426 4386
f 4382 4386 4352
f 4382 4424 4386
f 4382 4422 4424
f 4306 4330 4304
f 4306 4307 4330
f 4330 4307 4328
f 4328 4307 4308
f 4326 4308 4309
f 4324 4309 4310
f 4342 4324 4310
f 4304 4332 4303
f 4304 4330 4332
f 4390 4420 4422
f 4422 4420 4440
f 4442 4440 4460
f 4466 4460 4474
f 4488 4474 4490
f 4510 4490 4506
f 4520 4510 4506
f 4520 4528 4510
f 4520 4538 4528
f 4528 4538 4546
f 4552 4546 4570
f 4586 4570 4606
f 4616 4606 4624
f 4750 4624 4748
f 4754 4750 4748
f 4754 4760 4750
f 4754 4762 4760
f 4760 4762 4766
f 4752 4766 4758
f 4622 4758 4632
f 4592 4632 4600
f 4556 4592 4600
f 4556 4550 4592
f 4556 4526 4550
f 4550 4526 4522
f 4544 4522 4516
f 4540 4516 4514
f 4534 4514 4510
f 4528 4534 4510
f 4528 4552 4534
f 4528 4546 4552
f 4538 4548 4546
f 4546 4548 4566
f 4570 4566 4594
f 4606 4594 4614
f 4624 4614 4618
f 4626 4624 4618
f 4626 4748 4624
f 4548 4564 4566
f 4566 4564 4572
f 4574 4572 4584
f 4590 4584 4588
f 4596 4590 4588
f 4596 4602 4590
f 4596 4608 4602
f 4602 4608 4614
f 4594 4602 4614
f 4594 4574 4602
f 4594 4566 4574
f 4574 4566 4572
f 4608 4618 4614
f 4762 4768 4766
f 4766 4768 4764
f 4758 4764 4756
f 4632 4756 4746
f 4612 4632 4746
f 4612 4600 4632
f 4554 4532 4536
f 4536 4532 4512
f 4508 4512 4492
f 4482 4492 4470
f 4462 4470 4452
f 4438 4452 4434
f 4406 4438 4434
f 4406 4400 4438
f 4406 4376 4400
f 4400 4376 4366
f 4364 4366 4334
f 4364 4400 4366
f 4364 4398 4400
f 4364 4360 4398
f 4364 4332 4360
f 4376 4348 4366
f 4366 4348 4336
f 4324 4326 4309
f 4326 4328 4308
f 4302 4303 4334
f 4336 4302 4334
f 4336 4301 4302
f 4303 4332 4334
f 4324 4352 4354
f 4354 4352 4386
f 4388 4386 4426
f 4430 4426 4454
f 4456 4454 4478
f 4480 4478 4504
f 4508 4504 4536
f 4512 4508 4536
f 4326 4354 4356
f 4356 4354 4388
f 4392 4388 4430
f 4432 4430 4456
f 4458 4456 4480
f 4482 4480 4508
f 4492 4482 4508
f 4328 4356 4358
f 4358 4356 4392
f 4396 4392 4432
f 4436 4432 4458
f 4462 4458 4482
f 4470 4462 4482
f 4330 4358 4360
f 4360 4358 4396
f 4398 4396 4436
f 4438 4436 4462
f 4452 4438 4462
f 4386 4388 4354
f 4388 4392 4356
f 4392 4396 4358
f 4396 4398 4360
f 4436 4438 4398
f 4398 4438 4400
f 4426 4430 4388
f 4446 4450 4424
f 4424 4450 4426
f 4430 4432 4392
f 4432 4436 4396
f 4440 4442 4422
f 4422 4442 4446
f 4446 4442 4468
f 4472 4468 4496
f 4498 4496 4522
f 4526 4498 4522
f 4454 4456 4430
f 4472 4476 4450
f 4450 4476 4454
f 4456 4458 4432
f 4458 4462 4436
f 4460 4466 4442
f 4442 4466 4468
f 4468 4466 4494
f 4496 4494 4516
f 4522 4496 4516
f 4468 4472 4446
f 4478 4480 4456
f 4498 4500 4476
f 4476 4500 4478
f 4480 4482 4458
f 4474 4488 4466
f 4466 4488 4494
f 4494 4488 4514
f 4516 4494 4514
f 4494 4496 4468
f 4496 4498 4472
f 4504 4508 4480
f 4526 4530 4500
f 4500 4530 4504
f 4490 4510 4488
f 4488 4510 4514
f 4556 4562 4530
f 4530 4562 4536
f 4514 4534 4540
f 4540 4534 4560
f 4568 4560 4598
f 4610 4598 4630
f 4752 4630 4760
f 4766 4752 4760
f 4516 4540 4544
f 4544 4540 4568
f 4576 4568 4610
f 4622 4610 4752
f 4758 4622 4752
f 4522 4544 4550
f 4550 4544 4576
f 4592 4576 4622
f 4632 4592 4622
f 4534 4552 4560
f 4560 4552 4586
f 4598 4586 4616
f 4630 4616 4750
f 4760 4630 4750
f 4560 4568 4540
f 4568 4576 4544
f 4576 4592 4550
f 4566 4570 4546
f 4570 4586 4552
f 4586 4598 4560
f 4598 4610 4568
f 4610 4622 4576
f 4594 4606 4570
f 4606 4616 4586
f 4616 4630 4598
f 4630 4752 4610
f 4632 4758 4756
f 4584 4590 4574
f 4574 4590 4602
f 4614 4624 4606
f 4624 4750 4616
f 4758 4766 4764
f 2921 2915 2929
f 2929 2915 2923
f 2939 2923 2945
f 2951 2945 2957
f 2963 2957 2975
f 2977 2975 2989
f 2977 2963 2975
f 2923 2915 2913
f 2945 2913 2927
f 2957 2927 2949
f 2975 2949 2967
f 2995 2967 2987
f 3013 2987 3011
f 3035 3011 3033
f 3057 3033 3053
f 3079 3053 3077
f 3109 3077 3107
f 3143 3107 3139
f 3177 3139 3175
f 3196 3175 3197
f 3196 3177 3175
f 3196 3195 3177
f 3177 3195 3171
f 3149 3177 3171
f 3149 3143 3177
f 3149 3121 3143
f 3143 3121 3109
f 3107 3143 3109
f 2897 2901 2907
f 2897 2889 2901
f 2901 2889 2891
f 2917 2891 2905
f 2941 2905 2925
f 2961 2925 2955
f 2983 2955 2979
f 3005 2979 3003
f 3029 3003 3025
f 3051 3025 3049
f 3075 3049 3071
f 3103 3071 3097
f 3137 3097 3133
f 3173 3133 3169
f 3198 3169 3199
f 3198 3173 3169
f 3198 3197 3173
f 3173 3197 3175
f 3137 3175 3139
f 3103 3139 3107
f 3075 3107 3077
f 3051 3077 3053
f 3029 3053 3033
f 3005 3033 3011
f 2983 3011 2987
f 2961 2987 2967
f 2941 2967 2949
f 2917 2949 2927
f 2901 2927 2913
f 2907 2913 2915
f 2907 2901 2913
f 2889 2767 2891
f 2891 2767 2769
f 2905 2769 2893
f 2925 2893 2919
f 2955 2919 2947
f 2979 2947 2973
f 3003 2973 2999
f 3025 2999 3021
f 3049 3021 3045
f 3071 3045 3069
f 3097 3069 3091
f 3133 3091 3131
f 3169 3131 3167
f 3201 3167 3202
f 3201 3169 3167
f 3201 3199 3169
f 2767 2763 2769
f 2769 2763 2761
f 2893 2761 2773
f 2919 2773 2909
f 2947 2909 2943
f 2973 2943 2969
f 2999 2969 2997
f 3021 2997 3017
f 3045 3017 3043
f 3069 3043 3067
f 3091 3067 3089
f 3131 3089 3129
f 3167 3129 3165
f 3202 3165 3203
f 3202 3167 3165
f 2763 2733 2761
f 2761 2733 2731
f 2773 2731 2765
f 2909 2765 2899
f 2943 2899 2937
f 2969 2937 2965
f 2997 2965 2991
f 3017 2991 3015
f 3043 3015 3041
f 3067 3041 3065
f 3089 3065 3087
f 3129 3087 3127
f 3165 3127 3163
f 3203 3163 3204
f 3203 3165 3163
f 2717 2729 2733
f 2733 2729 2731
f 2731 2729 2759
f 2765 2759 2771
f 2899 2771 2903
f 2937 2903 2933
f 2959 2937 2933
f 2959 2965 2937
f 2959 2981 2965
f 2965 2981 2991
f 2991 2981 3001
f 3015 3001 3019
f 3041 3019 3039
f 3059 3041 3039
f 3059 3065 3041
f 3059 3081 3065
f 3065 3081 3087
f 3087 3081 3113
f 3127 3113 3141
f 3163 3141 3157
f 3204 3163 3157
f 3121 3085 3109
f 3109 3085 3079
f 3077 3109 3079
f 3085 3073 3079
f 3079 3073 3057
f 3053 3079 3057
f 3073 3055 3057
f 3057 3055 3037
f 3035 3037 3023
f 3013 3023 3007
f 2995 3007 2989
f 2975 2995 2989
f 2975 2967 2995
f 2963 2951 2957
f 2951 2939 2945
f 2939 2929 2923
f 2761 2731 2773
f 2769 2761 2893
f 2891 2769 2905
f 2927 2901 2917
f 2917 2901 2891
f 2923 2913 2945
f 2773 2765 2909
f 2893 2773 2919
f 2905 2893 2925
f 2949 2917 2941
f 2941 2917 2905
f 2945 2927 2957
f 2765 2731 2759
f 2909 2899 2943
f 2919 2909 2947
f 2925 2919 2955
f 2967 2941 2961
f 2961 2941 2925
f 2957 2949 2975
f 2899 2765 2771
f 2943 2937 2969
f 2947 2943 2973
f 2955 2947 2979
f 2987 2961 2983
f 2983 2961 2955
f 2937 2899 2903
f 2969 2965 2997
f 2973 2969 2999
f 2979 2973 3003
f 3011 2983 3005
f 3005 2983 2979
f 3007 2995 3013
f 3013 2995 2987
f 2997 2991 3017
f 2999 2997 3021
f 3003 2999 3025
f 3033 3005 3029
f 3029 3005 3003
f 3023 3013 3035
f 3035 3013 3011
f 3017 3015 3043
f 3021 3017 3045
f 3025 3021 3049
f 3053 3029 3051
f 3051 3029 3025
f 3037 3035 3057
f 3057 3035 3033
f 3015 2991 3001
f 3043 3041 3067
f 3045 3043 3069
f 3049 3045 3071
f 3077 3051 3075
f 3075 3051 3049
f 3041 3015 3019
f 3067 3065 3089
f 3069 3067 3091
f 3071 3069 3097
f 3107 3075 3103
f 3103 3075 3071
f 3089 3087 3129
f 3091 3089 3131
f 3097 3091 3133
f 3139 3103 3137
f 3137 3103 3097
f 3129 3127 3165
f 3131 3129 3167
f 3133 3131 3169
f 3175 3137 3173
f 3173 3137 3133
f 3143 3139 3177
f 3127 3087 3113
f 3163 3127 3141
f 3183 3184 3753
f 3753 3184 4302
f 4301 3753 4302
f 3184 3185 4302
f 4302 3185 4303
f 4303 3185 3186
f 4304 3186 3188
f 4306 3188 3189
f 4307 3189 3190
f 4308 3190 3191
f 4309 3191 4310
f 4309 4308 3191
f 3191 3192 4310
f 4308 4307 3190
f 4307 4306 3189
f 4306 4304 3188
f 4304 4303 3186
f 2921 2920 2915
f 2915 2920 2914
f 2906 2915 2914
f 2906 2907 2915
f 2906 2896 2907
f 2907 2896 2897
f 2897 2896 2888
f 2889 2888 2766
f 2767 2766 2762
f 2763 2762 2732
f 2733 2732 2716
f 2717 2733 2716
f 2732 2715 2716
f 2733 2763 2732
f 2763 2767 2762
f 2767 2889 2766
f 2889 2897 2888
f 3170 3192 3176
f 3148 3176 3142
f 3120 3142 3108
f 3084 3108 3078
f 3072 3078 3056
f 3054 3056 3036
f 3054 3072 3056
f 3188 3168 3189
f 3188 3186 3168
f 3168 3186 3166
f 3132 3166 3130
f 3096 3130 3090
f 3070 3090 3068
f 3048 3068 3044
f 3024 3044 3020
f 3002 3020 2998
f 2978 2998 2972
f 2954 2972 2946
f 2924 2946 2918
f 2904 2918 2892
f 2890 2892 2768
f 2766 2768 2762
f 2766 2890 2768
f 2766 2888 2890
f 2890 2888 2896
f 2900 2896 2906
f 2912 2906 2914
f 2922 2914 2928
f 2938 2922 2928
f 2938 2944 2922
f 2938 2950 2944
f 2944 2950 2956
f 2948 2956 2966
f 2960 2966 2982
f 2978 2982 3002
f 2998 2978 3002
f 3189 3172 3190
f 3189 3168 3172
f 3172 3168 3136
f 3138 3136 3106
f 3108 3106 3078
f 3108 3138 3106
f 3108 3142 3138
f 3138 3142 3174
f 3172 3174 3190
f 3172 3138 3174
f 3172 3136 3138
f 3186 3185 3166
f 3166 3185 3164
f 3130 3164 3128
f 3090 3128 3088
f 3068 3088 3066
f 3044 3066 3042
f 3020 3042 3016
f 2998 3016 2996
f 2972 2996 2968
f 2946 2968 2942
f 2918 2942 2908
f 2892 2908 2772
f 2768 2772 2760
f 2762 2760 2732
f 2762 2768 2760
f 3185 3184 3164
f 3164 3184 3162
f 3128 3162 3126
f 3088 3126 3086
f 3066 3086 3064
f 3042 3064 3040
f 3016 3040 3014
f 2996 3014 2990
f 2968 2990 2964
f 2942 2964 2936
f 2908 2936 2898
f 2772 2898 2764
f 2760 2764 2730
f 2732 2730 2728
f 2715 2732 2728
f 3184 3183 3162
f 3162 3183 3156
f 3140 3162 3156
f 3140 3126 3162
f 3140 3112 3126
f 3126 3112 3086
f 3086 3112 3080
f 3064 3080 3058
f 3040 3058 3038
f 3018 3040 3038
f 3018 3014 3040
f 3018 3000 3014
f 3014 3000 2990
f 2990 3000 2980
f 2964 2980 2958
f 2936 2958 2932
f 2902 2936 2932
f 2902 2898 2936
f 2902 2770 2898
f 2898 2770 2764
f 2764 2770 2758
f 2730 2758 2728
f 2730 2764 2758
f 2914 2920 2928
f 2950 2962 2956
f 2956 2962 2974
f 2966 2974 2986
f 2982 2986 3004
f 3002 3004 3024
f 3020 3002 3024
f 2962 2976 2974
f 2974 2976 2988
f 2994 2988 3006
f 3012 3006 3022
f 3034 3022 3036
f 3056 3034 3036
f 3056 3052 3034
f 3056 3076 3052
f 3056 3078 3076
f 3076 3078 3106
f 3102 3106 3136
f 3132 3136 3168
f 3166 3132 3168
f 3072 3084 3078
f 3084 3120 3108
f 3120 3148 3142
f 3148 3170 3176
f 3164 3162 3128
f 3166 3164 3130
f 3192 3191 3176
f 3176 3191 3174
f 3142 3176 3174
f 3174 3191 3190
f 3128 3126 3088
f 3130 3128 3090
f 3130 3096 3132
f 3132 3096 3102
f 3136 3132 3102
f 3088 3086 3066
f 3090 3088 3068
f 3090 3070 3096
f 3096 3070 3074
f 3102 3074 3076
f 3106 3102 3076
f 3102 3096 3074
f 3066 3064 3042
f 3068 3066 3044
f 3068 3048 3070
f 3070 3048 3050
f 3074 3050 3052
f 3076 3074 3052
f 3074 3070 3050
f 3064 3086 3080
f 3042 3040 3016
f 3044 3042 3020
f 3044 3024 3048
f 3048 3024 3028
f 3050 3028 3032
f 3052 3032 3034
f 3052 3050 3032
f 3050 3048 3028
f 3040 3064 3058
f 3016 3014 2996
f 3020 3016 2998
f 3024 3004 3028
f 3028 3004 3010
f 3032 3010 3012
f 3034 3012 3022
f 3034 3032 3012
f 3032 3028 3010
f 2996 2990 2968
f 2998 2996 2972
f 3004 3002 2982
f 3004 2986 3010
f 3010 2986 2994
f 3012 2994 3006
f 3012 3010 2994
f 2968 2964 2942
f 2972 2968 2946
f 2972 2954 2978
f 2978 2954 2960
f 2982 2978 2960
f 2986 2982 2966
f 2988 2994 2974
f 2974 2994 2986
f 2964 2990 2980
f 2942 2936 2908
f 2946 2942 2918
f 2946 2924 2954
f 2954 2924 2940
f 2960 2940 2948
f 2966 2960 2948
f 2960 2954 2940
f 2974 2966 2956
f 2936 2964 2958
f 2908 2898 2772
f 2918 2908 2892
f 2918 2904 2924
f 2924 2904 2916
f 2940 2916 2926
f 2948 2926 2944
f 2956 2948 2944
f 2940 2924 2916
f 2948 2940 2926
f 2772 2764 2760
f 2892 2772 2768
f 2892 2890 2904
f 2904 2890 2900
f 2916 2900 2912
f 2926 2912 2922
f 2944 2926 2922
f 2916 2904 2900
f 2926 2916 2912
f 2760 2730 2732
f 2900 2890 2896
f 2912 2900 2906
f 2922 2912 2914
f 3183 3753 3182
f 3182 3753 4300
f 4300 3753 4301
f 4300 4301 4368
f 4368 4301 4348
f 4376 4368 4348
f 4376 4412 4368
f 4376 4406 4412
f 4412 4406 4448
f 4448 4406 4434
f 4486 4434 4452
f 4524 4452 4582
f 4524 4486 4452
f 4452 4470 4582
f 4582 4470 4492
f 4771 4492 4512
f 4865 4512 4532
f 4899 4532 4554
f 4997 4554 5017
f 4997 4899 4554
f 4554 4580 5017
f 5017 4580 4612
f 5061 4612 4746
f 5119 4746 4756
f 5135 4756 4764
f 5157 4764 5213
f 5157 5135 4764
f 4764 4768 5213
f 5135 5119 4756
f 5119 5061 4746
f 5061 5017 4612
f 4899 4865 4532
f 4865 4771 4512
f 4771 4582 4492
f 4486 4448 4434
f 4768 4769 5213
f 5213 4769 5214
f 5214 4769 4770
f 5214 4770 5158
f 5158 4770 4765
f 4757 5158 4765
f 4757 5136 5158
f 4757 4747 5136
f 5136 4747 5120
f 5120 4747 4613
f 5062 4613 4581
f 5018 4581 4998
f 5018 5062 4581
f 4581 4555 4998
f 4998 4555 4533
f 4900 4533 4513
f 4866 4513 4493
f 4772 4493 4471
f 4583 4471 4525
f 4583 4772 4471
f 4471 4453 4525
f 4525 4453 4435
f 4487 4435 4407
f 4449 4407 4377
f 4413 4377 4349
f 4369 4349 4323
f 4369 4413 4349
f 4349 4322 4323
f 4413 4449 4377
f 4449 4487 4407
f 4487 4525 4435
f 4772 4866 4493
f 4866 4900 4513
f 4900 4998 4533
f 5062 5120 4613
f 3195 4313 3171
f 3171 4313 4343
f 3149 4343 4371
f 3121 4371 4391
f 3085 4391 4421
f 3073 4421 4441
f 3055 4441 4461
f 3037 4461 4475
f 3023 4475 4491
f 3007 4491 4507
f 2989 4507 4521
f 2977 4521 4539
f 2963 4539 4549
f 2951 4549 4565
f 2939 4565 4573
f 2929 4573 4585
f 2921 4585 4589
f 2920 4589 4588
f 2928 4588 4584
f 2938 4584 4572
f 2950 4572 4564
f 2962 4564 4548
f 2976 4548 4538
f 2988 4538 4520
f 3006 4520 4506
f 3022 4506 4490
f 3036 4490 4474
f 3054 4474 4460
f 3072 4460 4440
f 3084 4440 4420
f 3120 4420 4390
f 3148 4390 4370
f 3170 4370 4342
f 3192 4342 4310
f 3192 3170 4342
f 3170 3148 4370
f 3148 3120 4390
f 3120 3084 4420
f 3084 3072 4440
f 3072 3054 4460
f 3054 3036 4474
f 3036 3022 4490
f 3022 3006 4506
f 3006 2988 4520
f 2988 2976 4538
f 2976 2962 4548
f 2962 2950 4564
f 2950 2938 4572
f 2938 2928 4584
f 2928 2920 4588
f 2920 2921 4589
f 2921 2929 4585
f 2929 2939 4573
f 2939 2951 4565
f 2951 2963 4549
f 2963 2977 4539
f 2977 2989 4521
f 2989 3007 4507
f 3007 3023 4491
f 3023 3037 4475
f 3037 3055 4461
f 3055 3073 4441
f 3073 3085 4421
f 3085 3121 4391
f 3121 3149 4371
f 3149 3171 4343
f 20 4 12
f 44 12 22
f 52 22 32
f 60 32 50
f 76 50 68
f 96 68 94
f 116 94 120
f 146 120 154
f 174 154 184
f 202 184 222
f 236 222 252
f 264 252 282
f 294 282 310
f 328 310 322
f 334 328 322
f 334 358 328
f 328 358 354
f 330 354 368
f 342 368 396
f 374 396 440
f 416 440 526
f 498 526 768
f 728 768 1012
f 1000 1012 1244
f 1218 1244 1478
f 1466 1478 1858
f 1852 1858 2142
f 2140 2142 2305
f 2307 2140 2305
f 2307 2136 2140
f 2307 2310 2136
f 2136 2310 1992
f 1846 1992 1728
f 1454 1728 1416
f 1180 1416 1200
f 1010 1180 1200
f 1010 934 1180
f 1010 764 934
f 934 764 568
f 576 568 428
f 432 428 352
f 362 352 274
f 286 274 210
f 230 210 162
f 192 162 146
f 174 146 154
f 174 192 146
f 174 216 192
f 174 202 216
f 174 184 202
f 14 22 8
f 14 28 22
f 22 28 32
f 32 28 38
f 50 38 58
f 68 58 72
f 94 72 92
f 112 94 92
f 112 120 94
f 112 136 120
f 120 136 154
f 154 136 160
f 184 160 194
f 222 194 220
f 242 222 220
f 242 252 222
f 242 266 252
f 252 266 282
f 282 266 288
f 310 288 314
f 322 310 314
f 358 378 354
f 354 378 388
f 368 388 410
f 396 410 460
f 440 460 550
f 526 550 810
f 768 810 1034
f 1012 1034 1258
f 1244 1258 1484
f 1478 1484 1860
f 1858 1860 2146
f 2142 2146 2300
f 2302 2142 2300
f 2302 2305 2142
f 378 412 388
f 388 412 436
f 410 436 488
f 460 488 628
f 550 628 842
f 810 842 1054
f 1034 1054 1266
f 1258 1266 1494
f 1484 1494 1868
f 1860 1868 2148
f 2146 2148 2297
f 2300 2146 2297
f 412 464 436
f 436 464 520
f 488 520 692
f 628 692 884
f 842 884 1084
f 1054 1084 1276
f 1266 1276 1508
f 1494 1508 1876
f 1868 1876 2150
f 2148 2150 2295
f 2297 2148 2295
f 464 534 520
f 520 534 730
f 738 730 910
f 972 910 1068
f 1166 1068 1224
f 1350 1224 1376
f 1574 1350 1376
f 1574 1606 1350
f 1574 1824 1606
f 1606 1824 1926
f 1914 1926 2166
f 2162 2166 2279
f 2280 2162 2279
f 2280 2158 2162
f 2280 2281 2158
f 2158 2281 2282
f 2156 2282 2285
f 2154 2285 2287
f 2152 2287 2290
f 2150 2290 2292
f 2295 2150 2292
f 1824 2054 1926
f 1926 2054 2170
f 2166 2170 2278
f 2279 2166 2278
f 2054 2277 2170
f 2170 2277 2278
f 764 512 568
f 568 512 420
f 428 420 344
f 352 344 260
f 274 260 196
f 210 196 138
f 162 138 116
f 146 116 120
f 146 162 116
f 512 408 420
f 420 408 340
f 344 340 256
f 260 256 180
f 196 180 122
f 138 122 96
f 116 96 94
f 116 138 96
f 408 350 340
f 340 350 280
f 254 280 208
f 170 208 144
f 100 144 86
f 44 86 48
f 20 44 48
f 20 12 44
f 310 282 288
f 222 184 194
f 184 154 160
f 94 68 72
f 68 50 58
f 50 32 38
f 4 8 12
f 12 8 22
f 310 328 294
f 294 328 330
f 300 330 342
f 320 342 374
f 360 374 416
f 400 416 498
f 472 498 728
f 700 728 1000
f 974 1000 1218
f 1202 1218 1466
f 1460 1466 1852
f 1850 1852 2140
f 2136 1850 2140
f 2136 1846 1850
f 2136 1992 1846
f 282 294 264
f 264 294 300
f 270 300 320
f 290 320 360
f 338 360 400
f 392 400 472
f 462 472 700
f 660 700 974
f 960 974 1202
f 1194 1202 1460
f 1456 1460 1850
f 1846 1456 1850
f 1846 1454 1456
f 1846 1728 1454
f 252 264 236
f 236 264 270
f 244 270 290
f 272 290 338
f 316 338 392
f 376 392 462
f 452 462 660
f 640 660 960
f 950 960 1194
f 1188 1194 1456
f 1454 1188 1456
f 1454 1180 1188
f 1454 1416 1180
f 222 236 202
f 202 236 244
f 216 244 272
f 250 272 316
f 302 316 376
f 366 376 452
f 442 452 640
f 608 640 950
f 944 950 1188
f 1180 944 1188
f 1180 934 944
f 944 934 576
f 608 576 432
f 442 432 362
f 366 362 286
f 302 286 230
f 250 230 192
f 216 250 192
f 216 272 250
f 68 96 76
f 76 96 122
f 108 122 180
f 172 180 256
f 254 256 340
f 280 254 340
f 50 76 60
f 60 76 108
f 102 108 172
f 170 172 254
f 208 170 254
f 32 60 52
f 52 60 102
f 100 102 170
f 144 100 170
f 22 52 44
f 44 52 100
f 86 44 100
f 354 330 328
f 330 300 294
f 300 270 264
f 270 244 236
f 244 216 202
f 162 192 230
f 138 162 210
f 122 108 76
f 122 138 196
f 108 102 60
f 102 100 52
f 388 368 354
f 368 342 330
f 342 320 300
f 320 290 270
f 290 272 244
f 316 302 250
f 250 302 230
f 210 230 286
f 196 210 274
f 180 172 108
f 180 196 260
f 172 170 102
f 436 410 388
f 410 396 368
f 396 374 342
f 374 360 320
f 360 338 290
f 338 316 272
f 376 366 302
f 302 366 286
f 274 286 362
f 260 274 352
f 256 254 172
f 256 260 344
f 520 488 436
f 488 460 410
f 460 440 396
f 440 416 374
f 416 400 360
f 400 392 338
f 392 376 316
f 452 442 366
f 366 442 362
f 352 362 432
f 344 352 428
f 340 344 420
f 730 738 520
f 520 738 692
f 692 738 926
f 884 926 1120
f 1084 1120 1290
f 1276 1290 1518
f 1508 1518 1880
f 1876 1880 2152
f 2150 2152 2290
f 2150 1876 2152
f 692 628 488
f 628 550 460
f 550 526 440
f 526 498 416
f 498 472 400
f 472 462 392
f 462 452 376
f 640 608 442
f 442 608 432
f 428 432 576
f 420 428 568
f 910 972 738
f 738 972 926
f 926 972 1146
f 1120 1146 1304
f 1290 1304 1536
f 1518 1536 1892
f 1880 1892 2154
f 2152 2154 2287
f 2152 1880 2154
f 926 884 692
f 884 842 628
f 842 810 550
f 810 768 526
f 768 728 498
f 728 700 472
f 700 660 462
f 660 640 452
f 950 944 608
f 608 944 576
f 568 576 934
f 1068 1166 972
f 972 1166 1146
f 1146 1166 1328
f 1304 1328 1564
f 1536 1564 1894
f 1892 1894 2156
f 2154 2156 2285
f 2154 1892 2156
f 1146 1120 926
f 1120 1084 884
f 1084 1054 842
f 1054 1034 810
f 1034 1012 768
f 1012 1000 728
f 1000 974 700
f 974 960 660
f 960 950 640
f 1224 1350 1166
f 1166 1350 1328
f 1328 1350 1590
f 1564 1590 1900
f 1894 1900 2158
f 2156 2158 2282
f 2156 1894 2158
f 1328 1304 1146
f 1304 1290 1120
f 1290 1276 1084
f 1276 1266 1054
f 1266 1258 1034
f 1258 1244 1012
f 1244 1218 1000
f 1218 1202 974
f 1202 1194 960
f 1194 1188 950
f 1350 1606 1590
f 1590 1606 1914
f 1900 1914 2162
f 2158 1900 2162
f 1590 1564 1328
f 1564 1536 1304
f 1536 1518 1290
f 1518 1508 1276
f 1508 1494 1266
f 1494 1484 1258
f 1484 1478 1244
f 1478 1466 1218
f 1466 1460 1202
f 1460 1456 1194
f 1926 1914 1606
f 1914 1900 1590
f 1900 1894 1564
f 1894 1892 1536
f 1892 1880 1518
f 1880 1876 1508
f 1876 1868 1494
f 1868 1860 1484
f 1860 1858 1478
f 1858 1852 1466
f 1852 1850 1460
f 2170 2166 1926
f 2166 2162 1914
f 2150 2148 1868
f 2148 2146 1860
f 2146 2142 1858
f 2142 2140 1852
f 4 2 8
f 8 2 7
f 13 8 7
f 13 14 8
f 13 27 14
f 14 27 28
f 28 27 37
f 38 37 57
f 58 57 72
f 58 38 57
f 57 71 72
f 72 71 91
f 92 91 111
f 112 111 135
f 136 135 159
f 160 159 194
f 160 136 159
f 159 193 194
f 194 193 219
f 220 219 241
f 242 241 265
f 266 265 287
f 288 287 314
f 288 266 287
f 287 313 314
f 266 242 265
f 242 220 241
f 220 194 219
f 136 112 135
f 112 92 111
f 92 72 91
f 38 28 37
f 2277 5233 2278
f 2278 5233 5234
f 5235 2278 5234
f 5235 2279 2278
f 5235 5236 2279
f 2279 5236 2280
f 2280 5236 5237
f 2281 5237 5238
f 2282 5238 2285
f 2282 2281 5238
f 5238 5241 2285
f 2285 5241 5243
f 2287 5243 5246
f 2290 5246 5248
f 2292 5248 5251
f 2295 5251 2297
f 2295 2292 5251
f 5251 5253 2297
f 2297 5253 5256
f 2300 5256 5258
f 2302 5258 5261
f 2305 5261 5263
f 2307 5263 2310
f 2307 2305 5263
f 5263 5266 2310
f 2305 2302 5261
f 2302 2300 5258
f 2300 2297 5256
f 2292 2290 5248
f 2290 2287 5246
f 2287 2285 5243
f 2281 2280 5237
f 1990 2206 2135
f 1845 2135 2139
f 1849 2139 2141
f 1851 2141 2145
f 1857 2145 2147
f 1859 2147 2149
f 1867 2149 2151
f 1875 2151 2153
f 1879 2153 2155
f 1891 2155 2157
f 1893 2157 2161
f 1899 2161 2165
f 1913 2165 2169
f 1925 2169 2053
f 1823 1925 2053
f 1823 1605 1925
f 1823 1573 1605
f 1605 1573 1349
f 1327 1349 1145
f 1119 1145 883
f 841 883 549
f 525 549 415
f 399 415 337
f 315 337 249
f 229 249 161
f 137 161 95
f 75 95 49
f 31 49 37
f 27 31 37
f 27 13 31
f 31 13 21
f 59 21 51
f 107 51 101
f 179 101 171
f 259 171 255
f 351 255 343
f 431 343 427
f 607 427 575
f 949 575 943
f 1193 943 1187
f 1459 1187 1455
f 1851 1455 1849
f 2141 1851 1849
f 2210 2139 2208
f 2210 2213 2139
f 2139 2213 2141
f 2141 2213 2215
f 2145 2215 2218
f 2147 2218 2220
f 2149 2220 2223
f 2225 2149 2223
f 2225 2151 2149
f 2225 2228 2151
f 2151 2228 2153
f 2153 2228 2230
f 2155 2230 2233
f 2157 2233 2234
f 2235 2157 2234
f 2235 2161 2157
f 2235 2236 2161
f 2161 2236 2165
f 2165 2236 2237
f 2169 2237 2238
f 2053 2169 2238
f 1573 1375 1349
f 1349 1375 1223
f 1165 1223 1067
f 971 1067 909
f 737 909 729
f 519 729 533
f 463 519 533
f 463 435 519
f 463 411 435
f 435 411 387
f 367 387 329
f 299 329 263
f 235 263 221
f 183 221 193
f 159 183 193
f 159 153 183
f 159 135 153
f 153 135 119
f 173 119 145
f 215 145 191
f 271 191 249
f 337 271 249
f 337 359 271
f 337 415 359
f 359 415 439
f 373 439 459
f 395 459 487
f 409 487 519
f 435 409 519
f 435 367 409
f 435 387 367
f 411 377 387
f 387 377 353
f 329 353 293
f 263 293 251
f 221 251 241
f 219 221 241
f 219 193 221
f 377 357 353
f 353 357 333
f 327 333 321
f 309 321 313
f 287 309 313
f 287 281 309
f 287 265 281
f 281 265 251
f 293 281 251
f 293 327 281
f 293 353 327
f 327 353 333
f 265 241 251
f 135 111 119
f 119 111 91
f 93 91 71
f 67 71 57
f 49 57 37
f 49 67 57
f 49 95 67
f 67 95 115
f 93 115 145
f 119 93 145
f 119 91 93
f 13 7 21
f 21 7 11
f 51 11 43
f 101 43 99
f 171 99 169
f 255 169 253
f 343 253 339
f 427 339 419
f 575 419 567
f 943 567 933
f 1187 933 1179
f 1455 1179 1453
f 1849 1453 1845
f 2139 1849 1845
f 7 2 11
f 11 2 18
f 43 18 46
f 99 46 84
f 142 99 84
f 142 169 99
f 142 206 169
f 169 206 253
f 253 206 278
f 339 278 348
f 419 348 406
f 510 419 406
f 510 567 419
f 510 762 567
f 567 762 933
f 933 762 1008
f 1179 1008 1198
f 1414 1179 1198
f 1414 1453 1179
f 1414 1726 1453
f 1453 1726 1845
f 1845 1726 1990
f 2135 1845 1990
f 2169 2165 2237
f 2157 2155 2233
f 2155 2153 2230
f 2149 2147 2220
f 2147 2145 2218
f 2145 2141 2215
f 2206 2208 2135
f 2135 2208 2139
f 2169 1925 1913
f 1913 1925 1589
f 1563 1589 1303
f 1289 1303 1083
f 1053 1083 809
f 767 809 497
f 471 497 391
f 375 391 301
f 285 301 209
f 195 209 121
f 107 121 59
f 51 107 59
f 2165 1913 1899
f 1899 1913 1563
f 1535 1563 1289
f 1275 1289 1053
f 1033 1053 767
f 727 767 471
f 461 471 375
f 365 375 285
f 273 285 195
f 179 195 107
f 101 179 107
f 2161 1899 1893
f 1893 1899 1535
f 1517 1535 1275
f 1265 1275 1033
f 1011 1033 727
f 699 727 461
f 451 461 365
f 361 365 273
f 259 273 179
f 171 259 179
f 2157 1893 1891
f 1891 1893 1517
f 1507 1517 1265
f 1257 1265 1011
f 999 1011 699
f 659 699 451
f 441 451 361
f 351 361 259
f 255 351 259
f 2155 1891 1879
f 1879 1891 1507
f 1493 1507 1257
f 1243 1257 999
f 973 999 659
f 639 659 441
f 431 441 351
f 343 431 351
f 2153 1879 1875
f 1875 1879 1493
f 1483 1493 1243
f 1217 1243 973
f 959 973 639
f 607 639 431
f 427 607 431
f 2151 1875 1867
f 1867 1875 1483
f 1477 1483 1217
f 1201 1217 959
f 949 959 607
f 575 949 607
f 2149 1867 1859
f 1859 1867 1477
f 1465 1477 1201
f 1193 1201 949
f 943 1193 949
f 2147 1859 1857
f 1857 1859 1465
f 1459 1465 1193
f 1187 1459 1193
f 2145 1857 1851
f 1851 1857 1459
f 1455 1851 1459
f 1925 1605 1589
f 1589 1605 1327
f 1303 1327 1119
f 1083 1119 841
f 809 841 525
f 497 525 399
f 391 399 315
f 301 315 229
f 209 229 137
f 121 137 75
f 59 75 31
f 21 59 31
f 1589 1563 1913
f 1563 1535 1899
f 1535 1517 1893
f 1517 1507 1891
f 1507 1493 1879
f 1493 1483 1875
f 1483 1477 1867
f 1477 1465 1859
f 1465 1459 1857
f 1455 1453 1849
f 1349 1327 1605
f 1327 1303 1589
f 1303 1289 1563
f 1289 1275 1535
f 1275 1265 1517
f 1265 1257 1507
f 1257 1243 1493
f 1243 1217 1483
f 1217 1201 1477
f 1201 1193 1465
f 1187 1179 1455
f 1223 1165 1349
f 1349 1165 1145
f 1145 1165 925
f 883 925 627
f 549 627 439
f 415 549 439
f 1145 1119 1327
f 1119 1083 1303
f 1083 1053 1289
f 1053 1033 1275
f 1033 1011 1265
f 1011 999 1257
f 999 973 1243
f 973 959 1217
f 959 949 1201
f 943 933 1187
f 1179 933 1008
f 1067 971 1165
f 1165 971 925
f 925 971 691
f 627 691 459
f 439 627 459
f 925 883 1145
f 883 841 1119
f 841 809 1083
f 809 767 1053
f 767 727 1033
f 727 699 1011
f 699 659 999
f 659 639 973
f 639 607 959
f 575 567 943
f 909 737 971
f 971 737 691
f 691 737 487
f 459 691 487
f 691 627 925
f 627 549 883
f 549 525 841
f 525 497 809
f 497 471 767
f 471 461 727
f 461 451 699
f 451 441 659
f 441 431 639
f 427 419 575
f 729 519 737
f 737 519 487
f 415 399 525
f 399 391 497
f 391 375 471
f 375 365 461
f 365 361 451
f 361 351 441
f 343 339 427
f 419 339 348
f 487 409 395
f 395 409 341
f 319 341 269
f 243 269 201
f 173 201 153
f 119 173 153
f 459 395 373
f 373 395 319
f 289 319 243
f 215 243 173
f 145 215 173
f 439 373 359
f 359 373 289
f 271 289 215
f 191 271 215
f 337 315 399
f 315 301 391
f 301 285 375
f 285 273 365
f 273 259 361
f 255 253 343
f 339 253 278
f 409 367 341
f 341 367 299
f 269 299 235
f 201 235 183
f 153 201 183
f 341 319 395
f 319 289 373
f 289 271 359
f 249 229 315
f 229 209 301
f 209 195 285
f 195 179 273
f 171 169 255
f 353 329 387
f 329 299 367
f 299 269 341
f 269 243 319
f 243 215 289
f 249 191 161
f 161 191 115
f 95 161 115
f 161 137 229
f 137 121 209
f 121 107 195
f 101 99 171
f 293 263 329
f 263 235 299
f 235 201 269
f 201 173 243
f 145 115 191
f 95 75 137
f 75 59 121
f 51 43 101
f 99 43 46
f 321 309 327
f 327 309 281
f 251 221 263
f 221 183 235
f 71 67 93
f 93 67 115
f 49 31 75
f 21 11 51
f 43 11 18
f 7130 7152 7124
f 7124 7152 7132
f 7114 7132 7112
f 7084 7112 7076
f 7066 7076 7042
f 7034 7042 6988
f 7034 7066 7042
f 7132 7152 7157
f 7112 7157 7136
f 7076 7136 7100
f 7042 7100 7056
f 6978 7056 6998
f 6850 6998 6910
f 6612 6910 6656
f 6402 6656 6428
f 6206 6428 6222
f 6006 6222 6034
f 5694 6034 5718
f 5432 5718 5440
f 5234 5440 5235
f 5234 5432 5440
f 5234 5233 5432
f 5432 5233 5442
f 5658 5432 5442
f 5658 5694 5432
f 5658 5894 5694
f 5694 5894 6006
f 6034 5694 6006
f 7200 7188 7176
f 7200 7224 7188
f 7188 7224 7212
f 7162 7212 7194
f 7126 7194 7150
f 7078 7150 7098
f 7028 7098 7046
f 6936 7046 6966
f 6704 6966 6758
f 6460 6758 6504
f 6262 6504 6292
f 6054 6292 6072
f 5724 6072 5746
f 5446 5746 5452
f 5236 5452 5237
f 5236 5446 5452
f 5236 5235 5446
f 5446 5235 5440
f 5724 5440 5718
f 6054 5718 6034
f 6262 6034 6222
f 6460 6222 6428
f 6704 6428 6656
f 6936 6656 6910
f 7028 6910 6998
f 7078 6998 7056
f 7126 7056 7100
f 7162 7100 7136
f 7188 7136 7157
f 7176 7157 7152
f 7176 7188 7157
f 7224 7250 7212
f 7212 7250 7248
f 7194 7248 7220
f 7150 7220 7178
f 7098 7178 7120
f 7046 7120 7060
f 6966 7060 6986
f 6758 6986 6804
f 6504 6804 6536
f 6292 6536 6306
f 6072 6306 6086
f 5746 6086 5762
f 5452 5762 5454
f 5238 5454 5241
f 5238 5452 5454
f 5238 5237 5452
f 7250 7280 7248
f 7248 7280 7284
f 7220 7284 7246
f 7178 7246 7202
f 7120 7202 7142
f 7060 7142 7074
f 6986 7074 7002
f 6804 7002 6862
f 6536 6862 6566
f 6306 6566 6324
f 6086 6324 6098
f 5762 6098 5782
f 5454 5782 5458
f 5241 5458 5243
f 5241 5454 5458
f 7280 7306 7284
f 7284 7306 7316
f 7246 7316 7278
f 7202 7278 7222
f 7142 7222 7160
f 7074 7160 7086
f 7002 7086 7018
f 6862 7018 6904
f 6566 6904 6588
f 6324 6588 6338
f 6098 6338 6122
f 5782 6122 5806
f 5458 5806 5462
f 5243 5462 5246
f 5243 5458 5462
f 7306 7330 7316
f 7316 7330 7352
f 7342 7352 7370
f 7366 7370 7388
f 7384 7388 7408
f 7402 7408 7416
f 7430 7402 7416
f 7430 7414 7402
f 7430 7438 7414
f 7414 7438 7418
f 7372 7418 7378
f 7312 7378 7318
f 7226 7318 7228
f 7144 7228 7146
f 7062 7146 7064
f 6964 7064 6968
f 6680 6968 6684
f 6396 6684 6404
f 6152 6404 6154
f 5852 6154 5856
f 5478 5856 5482
f 5263 5482 5266
f 5263 5478 5482
f 5263 5261 5478
f 5478 5261 5258
f 5476 5258 5256
f 5474 5256 5253
f 5468 5253 5251
f 5464 5251 5248
f 5246 5464 5248
f 5246 5462 5464
f 5464 5462 5820
f 5828 5820 6132
f 6142 6132 6388
f 6392 6388 6668
f 6680 6668 6964
f 6968 6680 6964
f 7444 7426 7438
f 7438 7426 7418
f 7418 7426 7396
f 7378 7396 7358
f 7318 7358 7300
f 7228 7300 7234
f 7168 7228 7234
f 7168 7146 7228
f 7168 7096 7146
f 7146 7096 7064
f 7064 7096 7040
f 6968 7040 6940
f 6684 6940 6700
f 6458 6684 6700
f 6458 6404 6684
f 6458 6270 6404
f 6404 6270 6154
f 6154 6270 6068
f 5856 6068 5770
f 5482 5770 5496
f 5266 5482 5496
f 5894 6100 6006
f 6006 6100 6206
f 6222 6006 6206
f 6100 6250 6206
f 6206 6250 6402
f 6428 6206 6402
f 6250 6398 6402
f 6402 6398 6562
f 6612 6562 6734
f 6850 6734 6920
f 6978 6920 6988
f 7042 6978 6988
f 7042 7056 6978
f 7066 7084 7076
f 7084 7114 7112
f 7114 7124 7132
f 7418 7372 7414
f 7414 7372 7362
f 7402 7362 7346
f 7384 7346 7328
f 7366 7328 7308
f 7342 7308 7278
f 7316 7342 7278
f 7316 7352 7342
f 7346 7384 7402
f 7402 7384 7408
f 7402 7414 7362
f 7328 7366 7384
f 7384 7366 7388
f 7308 7342 7366
f 7366 7342 7370
f 7284 7316 7246
f 7248 7284 7220
f 7212 7248 7194
f 7136 7188 7162
f 7162 7188 7212
f 7132 7157 7112
f 7378 7312 7372
f 7372 7312 7296
f 7362 7296 7290
f 7346 7290 7268
f 7328 7268 7244
f 7308 7244 7222
f 7278 7308 7222
f 7362 7372 7296
f 7346 7362 7290
f 7328 7346 7268
f 7308 7328 7244
f 7246 7278 7202
f 7220 7246 7178
f 7194 7220 7150
f 7100 7162 7126
f 7126 7162 7194
f 7112 7136 7076
f 7378 7418 7396
f 7318 7226 7312
f 7312 7226 7218
f 7296 7218 7210
f 7290 7210 7198
f 7268 7198 7180
f 7244 7180 7160
f 7222 7244 7160
f 7296 7312 7218
f 7290 7296 7210
f 7268 7290 7198
f 7244 7268 7180
f 7202 7222 7142
f 7178 7202 7120
f 7150 7178 7098
f 7056 7126 7078
f 7078 7126 7150
f 7076 7100 7042
f 7318 7378 7358
f 7228 7144 7226
f 7226 7144 7140
f 7218 7140 7134
f 7210 7134 7118
f 7198 7118 7110
f 7180 7110 7086
f 7160 7180 7086
f 7218 7226 7140
f 7210 7218 7134
f 7198 7210 7118
f 7180 7198 7110
f 7142 7160 7074
f 7120 7142 7060
f 7098 7120 7046
f 6998 7078 7028
f 7028 7078 7098
f 7228 7318 7300
f 7146 7062 7144
f 7144 7062 7058
f 7140 7058 7052
f 7134 7052 7048
f 7118 7048 7036
f 7110 7036 7018
f 7086 7110 7018
f 7140 7144 7058
f 7134 7140 7052
f 7118 7134 7048
f 7110 7118 7036
f 7074 7086 7002
f 7060 7074 6986
f 7046 7060 6966
f 6910 7028 6936
f 6936 7028 7046
f 6920 6978 6850
f 6850 6978 6998
f 7064 6964 7062
f 7062 6964 6956
f 7058 6956 6952
f 7052 6952 6934
f 7048 6934 6922
f 7036 6922 6904
f 7018 7036 6904
f 7058 7062 6956
f 7052 7058 6952
f 7048 7052 6934
f 7036 7048 6922
f 7002 7018 6862
f 6986 7002 6804
f 6966 6986 6758
f 6656 6936 6704
f 6704 6936 6966
f 6734 6850 6612
f 6612 6850 6910
f 6964 6668 6956
f 6956 6668 6658
f 6952 6658 6646
f 6934 6646 6616
f 6922 6616 6588
f 6904 6922 6588
f 6952 6956 6658
f 6934 6952 6646
f 6922 6934 6616
f 6862 6904 6566
f 6804 6862 6536
f 6758 6804 6504
f 6428 6704 6460
f 6460 6704 6758
f 6562 6612 6402
f 6402 6612 6656
f 6968 7064 7040
f 6684 6396 6680
f 6680 6396 6392
f 6668 6680 6392
f 6668 6388 6658
f 6658 6388 6378
f 6646 6378 6356
f 6616 6356 6338
f 6588 6616 6338
f 6646 6658 6378
f 6616 6646 6356
f 6566 6588 6324
f 6536 6566 6306
f 6504 6536 6292
f 6222 6460 6262
f 6262 6460 6504
f 6684 6968 6940
f 6404 6152 6396
f 6396 6152 6146
f 6392 6146 6142
f 6388 6392 6142
f 6392 6396 6146
f 6388 6132 6378
f 6378 6132 6130
f 6356 6130 6122
f 6338 6356 6122
f 6356 6378 6130
f 6324 6338 6098
f 6306 6324 6086
f 6292 6306 6072
f 6034 6262 6054
f 6054 6262 6292
f 6154 5852 6152
f 6152 5852 5850
f 6146 5850 5838
f 6142 5838 5828
f 6132 6142 5828
f 6146 6152 5850
f 6142 6146 5838
f 6132 5820 6130
f 6130 5820 5806
f 6122 6130 5806
f 6098 6122 5782
f 6086 6098 5762
f 6072 6086 5746
f 5718 6054 5724
f 5724 6054 6072
f 5856 5478 5852
f 5852 5478 5476
f 5850 5476 5474
f 5838 5474 5468
f 5828 5468 5464
f 5820 5828 5464
f 5850 5852 5476
f 5838 5850 5474
f 5828 5838 5468
f 5806 5820 5462
f 5782 5806 5458
f 5762 5782 5454
f 5746 5762 5452
f 5440 5724 5446
f 5446 5724 5746
f 5694 5718 5432
f 5856 6154 6068
f 5476 5478 5258
f 5474 5476 5256
f 5468 5474 5253
f 5464 5468 5251
f 5482 5856 5770
f 2206 5162 2208
f 2208 5162 5164
f 5166 2208 5164
f 5166 2210 2208
f 5166 5169 2210
f 2210 5169 2213
f 2213 5169 5171
f 2215 5171 5174
f 2218 5174 2220
f 2218 2215 5174
f 5174 5176 2220
f 2220 5176 5179
f 2223 5179 5181
f 2225 5181 5184
f 2228 5184 5186
f 2230 5186 2233
f 2230 2228 5186
f 5186 5189 2233
f 2233 5189 5190
f 2234 5190 5191
f 2235 5191 5192
f 2236 5192 5193
f 2237 5193 2238
f 2237 2236 5193
f 5193 5194 2238
f 2236 2235 5192
f 2235 2234 5191
f 2234 2233 5190
f 2228 2225 5184
f 2225 2223 5181
f 2223 2220 5179
f 2215 2213 5171
f 7130 7129 7152
f 7152 7129 7151
f 7175 7152 7151
f 7175 7176 7152
f 7175 7199 7176
f 7176 7199 7200
f 7200 7199 7223
f 7224 7223 7249
f 7250 7249 7280
f 7250 7224 7249
f 7249 7279 7280
f 7280 7279 7305
f 7306 7305 7329
f 7330 7329 7351
f 7352 7351 7369
f 7370 7369 7388
f 7370 7352 7369
f 7369 7387 7388
f 7388 7387 7407
f 7408 7407 7415
f 7416 7415 7429
f 7430 7429 7437
f 7438 7437 7444
f 7438 7430 7437
f 7437 7442 7444
f 7430 7416 7429
f 7416 7408 7415
f 7408 7388 7407
f 7352 7330 7351
f 7330 7306 7329
f 7306 7280 7305
f 7224 7200 7223
f 5441 5194 5431
f 5657 5431 5693
f 5893 5693 6005
f 6099 6005 6205
f 6249 6205 6401
f 6397 6401 6561
f 6397 6249 6401
f 5190 5451 5191
f 5190 5189 5451
f 5451 5189 5453
f 5745 5453 5761
f 6071 5761 6085
f 6291 6085 6305
f 6503 6305 6535
f 6757 6535 6803
f 6965 6803 6985
f 7045 6985 7059
f 7097 7059 7119
f 7149 7119 7177
f 7193 7177 7219
f 7211 7219 7247
f 7249 7247 7279
f 7249 7211 7247
f 7249 7223 7211
f 7211 7223 7199
f 7187 7199 7175
f 7156 7175 7151
f 7131 7151 7123
f 7113 7131 7123
f 7113 7111 7131
f 7113 7083 7111
f 7111 7083 7075
f 7099 7075 7055
f 7077 7055 7027
f 7045 7027 6965
f 6985 7045 6965
f 5191 5445 5192
f 5191 5451 5445
f 5445 5451 5723
f 5717 5723 6033
f 6005 6033 6205
f 6005 5717 6033
f 6005 5693 5717
f 5717 5693 5439
f 5445 5439 5192
f 5445 5717 5439
f 5445 5723 5717
f 5189 5186 5453
f 5453 5186 5457
f 5761 5457 5781
f 6085 5781 6097
f 6305 6097 6323
f 6535 6323 6565
f 6803 6565 6861
f 6985 6861 7001
f 7059 7001 7073
f 7119 7073 7141
f 7177 7141 7201
f 7219 7201 7245
f 7247 7245 7283
f 7279 7283 7305
f 7279 7247 7283
f 5186 5184 5457
f 5457 5184 5461
f 5781 5461 5805
f 6097 5805 6121
f 6323 6121 6337
f 6565 6337 6587
f 6861 6587 6903
f 7001 6903 7017
f 7073 7017 7085
f 7141 7085 7159
f 7201 7159 7221
f 7245 7221 7277
f 7283 7277 7315
f 7305 7315 7329
f 7305 7283 7315
f 5184 5181 5461
f 5461 5181 5179
f 5463 5179 5176
f 5467 5176 5174
f 5473 5174 5171
f 5475 5171 5169
f 5166 5475 5169
f 5166 5477 5475
f 5166 5164 5477
f 5477 5164 5481
f 5851 5481 5855
f 6151 5855 6153
f 6395 6153 6403
f 6679 6403 6683
f 6963 6683 6967
f 7061 6967 7063
f 7143 7063 7145
f 7225 7145 7227
f 7311 7227 7317
f 7371 7317 7377
f 7413 7377 7417
f 7437 7417 7424
f 7442 7437 7424
f 5164 5162 5481
f 5481 5162 5494
f 5768 5481 5494
f 5768 5855 5481
f 5768 6066 5855
f 5855 6066 6153
f 6153 6066 6268
f 6403 6268 6456
f 6683 6456 6698
f 6938 6683 6698
f 6938 6967 6683
f 6938 7038 6967
f 6967 7038 7063
f 7063 7038 7094
f 7145 7094 7166
f 7227 7166 7232
f 7298 7227 7232
f 7298 7317 7227
f 7298 7356 7317
f 7317 7356 7377
f 7377 7356 7394
f 7417 7394 7424
f 7417 7377 7394
f 7417 7437 7413
f 7413 7437 7429
f 7415 7413 7429
f 7415 7401 7413
f 7415 7407 7401
f 7401 7407 7383
f 7361 7383 7345
f 7295 7345 7289
f 7217 7289 7209
f 7139 7209 7133
f 7057 7133 7051
f 6955 7051 6951
f 6667 6951 6657
f 6391 6657 6387
f 6145 6387 6141
f 5849 6141 5837
f 5475 5837 5473
f 5171 5475 5473
f 7407 7387 7383
f 7383 7387 7365
f 7345 7365 7327
f 7289 7327 7267
f 7209 7267 7197
f 7133 7197 7117
f 7051 7117 7047
f 6951 7047 6933
f 6657 6933 6645
f 6387 6645 6377
f 6141 6377 6131
f 5837 6131 5827
f 5473 5827 5467
f 5174 5473 5467
f 7387 7369 7365
f 7365 7369 7341
f 7327 7341 7307
f 7267 7307 7243
f 7197 7243 7179
f 7117 7179 7109
f 7047 7109 7035
f 6933 7035 6921
f 6645 6921 6615
f 6377 6615 6355
f 6131 6355 6129
f 5827 6129 5819
f 5467 5819 5463
f 5176 5467 5463
f 7369 7351 7341
f 7341 7351 7329
f 7315 7341 7329
f 7315 7307 7341
f 7315 7277 7307
f 7307 7277 7243
f 7243 7277 7221
f 7179 7221 7159
f 7109 7159 7085
f 7035 7085 7017
f 6921 7017 6903
f 6615 6903 6587
f 6355 6587 6337
f 6129 6337 6121
f 5819 6121 5805
f 5463 5805 5461
f 5179 5463 5461
f 7151 7129 7123
f 7083 7065 7075
f 7075 7065 7041
f 7055 7041 6997
f 7027 6997 6935
f 6965 6935 6757
f 6803 6965 6757
f 7065 7033 7041
f 7041 7033 6987
f 6977 6987 6919
f 6849 6919 6733
f 6611 6733 6561
f 6401 6611 6561
f 6401 6427 6611
f 6401 6221 6427
f 6401 6205 6221
f 6221 6205 6033
f 6053 6033 5723
f 5745 5723 5451
f 5453 5745 5451
f 6249 6099 6205
f 6099 5893 6005
f 5893 5657 5693
f 5657 5441 5431
f 5481 5851 5477
f 5477 5851 5849
f 5475 5849 5837
f 5475 5477 5849
f 5457 5461 5781
f 5453 5457 5761
f 5194 5193 5431
f 5431 5193 5439
f 5693 5431 5439
f 5439 5193 5192
f 5855 6151 5851
f 5851 6151 6145
f 5849 6145 6141
f 5849 5851 6145
f 5837 5827 5473
f 5827 5819 5467
f 5819 5805 5463
f 5781 5805 6097
f 5761 5781 6085
f 5761 6071 5745
f 5745 6071 6053
f 5723 5745 6053
f 6153 6395 6151
f 6151 6395 6391
f 6145 6391 6387
f 6145 6151 6391
f 6141 6131 5837
f 6131 6129 5827
f 6129 6121 5819
f 6097 6121 6323
f 6085 6097 6305
f 6085 6291 6071
f 6071 6291 6261
f 6053 6261 6221
f 6033 6053 6221
f 6053 6071 6261
f 6403 6679 6395
f 6395 6679 6667
f 6391 6667 6657
f 6391 6395 6667
f 6387 6377 6141
f 6377 6355 6131
f 6355 6337 6129
f 6323 6337 6565
f 6305 6323 6535
f 6305 6503 6291
f 6291 6503 6459
f 6261 6459 6427
f 6221 6261 6427
f 6261 6291 6459
f 6403 6153 6268
f 6683 6963 6679
f 6679 6963 6955
f 6667 6955 6951
f 6667 6679 6955
f 6657 6645 6387
f 6645 6615 6377
f 6615 6587 6355
f 6565 6587 6861
f 6535 6565 6803
f 6535 6757 6503
f 6503 6757 6703
f 6459 6703 6655
f 6427 6655 6611
f 6427 6459 6655
f 6459 6503 6703
f 6683 6403 6456
f 6967 7061 6963
f 6963 7061 7057
f 6955 7057 7051
f 6955 6963 7057
f 6951 6933 6657
f 6933 6921 6645
f 6921 6903 6615
f 6861 6903 7001
f 6803 6861 6985
f 6757 6935 6703
f 6703 6935 6909
f 6655 6909 6849
f 6611 6849 6733
f 6611 6655 6849
f 6655 6703 6909
f 7063 7143 7061
f 7061 7143 7139
f 7057 7139 7133
f 7057 7061 7139
f 7051 7047 6951
f 7047 7035 6933
f 7035 7017 6921
f 7001 7017 7073
f 6985 7001 7059
f 6935 6965 7027
f 6935 6997 6909
f 6909 6997 6977
f 6849 6977 6919
f 6849 6909 6977
f 7145 7225 7143
f 7143 7225 7217
f 7139 7217 7209
f 7139 7143 7217
f 7133 7117 7051
f 7117 7109 7047
f 7109 7085 7035
f 7073 7085 7141
f 7059 7073 7119
f 7059 7097 7045
f 7045 7097 7077
f 7027 7045 7077
f 6997 7027 7055
f 6987 6977 7041
f 7041 6977 6997
f 7145 7063 7094
f 7227 7311 7225
f 7225 7311 7295
f 7217 7295 7289
f 7217 7225 7295
f 7209 7197 7133
f 7197 7179 7117
f 7179 7159 7109
f 7141 7159 7201
f 7119 7141 7177
f 7119 7149 7097
f 7097 7149 7125
f 7077 7125 7099
f 7055 7077 7099
f 7077 7097 7125
f 7041 7055 7075
f 7227 7145 7166
f 7317 7371 7311
f 7311 7371 7361
f 7295 7361 7345
f 7295 7311 7361
f 7289 7267 7209
f 7267 7243 7197
f 7243 7221 7179
f 7201 7221 7245
f 7177 7201 7219
f 7177 7193 7149
f 7149 7193 7161
f 7125 7161 7135
f 7099 7135 7111
f 7075 7099 7111
f 7125 7149 7161
f 7099 7125 7135
f 7377 7413 7371
f 7371 7413 7401
f 7361 7401 7383
f 7361 7371 7401
f 7345 7327 7289
f 7327 7307 7267
f 7245 7277 7283
f 7219 7245 7247
f 7219 7211 7193
f 7193 7211 7187
f 7161 7187 7156
f 7135 7156 7131
f 7111 7135 7131
f 7161 7193 7187
f 7135 7161 7156
f 7383 7365 7345
f 7365 7341 7327
f 7187 7211 7199
f 7156 7187 7175
f 7131 7156 7151
f 625 314 589
f 625 683 314
f 314 683 753
f 865 314 753
f 865 322 314
f 865 989 322
f 322 989 334
f 334 989 358
f 358 989 1107
f 378 1107 412
f 378 358 1107
f 1107 1239 412
f 412 1239 464
f 464 1239 534
f 534 1239 1373
f 730 1373 910
f 730 534 1373
f 1373 1561 910
f 910 1561 1068
f 1068 1561 1224
f 1224 1561 1835
f 1376 1835 1574
f 1376 1224 1835
f 1835 2073 1574
f 1574 2073 1824
f 1824 2073 2349
f 2054 2349 2277
f 2054 1824 2349
f 2349 2439 2277
f 2277 2439 2537
f 2649 2277 2537
f 2649 2868 2277
f 2277 2868 4728
f 5233 4728 4857
f 4917 5233 4857
f 4917 5035 5233
f 5233 5035 5147
f 5442 5147 5658
f 5442 5233 5147
f 5147 5429 5658
f 5658 5429 5894
f 5894 5429 5655
f 6100 5655 6250
f 6100 5894 5655
f 5655 5909 6250
f 6250 5909 6398
f 6398 5909 6562
f 6562 5909 6109
f 6734 6109 6920
f 6734 6562 6109
f 6109 6239 6920
f 6920 6239 6988
f 6988 6239 7034
f 7034 6239 6373
f 7066 6373 7084
f 7066 7034 6373
f 6373 6493 7084
f 7084 6493 7114
f 7114 6493 7124
f 7124 6493 6607
f 7130 6607 6717
f 6787 7130 6717
f 6787 6843 7130
f 7130 6843 6879
f 7129 6879 6874
f 6838 7129 6874
f 6838 6782 7129
f 7129 6782 6712
f 6602 7129 6712
f 6602 7123 7129
f 6602 6488 7123
f 7123 6488 7113
f 7113 6488 7083
f 7083 6488 6368
f 7065 6368 7033
f 7065 7083 6368
f 6368 6234 7033
f 7033 6234 6987
f 6987 6234 6919
f 6919 6234 6104
f 6733 6104 6561
f 6733 6919 6104
f 6104 5904 6561
f 6561 5904 6397
f 6397 5904 6249
f 6249 5904 5650
f 6099 5650 5893
f 6099 6249 5650
f 5650 5424 5893
f 5893 5424 5657
f 5657 5424 5142
f 5441 5142 5194
f 5441 5657 5142
f 5142 5030 5194
f 5194 5030 4912
f 4852 5194 4912
f 4852 4653 5194
f 5194 4653 2793
f 2238 2793 2644
f 2532 2238 2644
f 2532 2434 2238
f 2238 2434 2344
f 2053 2344 1823
f 2053 2238 2344
f 2344 2068 1823
f 1823 2068 1573
f 1573 2068 1830
f 1375 1830 1223
f 1375 1573 1830
f 1830 1556 1223
f 1223 1556 1067
f 1067 1556 909
f 909 1556 1368
f 729 1368 533
f 729 909 1368
f 1368 1234 533
f 533 1234 463
f 463 1234 411
f 411 1234 1102
f 377 1102 357
f 377 411 1102
f 1102 984 357
f 357 984 333
f 333 984 321
f 321 984 860
f 313 860 748
f 678 313 748
f 678 620 313
f 313 620 584
f 589 313 584
f 589 314 313
f 313 321 860
f 2238 5194 2793
f 7129 7130 6879
f 7130 7124 6607
f 5233 2277 4728
f 626 590 602
f 670 602 610
f 674 610 632
f 690 632 646
f 706 646 666
f 724 666 698
f 736 698 726
f 776 726 744
f 808 744 798
f 828 798 820
f 868 820 850
f 896 850 892
f 936 892 924
f 966 924 948
f 980 966 948
f 980 1028 966
f 966 1028 1030
f 1006 1030 1096
f 1072 1096 1186
f 1172 1186 1310
f 1293 1310 1486
f 1468 1486 1772
f 1762 1772 2038
f 2024 2038 2354
f 2340 2354 2474
f 2472 2474 2602
f 2600 2602 2704
f 2702 2704 2863
f 2864 2702 2863
f 2864 2700 2702
f 2864 2869 2700
f 2700 2869 2650
f 2596 2650 2538
f 2466 2538 2440
f 2328 2440 2350
f 2074 2328 2350
f 2074 1980 2328
f 2074 1836 1980
f 1980 1836 1678
f 1684 1678 1406
f 1410 1406 1230
f 1246 1230 1074
f 1086 1074 952
f 962 952 834
f 856 834 776
f 808 776 744
f 808 856 776
f 808 886 856
f 808 828 886
f 808 798 828
f 598 610 594
f 598 612 610
f 610 612 632
f 632 612 636
f 646 636 652
f 666 652 668
f 698 668 696
f 710 698 696
f 710 726 698
f 710 734 726
f 726 734 744
f 744 734 766
f 798 766 802
f 820 802 818
f 844 820 818
f 844 850 820
f 844 872 850
f 850 872 892
f 892 872 902
f 924 902 932
f 948 924 932
f 1028 1098 1030
f 1030 1098 1138
f 1096 1138 1216
f 1186 1216 1332
f 1310 1332 1504
f 1486 1504 1798
f 1772 1798 2050
f 2038 2050 2362
f 2354 2362 2480
f 2474 2480 2604
f 2602 2604 2706
f 2704 2706 2861
f 2862 2704 2861
f 2862 2863 2704
f 1098 1174 1138
f 1138 1174 1250
f 1216 1250 1352
f 1332 1352 1526
f 1504 1526 1812
f 1798 1812 2060
f 2050 2060 2366
f 2362 2366 2482
f 2480 2482 2606
f 2604 2606 2708
f 2706 2708 2860
f 2861 2706 2860
f 1174 1278 1250
f 1250 1278 1384
f 1352 1384 1540
f 1526 1540 1818
f 1812 1818 2080
f 2060 2080 2370
f 2366 2370 2486
f 2482 2486 2608
f 2606 2608 2710
f 2708 2710 2859
f 2860 2708 2859
f 1278 1404 1384
f 1384 1404 1544
f 1586 1544 1802
f 1874 1802 1978
f 2110 1978 2176
f 2388 2176 2392
f 2488 2388 2392
f 2488 2506 2388
f 2488 2550 2506
f 2506 2550 2620
f 2618 2620 2725
f 2723 2725 2851
f 2852 2723 2851
f 2852 2721 2723
f 2852 2853 2721
f 2721 2853 2854
f 2719 2854 2855
f 2714 2855 2856
f 2712 2856 2857
f 2710 2857 2858
f 2859 2710 2858
f 2550 2666 2620
f 2620 2666 2727
f 2725 2727 2850
f 2851 2725 2850
f 2666 2849 2727
f 2727 2849 2850
f 1836 1562 1678
f 1678 1562 1402
f 1406 1402 1222
f 1230 1222 1062
f 1074 1062 928
f 952 928 816
f 834 816 736
f 776 736 726
f 776 834 736
f 1562 1374 1402
f 1402 1374 1214
f 1222 1214 1058
f 1062 1058 922
f 928 922 804
f 816 804 724
f 736 724 698
f 736 816 724
f 1374 1240 1214
f 1214 1240 1108
f 1052 1108 990
f 908 990 866
f 780 866 754
f 670 754 684
f 626 670 684
f 626 602 670
f 924 892 902
f 820 798 802
f 798 744 766
f 698 666 668
f 666 646 652
f 646 632 636
f 590 594 602
f 602 594 610
f 924 966 936
f 936 966 1006
f 976 1006 1072
f 1042 1072 1172
f 1158 1172 1293
f 1280 1293 1468
f 1448 1468 1762
f 1744 1762 2024
f 2006 2024 2340
f 2338 2340 2472
f 2470 2472 2600
f 2598 2600 2702
f 2700 2598 2702
f 2700 2596 2598
f 2700 2650 2596
f 892 936 896
f 896 936 976
f 954 976 1042
f 1024 1042 1158
f 1144 1158 1280
f 1268 1280 1448
f 1434 1448 1744
f 1730 1744 2006
f 1996 2006 2338
f 2336 2338 2470
f 2468 2470 2598
f 2596 2468 2598
f 2596 2466 2468
f 2596 2538 2466
f 850 896 868
f 868 896 954
f 918 954 1024
f 1004 1024 1144
f 1122 1144 1268
f 1260 1268 1434
f 1426 1434 1730
f 1708 1730 1996
f 1994 1996 2336
f 2330 2336 2468
f 2466 2330 2468
f 2466 2328 2330
f 2466 2440 2328
f 820 868 828
f 828 868 918
f 886 918 1004
f 992 1004 1122
f 1110 1122 1260
f 1252 1260 1426
f 1420 1426 1708
f 1698 1708 1994
f 1982 1994 2330
f 2328 1982 2330
f 2328 1980 1982
f 1982 1980 1684
f 1698 1684 1410
f 1420 1410 1246
f 1252 1246 1086
f 1110 1086 962
f 992 962 856
f 886 992 856
f 886 1004 992
f 666 724 706
f 706 724 804
f 792 804 922
f 914 922 1058
f 1052 1058 1214
f 1108 1052 1214
f 646 706 690
f 690 706 792
f 786 792 914
f 908 914 1052
f 990 908 1052
f 632 690 674
f 674 690 786
f 780 786 908
f 866 780 908
f 610 674 670
f 670 674 780
f 754 670 780
f 1030 1006 966
f 1006 976 936
f 976 954 896
f 954 918 868
f 918 886 828
f 834 856 962
f 816 834 952
f 804 792 706
f 804 816 928
f 792 786 690
f 786 780 674
f 1138 1096 1030
f 1096 1072 1006
f 1072 1042 976
f 1042 1024 954
f 1024 1004 918
f 1122 1110 992
f 992 1110 962
f 952 962 1086
f 928 952 1074
f 922 914 792
f 922 928 1062
f 914 908 786
f 1250 1216 1138
f 1216 1186 1096
f 1186 1172 1072
f 1172 1158 1042
f 1158 1144 1024
f 1144 1122 1004
f 1260 1252 1110
f 1110 1252 1086
f 1074 1086 1246
f 1062 1074 1230
f 1058 1052 914
f 1058 1062 1222
f 1384 1352 1250
f 1352 1332 1216
f 1332 1310 1186
f 1310 1293 1172
f 1293 1280 1158
f 1280 1268 1144
f 1268 1260 1122
f 1426 1420 1252
f 1252 1420 1246
f 1230 1246 1410
f 1222 1230 1406
f 1214 1222 1402
f 1544 1586 1384
f 1384 1586 1540
f 1540 1586 1854
f 1818 1854 2090
f 2080 2090 2374
f 2370 2374 2490
f 2486 2490 2610
f 2608 2610 2712
f 2710 2712 2857
f 2710 2608 2712
f 1540 1526 1352
f 1526 1504 1332
f 1504 1486 1310
f 1486 1468 1293
f 1468 1448 1280
f 1448 1434 1268
f 1434 1426 1260
f 1708 1698 1420
f 1420 1698 1410
f 1406 1410 1684
f 1402 1406 1678
f 1802 1874 1586
f 1586 1874 1854
f 1854 1874 2100
f 2090 2100 2382
f 2374 2382 2494
f 2490 2494 2612
f 2610 2612 2714
f 2712 2714 2856
f 2712 2610 2714
f 1854 1818 1540
f 1818 1812 1526
f 1812 1798 1504
f 1798 1772 1486
f 1772 1762 1468
f 1762 1744 1448
f 1744 1730 1434
f 1730 1708 1426
f 1994 1982 1698
f 1698 1982 1684
f 1678 1684 1980
f 1978 2110 1874
f 1874 2110 2100
f 2100 2110 2386
f 2382 2386 2498
f 2494 2498 2614
f 2612 2614 2719
f 2714 2719 2855
f 2714 2612 2719
f 2100 2090 1854
f 2090 2080 1818
f 2080 2060 1812
f 2060 2050 1798
f 2050 2038 1772
f 2038 2024 1762
f 2024 2006 1744
f 2006 1996 1730
f 1996 1994 1708
f 2176 2388 2110
f 2110 2388 2386
f 2386 2388 2502
f 2498 2502 2616
f 2614 2616 2721
f 2719 2721 2854
f 2719 2614 2721
f 2386 2382 2100
f 2382 2374 2090
f 2374 2370 2080
f 2370 2366 2060
f 2366 2362 2050
f 2362 2354 2038
f 2354 2340 2024
f 2340 2338 2006
f 2338 2336 1996
f 2336 2330 1994
f 2388 2506 2502
f 2502 2506 2618
f 2616 2618 2723
f 2721 2616 2723
f 2502 2498 2386
f 2498 2494 2382
f 2494 2490 2374
f 2490 2486 2370
f 2486 2482 2366
f 2482 2480 2362
f 2480 2474 2354
f 2474 2472 2340
f 2472 2470 2338
f 2470 2468 2336
f 2620 2618 2506
f 2618 2616 2502
f 2616 2614 2498
f 2614 2612 2494
f 2612 2610 2490
f 2610 2608 2486
f 2608 2606 2482
f 2606 2604 2480
f 2604 2602 2474
f 2602 2600 2472
f 2600 2598 2470
f 2727 2725 2620
f 2725 2723 2618
f 2710 2708 2606
f 2708 2706 2604
f 2706 2704 2602
f 2704 2702 2600
f 590 585 594
f 594 585 593
f 597 594 593
f 597 598 594
f 597 611 598
f 598 611 612
f 612 611 635
f 636 635 651
f 652 651 668
f 652 636 651
f 651 667 668
f 668 667 695
f 696 695 709
f 710 709 733
f 734 733 765
f 766 765 802
f 766 734 765
f 765 801 802
f 802 801 817
f 818 817 843
f 844 843 871
f 872 871 901
f 902 901 932
f 902 872 901
f 901 931 932
f 872 844 871
f 844 818 843
f 818 802 817
f 734 710 733
f 710 696 709
f 696 668 695
f 636 612 635
f 2849 4709 2850
f 2850 4709 4710
f 4711 2850 4710
f 4711 2851 2850
f 4711 4712 2851
f 2851 4712 2852
f 2852 4712 4713
f 2853 4713 4714
f 2854 4714 2855
f 2854 2853 4714
f 4714 4715 2855
f 2855 4715 4716
f 2856 4716 4717
f 2857 4717 4718
f 2858 4718 4719
f 2859 4719 2860
f 2859 2858 4719
f 4719 4720 2860
f 2860 4720 4721
f 2861 4721 4722
f 2862 4722 4723
f 2863 4723 4724
f 2864 4724 2869
f 2864 2863 4724
f 4724 4729 2869
f 2863 2862 4723
f 2862 2861 4722
f 2861 2860 4721
f 2858 2857 4718
f 2857 2856 4717
f 2856 2855 4716
f 2853 2852 4713
f 2645 2794 2699
f 2595 2699 2701
f 2597 2701 2703
f 2599 2703 2705
f 2601 2705 2707
f 2603 2707 2709
f 2605 2709 2711
f 2607 2711 2713
f 2609 2713 2718
f 2611 2718 2720
f 2613 2720 2722
f 2615 2722 2724
f 2617 2724 2726
f 2619 2726 2665
f 2549 2619 2665
f 2549 2505 2619
f 2549 2487 2505
f 2505 2487 2387
f 2385 2387 2099
f 2089 2099 1817
f 1811 1817 1503
f 1485 1503 1292
f 1279 1292 1143
f 1121 1143 991
f 961 991 833
f 815 833 723
f 705 723 645
f 631 645 635
f 611 631 635
f 611 597 631
f 631 597 609
f 689 609 673
f 791 673 785
f 921 785 913
f 1061 913 1057
f 1229 1057 1221
f 1409 1221 1405
f 1697 1405 1683
f 1993 1683 1981
f 2335 1981 2329
f 2469 2329 2467
f 2599 2467 2597
f 2703 2599 2597
f 2796 2701 2795
f 2796 2797 2701
f 2701 2797 2703
f 2703 2797 2798
f 2705 2798 2799
f 2707 2799 2800
f 2709 2800 2801
f 2802 2709 2801
f 2802 2711 2709
f 2802 2803 2711
f 2711 2803 2713
f 2713 2803 2804
f 2718 2804 2805
f 2720 2805 2806
f 2807 2720 2806
f 2807 2722 2720
f 2807 2808 2722
f 2722 2808 2724
f 2724 2808 2809
f 2726 2809 2810
f 2665 2726 2810
f 2487 2391 2387
f 2387 2391 2175
f 2109 2175 1977
f 1873 1977 1801
f 1585 1801 1543
f 1383 1543 1403
f 1277 1383 1403
f 1277 1249 1383
f 1277 1173 1249
f 1249 1173 1137
f 1095 1137 1005
f 975 1005 895
f 867 895 819
f 797 819 801
f 765 797 801
f 765 743 797
f 765 733 743
f 743 733 725
f 807 725 775
f 885 775 855
f 1003 855 991
f 1143 1003 991
f 1143 1157 1003
f 1143 1292 1157
f 1157 1292 1309
f 1171 1309 1331
f 1185 1331 1351
f 1215 1351 1383
f 1249 1215 1383
f 1249 1095 1215
f 1249 1137 1095
f 1173 1097 1137
f 1137 1097 1029
f 1005 1029 935
f 895 935 849
f 819 849 843
f 817 819 843
f 817 801 819
f 1097 1027 1029
f 1029 1027 979
f 965 979 947
f 923 947 931
f 901 923 931
f 901 891 923
f 901 871 891
f 891 871 849
f 935 891 849
f 935 965 891
f 935 1029 965
f 965 1029 979
f 871 843 849
f 733 709 725
f 725 709 695
f 697 695 667
f 665 667 651
f 645 651 635
f 645 665 651
f 645 723 665
f 665 723 735
f 697 735 775
f 725 697 775
f 725 695 697
f 597 593 609
f 609 593 601
f 673 601 669
f 785 669 779
f 913 779 907
f 1057 907 1051
f 1221 1051 1213
f 1405 1213 1401
f 1683 1401 1677
f 1981 1677 1979
f 2329 1979 2327
f 2467 2327 2465
f 2597 2465 2595
f 2701 2597 2595
f 593 585 601
f 601 585 621
f 669 621 679
f 779 679 749
f 861 779 749
f 861 907 779
f 861 985 907
f 907 985 1051
f 1051 985 1103
f 1213 1103 1235
f 1401 1235 1369
f 1557 1401 1369
f 1557 1677 1401
f 1557 1831 1677
f 1677 1831 1979
f 1979 1831 2069
f 2327 2069 2345
f 2435 2327 2345
f 2435 2465 2327
f 2435 2533 2465
f 2465 2533 2595
f 2595 2533 2645
f 2699 2595 2645
f 2726 2724 2809
f 2720 2718 2805
f 2718 2713 2804
f 2709 2707 2800
f 2707 2705 2799
f 2705 2703 2798
f 2794 2795 2699
f 2699 2795 2701
f 2726 2619 2617
f 2617 2619 2501
f 2497 2501 2381
f 2373 2381 2079
f 2059 2079 1797
f 1771 1797 1467
f 1447 1467 1267
f 1259 1267 1109
f 1085 1109 951
f 927 951 803
f 791 803 689
f 673 791 689
f 2724 2617 2615
f 2615 2617 2497
f 2493 2497 2373
f 2369 2373 2059
f 2049 2059 1771
f 1761 1771 1447
f 1433 1447 1259
f 1251 1259 1085
f 1073 1085 927
f 921 927 791
f 785 921 791
f 2722 2615 2613
f 2613 2615 2493
f 2489 2493 2369
f 2365 2369 2049
f 2037 2049 1761
f 1743 1761 1433
f 1425 1433 1251
f 1245 1251 1073
f 1061 1073 921
f 913 1061 921
f 2720 2613 2611
f 2611 2613 2489
f 2485 2489 2365
f 2361 2365 2037
f 2023 2037 1743
f 1729 1743 1425
f 1419 1425 1245
f 1229 1245 1061
f 1057 1229 1061
f 2718 2611 2609
f 2609 2611 2485
f 2481 2485 2361
f 2353 2361 2023
f 2005 2023 1729
f 1707 1729 1419
f 1409 1419 1229
f 1221 1409 1229
f 2713 2609 2607
f 2607 2609 2481
f 2479 2481 2353
f 2339 2353 2005
f 1995 2005 1707
f 1697 1707 1409
f 1405 1697 1409
f 2711 2607 2605
f 2605 2607 2479
f 2473 2479 2339
f 2337 2339 1995
f 1993 1995 1697
f 1683 1993 1697
f 2709 2605 2603
f 2603 2605 2473
f 2471 2473 2337
f 2335 2337 1993
f 1981 2335 1993
f 2707 2603 2601
f 2601 2603 2471
f 2469 2471 2335
f 2329 2469 2335
f 2705 2601 2599
f 2599 2601 2469
f 2467 2599 2469
f 2619 2505 2501
f 2501 2505 2385
f 2381 2385 2089
f 2079 2089 1811
f 1797 1811 1485
f 1467 1485 1279
f 1267 1279 1121
f 1109 1121 961
f 951 961 815
f 803 815 705
f 689 705 631
f 609 689 631
f 2501 2497 2617
f 2497 2493 2615
f 2493 2489 2613
f 2489 2485 2611
f 2485 2481 2609
f 2481 2479 2607
f 2479 2473 2605
f 2473 2471 2603
f 2471 2469 2601
f 2467 2465 2597
f 2387 2385 2505
f 2385 2381 2501
f 2381 2373 2497
f 2373 2369 2493
f 2369 2365 2489
f 2365 2361 2485
f 2361 2353 2481
f 2353 2339 2479
f 2339 2337 2473
f 2337 2335 2471
f 2329 2327 2467
f 2175 2109 2387
f 2387 2109 2099
f 2099 2109 1853
f 1817 1853 1525
f 1503 1525 1309
f 1292 1503 1309
f 2099 2089 2385
f 2089 2079 2381
f 2079 2059 2373
f 2059 2049 2369
f 2049 2037 2365
f 2037 2023 2361
f 2023 2005 2353
f 2005 1995 2339
f 1995 1993 2337
f 1981 1979 2329
f 2327 1979 2069
f 1977 1873 2109
f 2109 1873 1853
f 1853 1873 1539
f 1525 1539 1331
f 1309 1525 1331
f 1853 1817 2099
f 1817 1811 2089
f 1811 1797 2079
f 1797 1771 2059
f 1771 1761 2049
f 1761 1743 2037
f 1743 1729 2023
f 1729 1707 2005
f 1707 1697 1995
f 1683 1677 1981
f 1801 1585 1873
f 1873 1585 1539
f 1539 1585 1351
f 1331 1539 1351
f 1539 1525 1853
f 1525 1503 1817
f 1503 1485 1811
f 1485 1467 1797
f 1467 1447 1771
f 1447 1433 1761
f 1433 1425 1743
f 1425 1419 1729
f 1419 1409 1707
f 1405 1401 1683
f 1543 1383 1585
f 1585 1383 1351
f 1292 1279 1485
f 1279 1267 1467
f 1267 1259 1447
f 1259 1251 1433
f 1251 1245 1425
f 1245 1229 1419
f 1221 1213 1405
f 1401 1213 1235
f 1351 1215 1185
f 1185 1215 1071
f 1041 1071 953
f 917 953 827
f 807 827 743
f 725 807 743
f 1331 1185 1171
f 1171 1185 1041
f 1023 1041 917
f 885 917 807
f 775 885 807
f 1309 1171 1157
f 1157 1171 1023
f 1003 1023 885
f 855 1003 885
f 1143 1121 1279
f 1121 1109 1267
f 1109 1085 1259
f 1085 1073 1251
f 1073 1061 1245
f 1057 1051 1221
f 1213 1051 1103
f 1215 1095 1071
f 1071 1095 975
f 953 975 867
f 827 867 797
f 743 827 797
f 1071 1041 1185
f 1041 1023 1171
f 1023 1003 1157
f 991 961 1121
f 961 951 1109
f 951 927 1085
f 927 921 1073
f 913 907 1057
f 1029 1005 1137
f 1005 975 1095
f 975 953 1071
f 953 917 1041
f 917 885 1023
f 991 855 833
f 833 855 735
f 723 833 735
f 833 815 961
f 815 803 951
f 803 791 927
f 785 779 913
f 935 895 1005
f 895 867 975
f 867 827 953
f 827 807 917
f 775 735 855
f 723 705 815
f 705 689 803
f 673 669 785
f 779 669 679
f 947 923 965
f 965 923 891
f 849 819 895
f 819 797 867
f 667 665 697
f 697 665 735
f 645 631 705
f 609 601 673
f 669 601 621
f 6552 6570 6532
f 6532 6570 6534
f 6496 6534 6468
f 6430 6468 6394
f 6376 6394 6300
f 6298 6300 6190
f 6298 6376 6300
f 6534 6570 6564
f 6468 6564 6514
f 6394 6514 6418
f 6300 6418 6316
f 6166 6316 6186
f 6000 6186 6036
f 5742 6036 5774
f 5500 5774 5516
f 5270 5516 5274
f 5042 5274 5046
f 4908 5046 4920
f 4804 4920 4806
f 4710 4806 4711
f 4710 4804 4806
f 4710 4709 4804
f 4804 4709 4814
f 4906 4804 4814
f 4906 4908 4804
f 4906 5002 4908
f 4908 5002 5042
f 5046 4908 5042
f 6620 6592 6590
f 6620 6648 6592
f 6592 6648 6632
f 6548 6632 6574
f 6446 6574 6466
f 6334 6466 6358
f 6202 6358 6218
f 6056 6218 6076
f 5816 6076 5840
f 5528 5840 5542
f 5278 5542 5280
f 5050 5280 5052
f 4922 5052 4928
f 4808 4928 4810
f 4712 4810 4713
f 4712 4808 4810
f 4712 4711 4808
f 4808 4711 4806
f 4922 4806 4920
f 5050 4920 5046
f 5278 5046 5274
f 5528 5274 5516
f 5816 5516 5774
f 6056 5774 6036
f 6202 6036 6186
f 6334 6186 6316
f 6446 6316 6418
f 6548 6418 6514
f 6592 6514 6564
f 6590 6564 6570
f 6590 6592 6564
f 6648 6666 6632
f 6632 6666 6660
f 6574 6660 6596
f 6466 6596 6506
f 6358 6506 6384
f 6218 6384 6244
f 6076 6244 6094
f 5840 6094 5866
f 5542 5866 5546
f 5280 5546 5290
f 5052 5290 5054
f 4928 5054 4934
f 4810 4934 4812
f 4714 4812 4715
f 4714 4810 4812
f 4714 4713 4810
f 6666 6696 6660
f 6660 6696 6688
f 6596 6688 6630
f 6506 6630 6528
f 6384 6528 6406
f 6244 6406 6272
f 6094 6272 6114
f 5866 6114 5878
f 5546 5878 5566
f 5290 5566 5304
f 5054 5304 5056
f 4934 5056 4938
f 4812 4938 4816
f 4715 4816 4716
f 4715 4812 4816
f 6696 6728 6688
f 6688 6728 6726
f 6630 6726 6654
f 6528 6654 6558
f 6406 6558 6422
f 6272 6422 6294
f 6114 6294 6128
f 5878 6128 5892
f 5566 5892 5576
f 5304 5576 5332
f 5056 5332 5060
f 4938 5060 4942
f 4816 4942 4818
f 4716 4818 4717
f 4716 4816 4818
f 6728 6754 6726
f 6726 6754 6772
f 6750 6772 6794
f 6774 6794 6810
f 6796 6810 6824
f 6808 6824 6848
f 6860 6808 6848
f 6860 6818 6808
f 6860 6866 6818
f 6818 6866 6820
f 6738 6820 6744
f 6628 6744 6634
f 6472 6634 6482
f 6328 6482 6330
f 6168 6330 6170
f 5950 6170 5955
f 5618 5955 5624
f 5358 5624 5362
f 5074 5362 5078
f 4956 5078 4958
f 4828 4958 4830
f 4724 4830 4729
f 4724 4828 4830
f 4724 4723 4828
f 4828 4723 4722
f 4826 4722 4721
f 4824 4721 4720
f 4822 4720 4719
f 4820 4719 4718
f 4717 4820 4718
f 4717 4818 4820
f 4820 4818 4946
f 4948 4946 5066
f 5068 5066 5348
f 5352 5348 5612
f 5618 5612 5950
f 5955 5618 5950
f 6880 6844 6866
f 6866 6844 6820
f 6820 6844 6788
f 6744 6788 6718
f 6634 6718 6608
f 6482 6608 6494
f 6374 6482 6494
f 6374 6330 6482
f 6374 6240 6330
f 6330 6240 6170
f 6170 6240 6110
f 5955 6110 5910
f 5624 5910 5656
f 5430 5624 5656
f 5430 5362 5624
f 5430 5148 5362
f 5362 5148 5078
f 5078 5148 5036
f 4958 5036 4918
f 4830 4918 4858
f 4729 4830 4858
f 5002 5106 5042
f 5042 5106 5270
f 5274 5042 5270
f 5106 5292 5270
f 5270 5292 5500
f 5516 5270 5500
f 5292 5508 5500
f 5500 5508 5690
f 5742 5690 5920
f 6000 5920 6080
f 6166 6080 6190
f 6300 6166 6190
f 6300 6316 6166
f 6376 6430 6394
f 6430 6496 6468
f 6496 6532 6534
f 6820 6738 6818
f 6818 6738 6732
f 6808 6732 6722
f 6796 6722 6694
f 6774 6694 6674
f 6750 6674 6654
f 6726 6750 6654
f 6726 6772 6750
f 6722 6796 6808
f 6808 6796 6824
f 6808 6818 6732
f 6694 6774 6796
f 6796 6774 6810
f 6674 6750 6774
f 6774 6750 6794
f 6688 6726 6630
f 6660 6688 6596
f 6632 6660 6574
f 6514 6592 6548
f 6548 6592 6632
f 6534 6564 6468
f 6744 6628 6738
f 6738 6628 6618
f 6732 6618 6610
f 6722 6610 6586
f 6694 6586 6578
f 6674 6578 6558
f 6654 6674 6558
f 6732 6738 6618
f 6722 6732 6610
f 6694 6722 6586
f 6674 6694 6578
f 6630 6654 6528
f 6596 6630 6506
f 6574 6596 6466
f 6418 6548 6446
f 6446 6548 6574
f 6468 6514 6394
f 6744 6820 6788
f 6634 6472 6628
f 6628 6472 6470
f 6618 6470 6462
f 6610 6462 6450
f 6586 6450 6434
f 6578 6434 6422
f 6558 6578 6422
f 6618 6628 6470
f 6610 6618 6462
f 6586 6610 6450
f 6578 6586 6434
f 6528 6558 6406
f 6506 6528 6384
f 6466 6506 6358
f 6316 6446 6334
f 6334 6446 6466
f 6394 6418 6300
f 6634 6744 6718
f 6482 6328 6472
f 6472 6328 6326
f 6470 6326 6322
f 6462 6322 6308
f 6450 6308 6304
f 6434 6304 6294
f 6422 6434 6294
f 6470 6472 6326
f 6462 6470 6322
f 6450 6462 6308
f 6434 6450 6304
f 6406 6422 6272
f 6384 6406 6244
f 6358 6384 6218
f 6186 6334 6202
f 6202 6334 6358
f 6482 6634 6608
f 6330 6168 6328
f 6328 6168 6164
f 6326 6164 6156
f 6322 6156 6144
f 6308 6144 6136
f 6304 6136 6128
f 6294 6304 6128
f 6326 6328 6164
f 6322 6326 6156
f 6308 6322 6144
f 6304 6308 6136
f 6272 6294 6114
f 6244 6272 6094
f 6218 6244 6076
f 6036 6202 6056
f 6056 6202 6218
f 6080 6166 6000
f 6000 6166 6186
f 6170 5950 6168
f 6168 5950 5948
f 6164 5948 5934
f 6156 5934 5928
f 6144 5928 5918
f 6136 5918 5892
f 6128 6136 5892
f 6164 6168 5948
f 6156 6164 5934
f 6144 6156 5928
f 6136 6144 5918
f 6114 6128 5878
f 6094 6114 5866
f 6076 6094 5840
f 5774 6056 5816
f 5816 6056 6076
f 5920 6000 5742
f 5742 6000 6036
f 5950 5612 5948
f 5948 5612 5606
f 5934 5606 5596
f 5928 5596 5584
f 5918 5584 5576
f 5892 5918 5576
f 5934 5948 5606
f 5928 5934 5596
f 5918 5928 5584
f 5878 5892 5566
f 5866 5878 5546
f 5840 5866 5542
f 5516 5816 5528
f 5528 5816 5840
f 5690 5742 5500
f 5500 5742 5774
f 5955 6170 6110
f 5624 5358 5618
f 5618 5358 5352
f 5612 5618 5352
f 5612 5348 5606
f 5606 5348 5344
f 5596 5344 5338
f 5584 5338 5332
f 5576 5584 5332
f 5596 5606 5344
f 5584 5596 5338
f 5566 5576 5304
f 5546 5566 5290
f 5542 5546 5280
f 5274 5528 5278
f 5278 5528 5542
f 5624 5955 5910
f 5362 5074 5358
f 5358 5074 5072
f 5352 5072 5068
f 5348 5352 5068
f 5352 5358 5072
f 5348 5066 5344
f 5344 5066 5064
f 5338 5064 5060
f 5332 5338 5060
f 5338 5344 5064
f 5304 5332 5056
f 5290 5304 5054
f 5280 5290 5052
f 5046 5278 5050
f 5050 5278 5280
f 5078 4956 5074
f 5074 4956 4954
f 5072 4954 4952
f 5068 4952 4948
f 5066 5068 4948
f 5072 5074 4954
f 5068 5072 4952
f 5066 4946 5064
f 5064 4946 4942
f 5060 5064 4942
f 5056 5060 4938
f 5054 5056 4934
f 5052 5054 4928
f 4920 5050 4922
f 4922 5050 5052
f 4958 4828 4956
f 4956 4828 4826
f 4954 4826 4824
f 4952 4824 4822
f 4948 4822 4820
f 4946 4948 4820
f 4954 4956 4826
f 4952 4954 4824
f 4948 4952 4822
f 4942 4946 4818
f 4938 4942 4816
f 4934 4938 4812
f 4928 4934 4810
f 4806 4922 4808
f 4808 4922 4928
f 4908 4920 4804
f 4958 5078 5036
f 4826 4828 4722
f 4824 4826 4721
f 4822 4824 4720
f 4820 4822 4719
f 4830 4958 4918
f 2794 4654 2795
f 2795 4654 4655
f 4656 2795 4655
f 4656 2796 2795
f 4656 4657 2796
f 2796 4657 2797
f 2797 4657 4658
f 2798 4658 4659
f 2799 4659 2800
f 2799 2798 4659
f 4659 4660 2800
f 2800 4660 4661
f 2801 4661 4662
f 2802 4662 4663
f 2803 4663 4664
f 2804 4664 2805
f 2804 2803 4664
f 4664 4665 2805
f 2805 4665 4666
f 2806 4666 4667
f 2807 4667 4668
f 2808 4668 4669
f 2809 4669 2810
f 2809 2808 4669
f 4669 4670 2810
f 2808 2807 4668
f 2807 2806 4667
f 2806 2805 4666
f 2803 2802 4663
f 2802 2801 4662
f 2801 2800 4661
f 2798 2797 4658
f 6552 6551 6570
f 6570 6551 6569
f 6589 6570 6569
f 6589 6590 6570
f 6589 6619 6590
f 6590 6619 6620
f 6620 6619 6647
f 6648 6647 6665
f 6666 6665 6696
f 6666 6648 6665
f 6665 6695 6696
f 6696 6695 6727
f 6728 6727 6753
f 6754 6753 6771
f 6772 6771 6793
f 6794 6793 6810
f 6794 6772 6793
f 6793 6809 6810
f 6810 6809 6823
f 6824 6823 6847
f 6848 6847 6859
f 6860 6859 6865
f 6866 6865 6880
f 6866 6860 6865
f 6865 6875 6880
f 6860 6848 6859
f 6848 6824 6847
f 6824 6810 6823
f 6772 6754 6771
f 6754 6728 6753
f 6728 6696 6727
f 6648 6620 6647
f 4813 4670 4803
f 4905 4803 4907
f 5001 4907 5041
f 5105 5041 5269
f 5291 5269 5499
f 5507 5499 5689
f 5507 5291 5499
f 4666 4809 4667
f 4666 4665 4809
f 4809 4665 4811
f 4927 4811 4933
f 5051 4933 5053
f 5279 5053 5289
f 5541 5289 5545
f 5839 5545 5865
f 6075 5865 6093
f 6217 6093 6243
f 6357 6243 6383
f 6465 6383 6505
f 6573 6505 6595
f 6631 6595 6659
f 6665 6659 6695
f 6665 6631 6659
f 6665 6647 6631
f 6631 6647 6619
f 6591 6619 6589
f 6563 6589 6569
f 6533 6569 6531
f 6495 6533 6531
f 6495 6467 6533
f 6495 6429 6467
f 6467 6429 6393
f 6417 6393 6315
f 6333 6315 6201
f 6217 6201 6075
f 6093 6217 6075
f 4667 4807 4668
f 4667 4809 4807
f 4807 4809 4921
f 4919 4921 5045
f 5041 5045 5269
f 5041 4919 5045
f 5041 4907 4919
f 4919 4907 4805
f 4807 4805 4668
f 4807 4919 4805
f 4807 4921 4919
f 4665 4664 4811
f 4811 4664 4815
f 4933 4815 4937
f 5053 4937 5055
f 5289 5055 5303
f 5545 5303 5565
f 5865 5565 5877
f 6093 5877 6113
f 6243 6113 6271
f 6383 6271 6405
f 6505 6405 6527
f 6595 6527 6629
f 6659 6629 6687
f 6695 6687 6727
f 6695 6659 6687
f 4664 4663 4815
f 4815 4663 4817
f 4937 4817 4941
f 5055 4941 5059
f 5303 5059 5331
f 5565 5331 5575
f 5877 5575 5891
f 6113 5891 6127
f 6271 6127 6293
f 6405 6293 6421
f 6527 6421 6557
f 6629 6557 6653
f 6687 6653 6725
f 6727 6725 6753
f 6727 6687 6725
f 4663 4662 4817
f 4817 4662 4661
f 4819 4661 4660
f 4821 4660 4659
f 4823 4659 4658
f 4825 4658 4657
f 4656 4825 4657
f 4656 4827 4825
f 4656 4655 4827
f 4827 4655 4829
f 4955 4829 4957
f 5073 4957 5077
f 5357 5077 5361
f 5617 5361 5623
f 5949 5623 5954
f 6167 5954 6169
f 6327 6169 6329
f 6471 6329 6481
f 6627 6481 6633
f 6737 6633 6743
f 6817 6743 6819
f 6865 6819 6839
f 6875 6865 6839
f 4655 4654 4829
f 4829 4654 4853
f 4913 4829 4853
f 4913 4957 4829
f 4913 5031 4957
f 4957 5031 5077
f 5077 5031 5143
f 5361 5143 5425
f 5623 5425 5651
f 5905 5623 5651
f 5905 5954 5623
f 5905 6105 5954
f 5954 6105 6169
f 6169 6105 6235
f 6329 6235 6369
f 6481 6369 6489
f 6603 6481 6489
f 6603 6633 6481
f 6603 6713 6633
f 6633 6713 6743
f 6743 6713 6783
f 6819 6783 6839
f 6819 6743 6783
f 6819 6865 6817
f 6817 6865 6859
f 6847 6817 6859
f 6847 6807 6817
f 6847 6823 6807
f 6807 6823 6795
f 6731 6795 6721
f 6617 6721 6609
f 6469 6609 6461
f 6325 6461 6321
f 6163 6321 6155
f 5947 6155 5933
f 5611 5933 5605
f 5351 5605 5347
f 5071 5347 5067
f 4953 5067 4951
f 4825 4951 4823
f 4658 4825 4823
f 6823 6809 6795
f 6795 6809 6773
f 6721 6773 6693
f 6609 6693 6585
f 6461 6585 6449
f 6321 6449 6307
f 6155 6307 6143
f 5933 6143 5927
f 5605 5927 5595
f 5347 5595 5343
f 5067 5343 5065
f 4951 5065 4947
f 4823 4947 4821
f 4659 4823 4821
f 6809 6793 6773
f 6773 6793 6749
f 6693 6749 6673
f 6585 6673 6577
f 6449 6577 6433
f 6307 6433 6303
f 6143 6303 6135
f 5927 6135 5917
f 5595 5917 5583
f 5343 5583 5337
f 5065 5337 5063
f 4947 5063 4945
f 4821 4945 4819
f 4660 4821 4819
f 6793 6771 6749
f 6749 6771 6753
f 6725 6749 6753
f 6725 6673 6749
f 6725 6653 6673
f 6673 6653 6577
f 6577 6653 6557
f 6433 6557 6421
f 6303 6421 6293
f 6135 6293 6127
f 5917 6127 5891
f 5583 5891 5575
f 5337 5575 5331
f 5063 5331 5059
f 4945 5059 4941
f 4819 4941 4817
f 4661 4819 4817
f 6569 6551 6531
f 6429 6375 6393
f 6393 6375 6299
f 6315 6299 6185
f 6201 6185 6055
f 6075 6055 5839
f 5865 6075 5839
f 6375 6297 6299
f 6299 6297 6189
f 6165 6189 6079
f 5999 6079 5919
f 5741 5919 5689
f 5499 5741 5689
f 5499 5515 5741
f 5499 5273 5515
f 5499 5269 5273
f 5273 5269 5045
f 5049 5045 4921
f 4927 4921 4809
f 4811 4927 4809
f 5291 5105 5269
f 5105 5001 5041
f 5001 4905 4907
f 4905 4813 4803
f 4829 4955 4827
f 4827 4955 4953
f 4825 4953 4951
f 4825 4827 4953
f 4815 4817 4937
f 4811 4815 4933
f 4670 4669 4803
f 4803 4669 4805
f 4907 4803 4805
f 4805 4669 4668
f 4957 5073 4955
f 4955 5073 5071
f 4953 5071 5067
f 4953 4955 5071
f 4951 4947 4823
f 4947 4945 4821
f 4945 4941 4819
f 4937 4941 5055
f 4933 4937 5053
f 4933 5051 4927
f 4927 5051 5049
f 4921 4927 5049
f 5077 5357 5073
f 5073 5357 5351
f 5071 5351 5347
f 5071 5073 5351
f 5067 5065 4951
f 5065 5063 4947
f 5063 5059 4945
f 5055 5059 5303
f 5053 5055 5289
f 5053 5279 5051
f 5051 5279 5277
f 5049 5277 5273
f 5045 5049 5273
f 5049 5051 5277
f 5361 5617 5357
f 5357 5617 5611
f 5351 5611 5605
f 5351 5357 5611
f 5347 5343 5067
f 5343 5337 5065
f 5337 5331 5063
f 5303 5331 5565
f 5289 5303 5545
f 5289 5541 5279
f 5279 5541 5527
f 5277 5527 5515
f 5273 5277 5515
f 5277 5279 5527
f 5361 5077 5143
f 5623 5949 5617
f 5617 5949 5947
f 5611 5947 5933
f 5611 5617 5947
f 5605 5595 5347
f 5595 5583 5343
f 5583 5575 5337
f 5565 5575 5877
f 5545 5565 5865
f 5545 5839 5541
f 5541 5839 5815
f 5527 5815 5773
f 5515 5773 5741
f 5515 5527 5773
f 5527 5541 5815
f 5623 5361 5425
f 5954 6167 5949
f 5949 6167 6163
f 5947 6163 6155
f 5947 5949 6163
f 5933 5927 5605
f 5927 5917 5595
f 5917 5891 5583
f 5877 5891 6113
f 5865 5877 6093
f 5839 6055 5815
f 5815 6055 6035
f 5773 6035 5999
f 5741 5999 5919
f 5741 5773 5999
f 5773 5815 6035
f 6169 6327 6167
f 6167 6327 6325
f 6163 6325 6321
f 6163 6167 6325
f 6155 6143 5933
f 6143 6135 5927
f 6135 6127 5917
f 6113 6127 6271
f 6093 6113 6243
f 6055 6075 6201
f 6055 6185 6035
f 6035 6185 6165
f 5999 6165 6079
f 5999 6035 6165
f 6329 6471 6327
f 6327 6471 6469
f 6325 6469 6461
f 6325 6327 6469
f 6321 6307 6155
f 6307 6303 6143
f 6303 6293 6135
f 6271 6293 6405
f 6243 6271 6383
f 6243 6357 6217
f 6217 6357 6333
f 6201 6217 6333
f 6185 6201 6315
f 6189 6165 6299
f 6299 6165 6185
f 6329 6169 6235
f 6481 6627 6471
f 6471 6627 6617
f 6469 6617 6609
f 6469 6471 6617
f 6461 6449 6321
f 6449 6433 6307
f 6433 6421 6303
f 6405 6421 6527
f 6383 6405 6505
f 6383 6465 6357
f 6357 6465 6445
f 6333 6445 6417
f 6315 6333 6417
f 6333 6357 6445
f 6299 6315 6393
f 6481 6329 6369
f 6633 6737 6627
f 6627 6737 6731
f 6617 6731 6721
f 6617 6627 6731
f 6609 6585 6461
f 6585 6577 6449
f 6577 6557 6433
f 6527 6557 6629
f 6505 6527 6595
f 6505 6573 6465
f 6465 6573 6547
f 6445 6547 6513
f 6417 6513 6467
f 6393 6417 6467
f 6445 6465 6547
f 6417 6445 6513
f 6743 6817 6737
f 6737 6817 6807
f 6731 6807 6795
f 6731 6737 6807
f 6721 6693 6609
f 6693 6673 6585
f 6629 6653 6687
f 6595 6629 6659
f 6595 6631 6573
f 6573 6631 6591
f 6547 6591 6563
f 6513 6563 6533
f 6467 6513 6533
f 6547 6573 6591
f 6513 6547 6563
f 6795 6773 6721
f 6773 6749 6693
f 6591 6631 6619
f 6563 6591 6589
f 6533 6563 6569
f 4654 2794 4653
f 4653 2794 2793
f 2793 2794 2644
f 2644 2794 2645
f 2533 2644 2645
f 2533 2532 2644
f 2533 2435 2532
f 2532 2435 2434
f 2434 2435 2345
f 2344 2345 2069
f 2068 2069 1830
f 2068 2344 2069
f 2069 1831 1830
f 1830 1831 1557
f 1556 1557 1369
f 1368 1369 1235
f 1234 1235 1103
f 1102 1103 984
f 1102 1234 1103
f 1103 985 984
f 984 985 861
f 860 861 749
f 748 749 679
f 678 679 621
f 620 621 584
f 620 678 621
f 621 585 584
f 678 748 679
f 748 860 749
f 860 984 861
f 1234 1368 1235
f 1368 1556 1369
f 1556 1830 1557
f 2344 2434 2345
f 585 590 584
f 584 590 589
f 589 590 625
f 625 590 626
f 684 625 626
f 684 683 625
f 684 754 683
f 683 754 753
f 753 754 866
f 865 866 990
f 989 990 1107
f 989 865 990
f 990 1108 1107
f 1107 1108 1240
f 1239 1240 1374
f 1373 1374 1562
f 1561 1562 1836
f 1835 1836 2073
f 1835 1561 1836
f 1836 2074 2073
f 2073 2074 2350
f 2349 2350 2440
f 2439 2440 2538
f 2537 2538 2650
f 2649 2650 2868
f 2649 2537 2650
f 2650 2869 2868
f 2537 2439 2538
f 2439 2349 2440
f 2349 2073 2350
f 1561 1373 1562
f 1373 1239 1374
f 1239 1107 1240
f 865 753 866
f 6869 6857 6851
f 6851 6857 6825
f 6811 6825 6777
f 6763 6777 6705
f 6689 6705 6613
f 6621 6613 6541
f 6621 6689 6613
f 6857 6821 6825
f 6825 6821 6797
f 6777 6797 6747
f 6705 6747 6669
f 6613 6669 6583
f 6511 6583 6473
f 6389 6473 6379
f 6281 6379 6265
f 6147 6265 6139
f 5995 6139 5987
f 5789 5987 5771
f 5557 5771 5549
f 5391 5549 5389
f 5198 5389 5199
f 5198 5391 5389
f 5198 5197 5391
f 5391 5197 5399
f 5531 5391 5399
f 5531 5557 5391
f 5531 5699 5557
f 5557 5699 5789
f 5771 5557 5789
f 6821 6791 6797
f 6797 6791 6739
f 6747 6739 6701
f 6669 6701 6639
f 6583 6639 6559
f 6473 6559 6447
f 6379 6447 6345
f 6265 6345 6229
f 6139 6229 6125
f 5987 6125 5971
f 5771 5971 5755
f 5549 5755 5543
f 5389 5543 5385
f 5199 5385 5200
f 5199 5389 5385
f 6791 6741 6739
f 6739 6741 6670
f 6701 6670 6643
f 6639 6643 6581
f 6559 6581 6507
f 6447 6507 6411
f 6345 6411 6317
f 6229 6317 6207
f 6125 6207 6095
f 5971 6095 5939
f 5755 5939 5727
f 5543 5727 5535
f 5385 5535 5379
f 5200 5379 5201
f 5200 5385 5379
f 6741 6685 6670
f 6670 6685 6635
f 6597 6635 6567
f 6523 6567 6497
f 6423 6497 6419
f 6335 6419 6343
f 6283 6335 6343
f 6283 6245 6335
f 6283 6197 6245
f 6245 6197 6149
f 6219 6149 6137
f 6195 6137 6117
f 6157 6117 6073
f 6111 6073 6017
f 6041 6017 5935
f 5937 5935 5859
f 5835 5859 5731
f 5685 5731 5607
f 5547 5607 5521
f 5449 5521 5419
f 5335 5419 5325
f 5208 5325 5209
f 5208 5335 5325
f 5208 5207 5335
f 5335 5207 5339
f 5449 5339 5469
f 5547 5469 5581
f 5685 5581 5743
f 5835 5743 5895
f 5937 5895 6031
f 6041 6031 6119
f 6111 6119 6179
f 6157 6179 6225
f 6195 6225 6295
f 6219 6295 6318
f 6245 6318 6335
f 6245 6219 6318
f 6245 6149 6219
f 6197 6123 6149
f 6149 6123 6051
f 6137 6051 6037
f 6117 6037 5997
f 6073 5997 5959
f 6017 5959 5899
f 5935 5899 5841
f 5859 5841 5737
f 5731 5737 5661
f 5607 5661 5555
f 5521 5555 5487
f 5419 5487 5403
f 5325 5403 5297
f 5209 5297 5210
f 5209 5325 5297
f 6123 6039 6051
f 6051 6039 5913
f 6037 5913 5887
f 5997 5887 5868
f 5959 5868 5833
f 5899 5833 5763
f 5841 5763 5705
f 5737 5705 5639
f 5661 5639 5567
f 5555 5567 5513
f 5487 5513 5443
f 5403 5443 5377
f 5297 5377 5287
f 5210 5287 5211
f 5210 5297 5287
f 6039 5923 5913
f 5913 5923 5793
f 5777 5913 5793
f 5777 5887 5913
f 5777 5757 5887
f 5887 5757 5868
f 5868 5757 5733
f 5833 5733 5709
f 5679 5833 5709
f 5679 5763 5833
f 5679 5645 5763
f 5763 5645 5705
f 5705 5645 5589
f 5639 5589 5553
f 5567 5553 5525
f 5485 5567 5525
f 5485 5513 5567
f 5485 5437 5513
f 5513 5437 5443
f 5443 5437 5397
f 5377 5397 5341
f 5287 5341 5283
f 5212 5287 5283
f 5212 5211 5287
f 5923 5797 5793
f 5207 5206 5339
f 5339 5206 5205
f 5349 5205 5204
f 5363 5204 5203
f 5371 5203 5202
f 5379 5202 5201
f 5379 5371 5202
f 5379 5529 5371
f 5379 5535 5529
f 5529 5535 5703
f 5675 5703 5867
f 5821 5867 5967
f 5895 5967 6031
f 5895 5821 5967
f 5895 5743 5821
f 5821 5743 5629
f 5675 5629 5517
f 5529 5517 5371
f 5529 5675 5517
f 5529 5703 5675
f 5197 5195 5399
f 5699 5883 5789
f 5789 5883 5995
f 5987 5789 5995
f 5883 6047 5995
f 5995 6047 6147
f 6139 5995 6147
f 6047 6159 6147
f 6147 6159 6257
f 6281 6257 6349
f 6389 6349 6439
f 6511 6439 6541
f 6613 6511 6541
f 6613 6583 6511
f 6689 6763 6705
f 6763 6811 6777
f 6811 6851 6825
f 6051 5913 6037
f 6149 6051 6137
f 6419 6335 6423
f 6423 6335 6407
f 6479 6407 6435
f 6519 6435 6443
f 6507 6443 6411
f 6507 6519 6443
f 6507 6581 6519
f 6519 6581 6571
f 6479 6571 6523
f 6423 6523 6497
f 6423 6479 6523
f 6423 6407 6479
f 6567 6523 6597
f 6597 6523 6571
f 6643 6571 6581
f 6643 6597 6571
f 6643 6670 6597
f 6597 6670 6635
f 6739 6670 6701
f 6797 6739 6747
f 6825 6797 6777
f 6037 5887 5997
f 6137 6037 6117
f 6295 6219 6195
f 6195 6219 6137
f 6335 6318 6407
f 6407 6318 6359
f 6435 6359 6381
f 6443 6381 6361
f 6411 6361 6317
f 6411 6443 6361
f 6435 6519 6479
f 6479 6519 6571
f 6701 6643 6639
f 6747 6701 6669
f 6777 6747 6705
f 5997 5868 5959
f 6117 5997 6073
f 6225 6195 6157
f 6157 6195 6117
f 6318 6295 6359
f 6359 6295 6311
f 6381 6311 6309
f 6361 6309 6285
f 6317 6285 6207
f 6317 6361 6285
f 6359 6435 6407
f 6639 6581 6559
f 6669 6639 6583
f 6705 6669 6613
f 5959 5833 5899
f 6073 5959 6017
f 6179 6157 6111
f 6111 6157 6073
f 6295 6225 6311
f 6311 6225 6247
f 6309 6247 6215
f 6285 6215 6177
f 6207 6177 6095
f 6207 6285 6177
f 6311 6381 6359
f 6381 6443 6435
f 6559 6507 6447
f 6583 6559 6473
f 5833 5868 5733
f 5899 5763 5841
f 6017 5899 5935
f 6119 6111 6041
f 6041 6111 6017
f 6225 6179 6247
f 6247 6179 6173
f 6215 6173 6133
f 6177 6133 6069
f 6095 6069 5939
f 6095 6177 6069
f 6247 6309 6311
f 6309 6361 6381
f 6447 6411 6345
f 6473 6447 6379
f 6439 6511 6389
f 6389 6511 6473
f 5841 5705 5737
f 5935 5841 5859
f 6031 6041 5937
f 5937 6041 5935
f 6179 6119 6173
f 6173 6119 6087
f 6133 6087 6029
f 6069 6029 5911
f 5939 5911 5727
f 5939 6069 5911
f 6173 6215 6247
f 6215 6285 6309
f 6345 6317 6229
f 6379 6345 6265
f 6349 6389 6281
f 6281 6389 6379
f 5737 5639 5661
f 5859 5737 5731
f 5895 5937 5835
f 5835 5937 5859
f 6119 6031 6087
f 6087 6031 5967
f 6029 5967 5867
f 5911 5867 5703
f 5727 5703 5535
f 5727 5911 5703
f 6087 6133 6173
f 6133 6177 6215
f 6229 6207 6125
f 6265 6229 6139
f 6257 6281 6147
f 6147 6281 6265
f 5639 5705 5589
f 5661 5567 5555
f 5731 5661 5607
f 5743 5835 5685
f 5685 5835 5731
f 5967 6029 6087
f 6029 6069 6133
f 6125 6095 5971
f 6139 6125 5987
f 5567 5639 5553
f 5555 5513 5487
f 5607 5555 5521
f 5581 5685 5547
f 5547 5685 5607
f 5867 5911 6029
f 5629 5675 5821
f 5821 5675 5867
f 5971 5939 5755
f 5987 5971 5771
f 5487 5443 5403
f 5521 5487 5419
f 5469 5547 5449
f 5449 5547 5521
f 5743 5581 5629
f 5629 5581 5497
f 5517 5497 5363
f 5371 5363 5203
f 5371 5517 5363
f 5755 5727 5543
f 5771 5755 5549
f 5403 5377 5297
f 5419 5403 5325
f 5339 5449 5335
f 5335 5449 5419
f 5581 5469 5497
f 5497 5469 5349
f 5363 5349 5204
f 5363 5497 5349
f 5497 5517 5629
f 5543 5535 5385
f 5549 5543 5389
f 5557 5549 5391
f 5377 5443 5397
f 5205 5349 5339
f 5339 5349 5469
f 5287 5377 5341
f 6869 6881 6857
f 6857 6881 6858
f 6822 6857 6858
f 6822 6821 6857
f 6822 6792 6821
f 6821 6792 6791
f 6791 6792 6742
f 6741 6742 6686
f 6685 6686 6635
f 6685 6741 6686
f 6686 6636 6635
f 6635 6636 6568
f 6567 6568 6498
f 6497 6498 6420
f 6419 6420 6344
f 6343 6344 6283
f 6343 6419 6344
f 6344 6284 6283
f 6283 6284 6198
f 6197 6198 6124
f 6123 6124 6040
f 6039 6040 5924
f 5923 5924 5797
f 5923 6039 5924
f 5924 5802 5797
f 6039 6123 6040
f 6123 6197 6124
f 6197 6283 6198
f 6419 6497 6420
f 6497 6567 6498
f 6567 6635 6568
f 6741 6791 6742
f 5212 2256 5211
f 5211 2256 2255
f 2254 5211 2255
f 2254 5210 5211
f 2254 2253 5210
f 5210 2253 5209
f 5209 2253 2252
f 5208 2252 2251
f 5207 2251 5206
f 5207 5208 2251
f 2251 2250 5206
f 5206 2250 2249
f 5205 2249 2248
f 5204 2248 2247
f 5203 2247 2246
f 5202 2246 5201
f 5202 5203 2246
f 2246 2245 5201
f 5201 2245 2244
f 5200 2244 2243
f 5199 2243 2242
f 5198 2242 2241
f 5197 2241 5195
f 5197 5198 2241
f 2241 2239 5195
f 5198 5199 2242
f 5199 5200 2243
f 5200 5201 2244
f 5203 5204 2247
f 5204 5205 2248
f 5205 5206 2249
f 5208 5209 2252
f 5231 5230 5401
f 5401 5230 5392
f 5533 5392 5558
f 5701 5558 5790
f 5885 5790 5996
f 6049 5996 6148
f 6161 6148 6259
f 6161 6049 6148
f 5230 5229 5392
f 5392 5229 5390
f 5558 5390 5550
f 5790 5550 5772
f 5996 5772 5988
f 6148 5988 6140
f 6282 6140 6266
f 6390 6266 6380
f 6512 6380 6474
f 6614 6474 6584
f 6706 6584 6672
f 6778 6672 6748
f 6826 6748 6798
f 6822 6798 6792
f 6822 6826 6798
f 6822 6858 6826
f 6826 6858 6853
f 6813 6826 6853
f 6813 6778 6826
f 6813 6765 6778
f 6778 6765 6706
f 6672 6778 6706
f 5229 5228 5390
f 5390 5228 5386
f 5550 5386 5544
f 5772 5544 5756
f 5988 5756 5972
f 6140 5972 6126
f 6266 6126 6230
f 6380 6230 6346
f 6474 6346 6448
f 6584 6448 6560
f 6672 6560 6640
f 6748 6640 6702
f 6798 6702 6740
f 6792 6740 6742
f 6792 6798 6740
f 5228 5227 5386
f 5386 5227 5380
f 5544 5380 5536
f 5756 5536 5728
f 5972 5728 5940
f 6126 5940 6096
f 6230 6096 6208
f 6346 6208 6320
f 6448 6320 6412
f 6560 6412 6508
f 6640 6508 6582
f 6702 6582 6644
f 6740 6644 6671
f 6742 6671 6686
f 6742 6740 6671
f 5227 5226 5380
f 5380 5226 5225
f 5372 5225 5224
f 5364 5224 5223
f 5350 5223 5222
f 5340 5222 5221
f 5220 5340 5221
f 5220 5336 5340
f 5220 5219 5336
f 5336 5219 5326
f 5450 5326 5420
f 5548 5420 5522
f 5686 5522 5608
f 5836 5608 5732
f 5938 5732 5860
f 6042 5860 5936
f 6112 5936 6018
f 6158 6018 6074
f 6196 6074 6118
f 6220 6118 6138
f 6246 6138 6150
f 6198 6150 6124
f 6198 6246 6150
f 6198 6284 6246
f 6246 6284 6336
f 6220 6336 6319
f 6196 6319 6296
f 6158 6296 6226
f 6112 6226 6180
f 6042 6180 6120
f 5938 6120 6032
f 5836 6032 5896
f 5686 5896 5744
f 5548 5744 5582
f 5450 5582 5470
f 5336 5470 5340
f 5336 5450 5470
f 5336 5326 5450
f 5219 5218 5326
f 5326 5218 5298
f 5420 5298 5404
f 5522 5404 5488
f 5608 5488 5556
f 5732 5556 5662
f 5860 5662 5738
f 5936 5738 5842
f 6018 5842 5900
f 6074 5900 5960
f 6118 5960 5998
f 6138 5998 6038
f 6150 6038 6052
f 6124 6052 6040
f 6124 6150 6052
f 5218 5217 5298
f 5298 5217 5288
f 5404 5288 5378
f 5488 5378 5444
f 5556 5444 5514
f 5662 5514 5568
f 5738 5568 5640
f 5842 5640 5706
f 5900 5706 5764
f 5960 5764 5834
f 5998 5834 5869
f 6038 5869 5888
f 6052 5888 5914
f 6040 5914 5924
f 6040 6052 5914
f 5217 5216 5288
f 5288 5216 5215
f 5284 5288 5215
f 5284 5342 5288
f 5288 5342 5378
f 5378 5342 5398
f 5444 5398 5438
f 5514 5438 5486
f 5568 5486 5526
f 5554 5568 5526
f 5554 5640 5568
f 5554 5590 5640
f 5640 5590 5706
f 5706 5590 5646
f 5764 5646 5680
f 5834 5680 5710
f 5734 5834 5710
f 5734 5869 5834
f 5734 5758 5869
f 5869 5758 5888
f 5888 5758 5778
f 5914 5778 5794
f 5924 5794 5802
f 5924 5914 5794
f 6284 6344 6336
f 6336 6344 6420
f 6424 6420 6498
f 6524 6498 6568
f 6598 6568 6636
f 6671 6636 6686
f 6671 6598 6636
f 6671 6572 6598
f 6671 6644 6572
f 6572 6644 6520
f 6436 6520 6382
f 6312 6382 6248
f 6180 6248 6120
f 6180 6312 6248
f 6180 6226 6312
f 6312 6226 6360
f 6436 6360 6480
f 6572 6480 6598
f 6572 6436 6480
f 6572 6520 6436
f 6858 6881 6853
f 6765 6691 6706
f 6706 6691 6614
f 6584 6706 6614
f 6691 6623 6614
f 6614 6623 6543
f 6512 6543 6441
f 6390 6441 6351
f 6282 6351 6259
f 6148 6282 6259
f 6148 6140 6282
f 6049 5885 5996
f 5885 5701 5790
f 5701 5533 5558
f 5533 5401 5392
f 5298 5288 5404
f 5326 5298 5420
f 5222 5340 5350
f 5350 5340 5498
f 5518 5498 5676
f 5704 5676 5912
f 5940 5912 6096
f 5940 5704 5912
f 5940 5728 5704
f 5704 5728 5530
f 5518 5530 5364
f 5350 5364 5223
f 5350 5518 5364
f 5350 5498 5518
f 5224 5364 5372
f 5372 5364 5530
f 5536 5530 5728
f 5536 5372 5530
f 5536 5380 5372
f 5372 5380 5225
f 5386 5380 5544
f 5390 5386 5550
f 5392 5390 5558
f 5404 5378 5488
f 5420 5404 5522
f 5582 5450 5548
f 5548 5450 5420
f 5340 5470 5498
f 5498 5470 5630
f 5676 5630 5870
f 5912 5870 6070
f 6096 6070 6208
f 6096 5912 6070
f 5676 5704 5518
f 5518 5704 5530
f 5544 5536 5756
f 5550 5544 5772
f 5558 5550 5790
f 5488 5444 5556
f 5522 5488 5608
f 5744 5548 5686
f 5686 5548 5522
f 5470 5582 5630
f 5630 5582 5822
f 5870 5822 6030
f 6070 6030 6178
f 6208 6178 6320
f 6208 6070 6178
f 5630 5676 5498
f 5756 5728 5972
f 5772 5756 5988
f 5790 5772 5996
f 5444 5378 5398
f 5556 5514 5662
f 5608 5556 5732
f 5896 5686 5836
f 5836 5686 5608
f 5582 5744 5822
f 5822 5744 5968
f 6030 5968 6134
f 6178 6134 6286
f 6320 6286 6412
f 6320 6178 6286
f 5822 5870 5630
f 5870 5912 5676
f 5972 5940 6126
f 5988 5972 6140
f 5996 5988 6148
f 5514 5444 5438
f 5662 5568 5738
f 5732 5662 5860
f 6032 5836 5938
f 5938 5836 5732
f 5744 5896 5968
f 5968 5896 6088
f 6134 6088 6216
f 6286 6216 6362
f 6412 6362 6508
f 6412 6286 6362
f 5968 6030 5822
f 6030 6070 5870
f 6126 6096 6230
f 6140 6126 6266
f 5568 5514 5486
f 5738 5640 5842
f 5860 5738 5936
f 6120 5938 6042
f 6042 5938 5860
f 5896 6032 6088
f 6088 6032 6174
f 6216 6174 6310
f 6362 6310 6444
f 6508 6444 6582
f 6508 6362 6444
f 6088 6134 5968
f 6134 6178 6030
f 6230 6208 6346
f 6266 6230 6380
f 6351 6282 6390
f 6390 6282 6266
f 5842 5706 5900
f 5936 5842 6018
f 6180 6042 6112
f 6112 6042 5936
f 6032 6120 6174
f 6174 6120 6248
f 6310 6248 6382
f 6444 6382 6520
f 6582 6520 6644
f 6582 6444 6520
f 6174 6216 6088
f 6216 6286 6134
f 6346 6320 6448
f 6380 6346 6474
f 6441 6390 6512
f 6512 6390 6380
f 5900 5764 5960
f 6018 5900 6074
f 6226 6112 6158
f 6158 6112 6018
f 6248 6310 6174
f 6310 6362 6216
f 6448 6412 6560
f 6474 6448 6584
f 6543 6512 6614
f 6614 6512 6474
f 5764 5706 5646
f 5960 5834 5998
f 6074 5960 6118
f 6296 6158 6196
f 6196 6158 6074
f 6382 6444 6310
f 6360 6436 6312
f 6312 6436 6382
f 6560 6508 6640
f 6584 6560 6672
f 5834 5764 5680
f 5998 5869 6038
f 6118 5998 6138
f 6319 6196 6220
f 6220 6196 6118
f 6226 6296 6360
f 6360 6296 6408
f 6480 6408 6524
f 6598 6524 6568
f 6598 6480 6524
f 6640 6582 6702
f 6672 6640 6748
f 6038 5888 6052
f 6138 6038 6150
f 6336 6220 6246
f 6246 6220 6138
f 6296 6319 6408
f 6408 6319 6424
f 6524 6424 6498
f 6524 6408 6424
f 6408 6480 6360
f 6702 6644 6740
f 6748 6702 6798
f 6778 6748 6826
f 6420 6424 6336
f 6336 6424 6319
f 5914 5888 5778
f 1691 1537 1701
f 1701 1537 1549
f 1717 1549 1575
f 1737 1575 1602
f 1759 1602 1649
f 1779 1649 1809
f 1779 1759 1649
f 1537 1441 1549
f 1549 1441 1427
f 1575 1427 1445
f 1602 1445 1471
f 1649 1471 1509
f 1731 1509 1569
f 1783 1569 1637
f 1843 1637 1755
f 1901 1755 1819
f 1967 1819 1915
f 2051 1915 1999
f 2113 1999 2091
f 2179 2091 2159
f 2254 2159 2253
f 2254 2179 2159
f 2254 2255 2179
f 2179 2255 2256
f 2187 2179 2256
f 2187 2127 2179
f 2179 2127 2113
f 2091 2179 2113
f 1441 1343 1427
f 1427 1343 1313
f 1445 1313 1329
f 1471 1329 1357
f 1509 1357 1407
f 1569 1407 1457
f 1637 1457 1523
f 1755 1523 1615
f 1819 1615 1763
f 1915 1763 1861
f 1999 1861 1957
f 2091 1957 2075
f 2159 2075 2137
f 2253 2137 2252
f 2253 2159 2137
f 1343 1269 1313
f 1313 1269 1227
f 1329 1227 1253
f 1357 1253 1271
f 1407 1271 1301
f 1457 1301 1361
f 1523 1361 1437
f 1615 1437 1521
f 1763 1521 1647
f 1861 1647 1805
f 1957 1805 1923
f 2075 1923 2045
f 2137 2045 2133
f 2252 2133 2251
f 2252 2137 2133
f 1269 1183 1227
f 1227 1183 1141
f 1253 1141 1152
f 1271 1152 1177
f 1301 1177 1247
f 1361 1247 1283
f 1437 1283 1355
f 1521 1355 1449
f 1647 1449 1571
f 1805 1571 1751
f 1923 1751 1883
f 2045 1883 2019
f 2133 2019 2129
f 2251 2129 2250
f 2251 2133 2129
f 1183 1135 1141
f 1141 1135 1039
f 1035 1039 977
f 955 977 903
f 869 903 829
f 794 829 777
f 717 794 777
f 717 721 794
f 717 671 721
f 721 671 663
f 759 663 713
f 825 713 793
f 919 793 877
f 1013 877 997
f 1131 997 1091
f 1241 1091 1203
f 1341 1203 1325
f 1497 1325 1479
f 1741 1479 1723
f 1927 1723 1919
f 2107 1919 2105
f 2243 2105 2242
f 2243 2107 2105
f 2243 2244 2107
f 2107 2244 2111
f 1927 2111 1937
f 1741 1937 1765
f 1497 1765 1519
f 1341 1519 1377
f 1241 1377 1261
f 1131 1261 1151
f 1013 1151 1045
f 919 1045 969
f 825 969 881
f 759 881 821
f 721 821 794
f 721 759 821
f 721 663 759
f 671 637 663
f 663 637 633
f 713 633 687
f 793 687 755
f 877 755 847
f 997 847 967
f 1091 967 1077
f 1203 1077 1189
f 1325 1189 1315
f 1479 1315 1473
f 1723 1473 1703
f 1919 1703 1911
f 2105 1911 2103
f 2242 2103 2241
f 2242 2105 2103
f 637 599 633
f 633 599 603
f 647 633 603
f 647 687 633
f 647 701 687
f 687 701 755
f 755 701 769
f 847 769 837
f 937 847 837
f 937 967 847
f 937 1019 967
f 967 1019 1077
f 1077 1019 1123
f 1189 1123 1207
f 1315 1207 1297
f 1429 1315 1297
f 1429 1473 1315
f 1429 1577 1473
f 1473 1577 1703
f 1703 1577 1789
f 1911 1789 1941
f 2103 1941 2093
f 2241 2093 2239
f 2241 2103 2093
f 599 579 603
f 2244 2245 2111
f 2111 2245 2246
f 2117 2246 2247
f 2119 2247 2248
f 2123 2248 2249
f 2129 2249 2250
f 2129 2123 2249
f 2129 1987 2123
f 2129 2019 1987
f 1987 2019 1847
f 1813 1847 1601
f 1551 1601 1411
f 1377 1411 1261
f 1377 1551 1411
f 1377 1519 1551
f 1551 1519 1785
f 1813 1785 1963
f 1987 1963 2123
f 1987 1813 1963
f 1987 1847 1813
f 2127 2097 2113
f 2113 2097 2051
f 1999 2113 2051
f 2097 2057 2051
f 2051 2057 1967
f 1915 2051 1967
f 2057 2003 1967
f 1967 2003 1901
f 1819 1967 1901
f 2003 1953 1901
f 1901 1953 1917
f 1843 1917 1877
f 1783 1877 1837
f 1731 1837 1809
f 1649 1731 1809
f 1649 1509 1731
f 1759 1737 1602
f 1737 1717 1575
f 1717 1701 1549
f 663 633 713
f 829 794 869
f 869 794 899
f 993 899 1025
f 1115 1025 1161
f 1247 1161 1283
f 1247 1115 1161
f 1247 1177 1115
f 1115 1177 1059
f 993 1059 955
f 869 955 903
f 869 993 955
f 869 899 993
f 977 955 1035
f 1035 955 1059
f 1152 1059 1177
f 1152 1035 1059
f 1152 1141 1035
f 1035 1141 1039
f 1227 1141 1253
f 1313 1227 1329
f 1427 1313 1445
f 1549 1427 1575
f 713 687 793
f 881 759 825
f 825 759 713
f 794 821 899
f 899 821 957
f 1025 957 1087
f 1161 1087 1225
f 1283 1225 1355
f 1283 1161 1225
f 1025 1115 993
f 993 1115 1059
f 1253 1152 1271
f 1329 1253 1357
f 1445 1329 1471
f 1575 1445 1602
f 793 755 877
f 969 825 919
f 919 825 793
f 821 881 957
f 957 881 1017
f 1087 1017 1163
f 1225 1163 1291
f 1355 1291 1449
f 1355 1225 1291
f 957 1025 899
f 1271 1177 1301
f 1357 1271 1407
f 1471 1357 1509
f 1602 1471 1649
f 877 847 997
f 1045 919 1013
f 1013 919 877
f 881 969 1017
f 1017 969 1113
f 1163 1113 1255
f 1291 1255 1391
f 1449 1391 1571
f 1449 1291 1391
f 1017 1087 957
f 1087 1161 1025
f 1301 1247 1361
f 1407 1301 1457
f 1509 1407 1569
f 847 755 769
f 997 967 1091
f 1151 1013 1131
f 1131 1013 997
f 969 1045 1113
f 1113 1045 1181
f 1255 1181 1333
f 1391 1333 1499
f 1571 1499 1751
f 1571 1391 1499
f 1113 1163 1017
f 1163 1225 1087
f 1361 1283 1437
f 1457 1361 1523
f 1569 1457 1637
f 1837 1731 1783
f 1783 1731 1569
f 1091 1077 1203
f 1261 1131 1241
f 1241 1131 1091
f 1045 1151 1181
f 1181 1151 1287
f 1333 1287 1451
f 1499 1451 1665
f 1751 1665 1883
f 1751 1499 1665
f 1181 1255 1113
f 1255 1291 1163
f 1437 1355 1521
f 1523 1437 1615
f 1637 1523 1755
f 1877 1783 1843
f 1843 1783 1637
f 1203 1189 1325
f 1377 1241 1341
f 1341 1241 1203
f 1151 1261 1287
f 1287 1261 1411
f 1451 1411 1601
f 1665 1601 1847
f 1883 1847 2019
f 1883 1665 1847
f 1287 1333 1181
f 1333 1391 1255
f 1521 1449 1647
f 1615 1521 1763
f 1755 1615 1819
f 1917 1843 1901
f 1901 1843 1755
f 1189 1077 1123
f 1325 1315 1479
f 1519 1341 1497
f 1497 1341 1325
f 1411 1451 1287
f 1451 1499 1333
f 1647 1571 1805
f 1763 1647 1861
f 1819 1763 1915
f 1315 1189 1207
f 1479 1473 1723
f 1765 1497 1741
f 1741 1497 1479
f 1601 1665 1451
f 1785 1813 1551
f 1551 1813 1601
f 1805 1751 1923
f 1861 1805 1957
f 1915 1861 1999
f 1723 1703 1919
f 1937 1741 1927
f 1927 1741 1723
f 1519 1765 1785
f 1785 1765 1951
f 1963 1951 2119
f 2123 2119 2248
f 2123 1963 2119
f 1923 1883 2045
f 1957 1923 2075
f 1999 1957 2091
f 1919 1911 2105
f 2111 1927 2107
f 2107 1927 1919
f 1765 1937 1951
f 1951 1937 2117
f 2119 2117 2247
f 2119 1951 2117
f 1951 1963 1785
f 2045 2019 2133
f 2075 2045 2137
f 2091 2075 2159
f 1911 1703 1789
f 2246 2117 2111
f 2111 2117 1937
f 2103 1911 1941
f 5231 2275 5230
f 5230 2275 2274
f 2273 5230 2274
f 2273 5229 5230
f 2273 2272 5229
f 5229 2272 5228
f 5228 2272 2271
f 5227 2271 2270
f 5226 2270 5225
f 5226 5227 2270
f 2270 2269 5225
f 5225 2269 2268
f 5224 2268 2267
f 5223 2267 2266
f 5222 2266 2265
f 5221 2265 5220
f 5221 5222 2265
f 2265 2264 5220
f 5220 2264 2263
f 5219 2263 2262
f 5218 2262 2261
f 5217 2261 2260
f 5216 2260 5215
f 5216 5217 2260
f 2260 2259 5215
f 5217 5218 2261
f 5218 5219 2262
f 5219 5220 2263
f 5222 5223 2266
f 5223 5224 2267
f 5224 5225 2268
f 5227 5228 2271
f 1691 1696 1537
f 1537 1696 1538
f 1442 1537 1538
f 1442 1441 1537
f 1442 1344 1441
f 1441 1344 1343
f 1343 1344 1270
f 1269 1270 1184
f 1183 1184 1135
f 1183 1269 1184
f 1184 1136 1135
f 1135 1136 1040
f 1039 1040 978
f 977 978 904
f 903 904 830
f 829 830 777
f 829 903 830
f 830 778 777
f 777 778 718
f 717 718 672
f 671 672 638
f 637 638 600
f 599 600 579
f 599 637 600
f 600 591 579
f 637 671 638
f 671 717 672
f 717 777 718
f 903 977 904
f 977 1039 978
f 1039 1135 1040
f 1269 1343 1270
f 591 600 605
f 605 600 634
f 649 634 688
f 703 688 756
f 771 756 848
f 839 848 939
f 839 771 848
f 600 638 634
f 634 638 664
f 688 664 714
f 756 714 796
f 848 796 878
f 968 878 998
f 1078 998 1092
f 1190 1092 1204
f 1316 1204 1326
f 1474 1326 1480
f 1704 1480 1724
f 1912 1724 1920
f 2104 1920 2106
f 2273 2106 2272
f 2273 2104 2106
f 2273 2274 2104
f 2104 2274 2095
f 1943 2104 2095
f 1943 1912 2104
f 1943 1791 1912
f 1912 1791 1704
f 1724 1912 1704
f 638 672 664
f 664 672 722
f 714 722 760
f 796 760 826
f 878 826 920
f 998 920 1014
f 1092 1014 1132
f 1204 1132 1242
f 1326 1242 1342
f 1480 1342 1498
f 1724 1498 1742
f 1920 1742 1928
f 2106 1928 2108
f 2272 2108 2271
f 2272 2106 2108
f 672 718 722
f 722 718 795
f 760 795 822
f 826 822 882
f 920 882 970
f 1014 970 1046
f 1132 1046 1154
f 1242 1154 1262
f 1342 1262 1378
f 1498 1378 1520
f 1742 1520 1766
f 1928 1766 1938
f 2108 1938 2112
f 2271 2112 2270
f 2271 2108 2112
f 718 778 795
f 795 778 830
f 870 830 904
f 956 904 978
f 1036 978 1040
f 1142 1040 1136
f 1184 1142 1136
f 1184 1228 1142
f 1184 1270 1228
f 1228 1270 1314
f 1254 1314 1330
f 1272 1330 1358
f 1302 1358 1408
f 1362 1408 1458
f 1438 1458 1524
f 1522 1524 1616
f 1648 1616 1764
f 1806 1764 1862
f 1924 1862 1958
f 2046 1958 2076
f 2134 2076 2138
f 2263 2138 2262
f 2263 2134 2138
f 2263 2264 2134
f 2134 2264 2130
f 2046 2130 2020
f 1924 2020 1884
f 1806 1884 1752
f 1648 1752 1572
f 1522 1572 1450
f 1438 1450 1356
f 1362 1356 1284
f 1302 1284 1248
f 1272 1248 1178
f 1254 1178 1153
f 1228 1153 1142
f 1228 1254 1153
f 1228 1314 1254
f 1270 1344 1314
f 1314 1344 1428
f 1330 1428 1446
f 1358 1446 1472
f 1408 1472 1510
f 1458 1510 1570
f 1524 1570 1638
f 1616 1638 1756
f 1764 1756 1820
f 1862 1820 1916
f 1958 1916 2000
f 2076 2000 2092
f 2138 2092 2160
f 2262 2160 2261
f 2262 2138 2160
f 1344 1442 1428
f 1428 1442 1550
f 1446 1550 1576
f 1472 1576 1603
f 1510 1603 1650
f 1570 1650 1732
f 1638 1732 1784
f 1756 1784 1844
f 1820 1844 1902
f 1916 1902 1968
f 2000 1968 2052
f 2092 2052 2114
f 2160 2114 2180
f 2261 2180 2260
f 2261 2160 2180
f 1442 1538 1550
f 1550 1538 1702
f 1718 1550 1702
f 1718 1576 1550
f 1718 1738 1576
f 1576 1738 1603
f 1603 1738 1760
f 1650 1760 1780
f 1810 1650 1780
f 1810 1732 1650
f 1810 1838 1732
f 1732 1838 1784
f 1784 1838 1878
f 1844 1878 1918
f 1902 1918 1954
f 2004 1902 1954
f 2004 1968 1902
f 2004 2058 1968
f 1968 2058 2052
f 2052 2058 2098
f 2114 2098 2128
f 2180 2128 2188
f 2259 2180 2188
f 2259 2260 2180
f 1538 1696 1702
f 2264 2265 2130
f 2130 2265 2266
f 2124 2266 2267
f 2120 2267 2268
f 2118 2268 2269
f 2112 2269 2270
f 2112 2118 2269
f 2112 1952 2118
f 2112 1938 1952
f 1952 1938 1786
f 1814 1786 1604
f 1666 1604 1500
f 1572 1500 1450
f 1572 1666 1500
f 1572 1752 1666
f 1666 1752 1848
f 1814 1848 1964
f 1952 1964 2118
f 1952 1814 1964
f 1952 1786 1814
f 2274 2275 2095
f 1791 1581 1704
f 1704 1581 1474
f 1480 1704 1474
f 1581 1431 1474
f 1474 1431 1316
f 1326 1474 1316
f 1431 1299 1316
f 1316 1299 1209
f 1190 1209 1125
f 1078 1125 1021
f 968 1021 939
f 848 968 939
f 848 878 968
f 771 703 756
f 703 649 688
f 649 605 634
f 1428 1550 1446
f 1314 1428 1330
f 1040 1142 1036
f 1036 1142 1060
f 994 1060 1026
f 958 1026 1018
f 970 1018 1046
f 970 958 1018
f 970 882 958
f 958 882 900
f 994 900 956
f 1036 956 978
f 1036 994 956
f 1036 1060 994
f 904 956 870
f 870 956 900
f 822 900 882
f 822 870 900
f 822 795 870
f 870 795 830
f 722 795 760
f 664 722 714
f 634 664 688
f 1446 1576 1472
f 1330 1446 1358
f 1178 1254 1272
f 1272 1254 1330
f 1142 1153 1060
f 1060 1153 1116
f 1026 1116 1088
f 1018 1088 1114
f 1046 1114 1154
f 1046 1018 1114
f 1026 958 994
f 994 958 900
f 760 822 826
f 714 760 796
f 688 714 756
f 1472 1603 1510
f 1358 1472 1408
f 1248 1272 1302
f 1302 1272 1358
f 1153 1178 1116
f 1116 1178 1162
f 1088 1162 1164
f 1114 1164 1182
f 1154 1182 1262
f 1154 1114 1182
f 1116 1026 1060
f 826 882 920
f 796 826 878
f 756 796 848
f 1510 1650 1570
f 1408 1510 1458
f 1284 1302 1362
f 1362 1302 1408
f 1178 1248 1162
f 1162 1248 1226
f 1164 1226 1256
f 1182 1256 1288
f 1262 1288 1378
f 1262 1182 1288
f 1162 1088 1116
f 1088 1018 1026
f 920 970 1014
f 878 920 998
f 1650 1603 1760
f 1570 1732 1638
f 1458 1570 1524
f 1356 1362 1438
f 1438 1362 1458
f 1248 1284 1226
f 1226 1284 1294
f 1256 1294 1334
f 1288 1334 1412
f 1378 1412 1520
f 1378 1288 1412
f 1226 1164 1162
f 1164 1114 1088
f 1014 1046 1132
f 998 1014 1092
f 1021 968 1078
f 1078 968 998
f 1638 1784 1756
f 1524 1638 1616
f 1450 1438 1522
f 1522 1438 1524
f 1284 1356 1294
f 1294 1356 1392
f 1334 1392 1452
f 1412 1452 1552
f 1520 1552 1766
f 1520 1412 1552
f 1294 1256 1226
f 1256 1182 1164
f 1132 1154 1242
f 1092 1132 1204
f 1125 1078 1190
f 1190 1078 1092
f 1756 1844 1820
f 1616 1756 1764
f 1572 1522 1648
f 1648 1522 1616
f 1356 1450 1392
f 1392 1450 1500
f 1452 1500 1604
f 1552 1604 1786
f 1766 1786 1938
f 1766 1552 1786
f 1392 1334 1294
f 1334 1288 1256
f 1242 1262 1342
f 1204 1242 1326
f 1209 1190 1316
f 1316 1190 1204
f 1844 1784 1878
f 1820 1902 1916
f 1764 1820 1862
f 1752 1648 1806
f 1806 1648 1764
f 1500 1452 1392
f 1452 1412 1334
f 1342 1378 1498
f 1326 1342 1480
f 1902 1844 1918
f 1916 1968 2000
f 1862 1916 1958
f 1884 1806 1924
f 1924 1806 1862
f 1604 1552 1452
f 1848 1814 1666
f 1666 1814 1604
f 1498 1520 1742
f 1480 1498 1724
f 2000 2052 2092
f 1958 2000 2076
f 2020 1924 2046
f 2046 1924 1958
f 1752 1884 1848
f 1848 1884 1988
f 1964 1988 2120
f 2118 2120 2268
f 2118 1964 2120
f 1742 1766 1928
f 1724 1742 1920
f 2092 2114 2160
f 2076 2092 2138
f 2130 2046 2134
f 2134 2046 2076
f 1884 2020 1988
f 1988 2020 2124
f 2120 2124 2267
f 2120 1988 2124
f 1988 1964 1848
f 1928 1938 2108
f 1920 1928 2106
f 1912 1920 2104
f 2114 2052 2098
f 2266 2124 2130
f 2130 2124 2020
f 2180 2114 2128
f 2276 2275 2867
f 2867 2275 5231
f 4727 5231 5232
f 4727 2867 5231
f 5232 5231 5402
f 5402 5231 5401
f 5533 5402 5401
f 5533 5534 5402
f 5533 5701 5534
f 5534 5701 5702
f 5702 5701 5885
f 5886 5885 6049
f 6050 6049 6162
f 6050 5886 6049
f 6049 6161 6162
f 6162 6161 6259
f 6260 6259 6351
f 6352 6351 6441
f 6442 6441 6543
f 6544 6543 6624
f 6544 6442 6543
f 6543 6623 6624
f 6624 6623 6691
f 6692 6691 6765
f 6766 6765 6813
f 6814 6813 6853
f 6854 6853 6882
f 6854 6814 6853
f 6853 6881 6882
f 6814 6766 6813
f 6766 6692 6765
f 6692 6624 6691
f 6442 6352 6441
f 6352 6260 6351
f 6260 6162 6259
f 5886 5702 5885
f 6882 6881 6878
f 6878 6881 6869
f 6873 6869 6870
f 6873 6878 6869
f 6870 6869 6852
f 6852 6869 6851
f 6811 6852 6851
f 6811 6812 6852
f 6811 6763 6812
f 6812 6763 6764
f 6764 6763 6689
f 6690 6689 6621
f 6622 6621 6542
f 6622 6690 6621
f 6621 6541 6542
f 6542 6541 6439
f 6440 6439 6349
f 6350 6349 6257
f 6258 6257 6159
f 6160 6159 6048
f 6160 6258 6159
f 6159 6047 6048
f 6048 6047 5883
f 5884 5883 5699
f 5700 5699 5531
f 5532 5531 5399
f 5400 5399 5196
f 5400 5532 5399
f 5399 5195 5196
f 5532 5700 5531
f 5700 5884 5699
f 5884 6048 5883
f 6258 6350 6257
f 6350 6440 6349
f 6440 6542 6439
f 6690 6764 6689
f 3159 3200 2259
f 3145 2259 3117
f 3145 3159 2259
f 4347 5215 4318
f 4347 4375 5215
f 5215 4375 4403
f 4429 5215 4403
f 4429 4445 5215
f 5215 4445 4465
f 4485 5215 4465
f 4485 4503 5215
f 5215 4503 5802
f 5794 5215 5802
f 5794 5778 5215
f 5215 5778 5758
f 5734 5215 5758
f 5734 5710 5215
f 5215 5710 5680
f 5646 5215 5680
f 5646 5590 5215
f 5215 5590 5554
f 5526 5215 5554
f 5526 5486 5215
f 5215 5486 5438
f 5398 5215 5438
f 5398 5342 5215
f 5215 5342 5284
f 4503 4519 5802
f 5802 4519 4543
f 4559 5802 4543
f 4559 4579 5802
f 5802 4579 4605
f 4621 5802 4605
f 4621 4629 5802
f 5802 4629 4690
f 5797 4690 4689
f 4628 5797 4689
f 4628 4620 5797
f 5797 4620 4604
f 4578 5797 4604
f 4578 4558 5797
f 5797 4558 4542
f 4518 5797 4542
f 4518 4502 5797
f 5797 4502 5212
f 5283 5797 5212
f 5283 5341 5797
f 5797 5341 5397
f 5437 5797 5397
f 5437 5485 5797
f 5797 5485 5525
f 5553 5797 5525
f 5553 5589 5797
f 5797 5589 5645
f 5679 5797 5645
f 5679 5709 5797
f 5797 5709 5733
f 5757 5797 5733
f 5757 5777 5797
f 5797 5777 5793
f 4502 4484 5212
f 5212 4484 4464
f 4444 5212 4464
f 4444 4428 5212
f 5212 4428 4402
f 4374 5212 4402
f 4374 4346 5212
f 5212 4346 4305
f 3187 5212 4305
f 3187 2256 5212
f 3187 3158 2256
f 2256 3158 3144
f 3116 2256 3144
f 3116 3082 2256
f 2256 3082 3062
f 3046 2256 3062
f 3046 3030 2256
f 2256 3030 3008
f 1691 3008 2992
f 2970 1691 2992
f 2970 2952 1691
f 1691 2952 2934
f 2910 1691 2934
f 2910 2894 1691
f 1691 2894 2886
f 2829 1691 2886
f 2829 2830 1691
f 1691 2830 1696
f 1696 2830 2887
f 2895 1696 2887
f 2895 2911 1696
f 1696 2911 2935
f 2953 1696 2935
f 2953 2971 1696
f 1696 2971 2993
f 3009 1696 2993
f 3009 2259 1696
f 3009 3031 2259
f 2259 3031 3047
f 3063 2259 3047
f 3063 3083 2259
f 2259 3083 3117
f 5797 5802 4690
f 5215 2259 4318
f 4318 2259 3200
f 2188 2128 2259
f 2259 2128 2098
f 2058 2259 2098
f 2058 2004 2259
f 2259 2004 1954
f 1918 2259 1954
f 1918 1878 2259
f 2259 1878 1838
f 1810 2259 1838
f 1810 1780 2259
f 2259 1780 1760
f 1738 2259 1760
f 1738 1718 2259
f 2259 1718 1702
f 1696 2259 1702
f 1701 1759 1691
f 1701 1717 1759
f 1759 1717 1737
f 1759 1779 1691
f 1691 1779 1809
f 1837 1691 1809
f 1837 1877 1691
f 1691 1877 1917
f 1953 1691 1917
f 1953 2003 1691
f 1691 2003 2057
f 2097 1691 2057
f 2097 2127 1691
f 1691 2127 2187
f 2256 1691 2187
f 2256 3008 1691
f 4322 3752 4323
f 4323 3752 3205
f 3205 3752 3204
f 3205 3204 3151
f 3151 3204 3157
f 3141 3151 3157
f 3141 3101 3151
f 3141 3113 3101
f 3101 3113 3061
f 3061 3113 3081
f 3027 3081 3059
f 2985 3059 2931
f 2985 3027 3059
f 3059 3039 2931
f 2931 3039 3019
f 2674 3019 3001
f 2630 3001 2981
f 2558 2981 2959
f 2520 2959 2452
f 2520 2558 2959
f 2959 2933 2452
f 2452 2933 2903
f 2406 2903 2771
f 2384 2771 2759
f 2356 2759 2729
f 2316 2729 2258
f 2316 2356 2729
f 2729 2717 2258
f 2356 2384 2759
f 2384 2406 2771
f 2406 2452 2903
f 2558 2630 2981
f 2630 2674 3001
f 2674 2931 3019
f 3027 3061 3081
f 2717 2716 2258
f 2258 2716 2257
f 2257 2716 2715
f 2257 2715 2315
f 2315 2715 2728
f 2758 2315 2728
f 2758 2355 2315
f 2758 2770 2355
f 2355 2770 2383
f 2383 2770 2902
f 2405 2902 2932
f 2451 2932 2519
f 2451 2405 2932
f 2932 2958 2519
f 2519 2958 2980
f 2557 2980 3000
f 2629 3000 3018
f 2673 3018 3038
f 2930 3038 2984
f 2930 2673 3038
f 3038 3058 2984
f 2984 3058 3080
f 3026 3080 3112
f 3060 3112 3140
f 3100 3140 3156
f 3150 3156 3182
f 3150 3100 3156
f 3156 3183 3182
f 3100 3060 3140
f 3060 3026 3112
f 3026 2984 3080
f 2673 2629 3018
f 2629 2557 3000
f 2557 2519 2980
f 2405 2383 2902
f 3194 3200 3181
f 3181 3200 3159
f 3145 3181 3159
f 3145 3179 3181
f 3145 3117 3179
f 3179 3117 3161
f 3161 3117 3083
f 3155 3083 3063
f 3153 3063 3147
f 3153 3155 3063
f 3063 3047 3147
f 3147 3047 3031
f 3135 3031 3009
f 3125 3009 2993
f 3123 2993 2971
f 3119 2971 3115
f 3119 3123 2971
f 2971 2953 3115
f 3115 2953 2935
f 3111 2935 2911
f 3105 2911 2895
f 3099 2895 2887
f 3095 2887 3093
f 3095 3099 2887
f 2887 2830 3093
f 3099 3105 2895
f 3105 3111 2911
f 3111 3115 2935
f 3123 3125 2993
f 3125 3135 3009
f 3135 3147 3031
f 3155 3161 3083
f 4318 3200 4312
f 4312 3200 3194
f 2829 3092 2830
f 2830 3092 3093
f 4419 4690 4417
f 4417 4690 4629
f 4621 4417 4629
f 4621 4415 4417
f 4621 4605 4415
f 4415 4605 4411
f 4411 4605 4579
f 4409 4579 4559
f 4405 4559 4395
f 4405 4409 4559
f 4559 4543 4395
f 4395 4543 4519
f 4385 4519 4503
f 4381 4503 4485
f 4379 4485 4465
f 4373 4465 4363
f 4373 4379 4465
f 4465 4445 4363
f 4363 4445 4429
f 4351 4429 4403
f 4345 4403 4375
f 4341 4375 4347
f 4339 4347 4312
f 4339 4341 4347
f 4347 4318 4312
f 4341 4345 4375
f 4345 4351 4403
f 4351 4363 4429
f 4379 4381 4485
f 4381 4385 4503
f 4385 4395 4519
f 4409 4411 4579
f 3187 3193 3158
f 3158 3193 3180
f 3178 3158 3180
f 3178 3144 3158
f 3178 3160 3144
f 3144 3160 3116
f 3116 3160 3154
f 3082 3154 3152
f 3062 3152 3046
f 3062 3082 3152
f 3152 3146 3046
f 3046 3146 3134
f 3030 3134 3124
f 3008 3124 3122
f 2992 3122 3118
f 2970 3118 2952
f 2970 2992 3118
f 3118 3114 2952
f 2952 3114 3110
f 2934 3110 3104
f 2910 3104 3098
f 2894 3098 3094
f 2886 3094 2829
f 2886 2894 3094
f 3094 3092 2829
f 2894 2910 3098
f 2910 2934 3104
f 2934 2952 3110
f 2992 3008 3122
f 3008 3030 3124
f 3030 3046 3134
f 3082 3116 3154
f 4418 4689 4419
f 4419 4689 4690
f 4311 3193 4305
f 4305 3193 3187
f 4689 4418 4628
f 4628 4418 4416
f 4414 4628 4416
f 4414 4620 4628
f 4414 4410 4620
f 4620 4410 4604
f 4604 4410 4408
f 4578 4408 4404
f 4558 4404 4542
f 4558 4578 4404
f 4404 4394 4542
f 4542 4394 4384
f 4518 4384 4380
f 4502 4380 4378
f 4484 4378 4372
f 4464 4372 4444
f 4464 4484 4372
f 4372 4362 4444
f 4444 4362 4350
f 4428 4350 4344
f 4402 4344 4340
f 4374 4340 4338
f 4346 4338 4305
f 4346 4374 4338
f 4338 4311 4305
f 4374 4402 4340
f 4402 4428 4344
f 4428 4444 4350
f 4484 4502 4378
f 4502 4518 4380
f 4518 4542 4384
f 4578 4604 4408
f 4312 3194 4339
f 4339 3194 3181
f 4341 3181 3179
f 4345 3179 3161
f 4351 3161 3155
f 4363 3155 3153
f 4373 3153 3147
f 4379 3147 3135
f 4381 3135 3125
f 4385 3125 3123
f 4395 3123 3119
f 4405 3119 3115
f 4409 3115 3111
f 4411 3111 3105
f 4415 3105 3099
f 4417 3099 3095
f 4419 3095 3093
f 4418 3093 3092
f 4416 3092 3094
f 4414 3094 3098
f 4410 3098 3104
f 4408 3104 3110
f 4404 3110 3114
f 4394 3114 3118
f 4384 3118 3122
f 4380 3122 3124
f 4378 3124 3134
f 4372 3134 3146
f 4362 3146 3152
f 4350 3152 3154
f 4344 3154 3160
f 4340 3160 3178
f 4338 3178 3180
f 4311 3180 3193
f 4311 4338 3180
f 4338 4340 3178
f 4340 4344 3160
f 4344 4350 3154
f 4350 4362 3152
f 4362 4372 3146
f 4372 4378 3134
f 4378 4380 3124
f 4380 4384 3122
f 4384 4394 3118
f 4394 4404 3114
f 4404 4408 3110
f 4408 4410 3104
f 4410 4414 3098
f 4414 4416 3094
f 4416 4418 3092
f 4418 4419 3093
f 4419 4417 3095
f 4417 4415 3099
f 4415 4411 3105
f 4411 4409 3111
f 4409 4405 3115
f 4405 4395 3119
f 4395 4385 3123
f 4385 4381 3125
f 4381 4379 3135
f 4379 4373 3147
f 4373 4363 3153
f 4363 4351 3155
f 4351 4345 3161
f 4345 4341 3179
f 4341 4339 3181
f 2867 2831 2648
f 2648 2831 2671
f 2625 2648 2671
f 2625 2536 2648
f 2625 2553 2536
f 2536 2553 2438
f 2438 2553 2523
f 2348 2523 2449
f 2072 2449 1834
f 2072 2348 2449
f 2449 2399 1834
f 1834 2399 2359
f 1560 2359 2173
f 1372 2173 2087
f 1238 2087 1985
f 1106 1985 988
f 1106 1238 1985
f 1985 1905 988
f 988 1905 1841
f 864 1841 1795
f 752 1795 1749
f 682 1749 1711
f 624 1711 588
f 624 682 1711
f 1711 1694 588
f 682 752 1749
f 752 864 1795
f 864 988 1841
f 1238 1372 2087
f 1372 1560 2173
f 1560 1834 2359
f 2348 2438 2523
f 4691 2831 4727
f 4727 2831 2867
f 1692 583 1694
f 1694 583 588
f 6878 5800 6842
f 6842 5800 5785
f 5751 6842 5785
f 5751 6786 6842
f 5751 5697 6786
f 6786 5697 6716
f 6716 5697 5643
f 6606 5643 5561
f 6492 5561 6372
f 6492 6606 5561
f 5561 5503 6372
f 6372 5503 5411
f 6238 5411 5295
f 6108 5295 5133
f 5908 5133 5085
f 5654 5085 5428
f 5654 5908 5085
f 5085 5021 5428
f 5428 5021 4993
f 5146 4993 4903
f 5034 4903 4871
f 4916 4871 4789
f 4856 4789 4727
f 4856 4916 4789
f 4789 4691 4727
f 4916 5034 4871
f 5034 5146 4903
f 5146 5428 4993
f 5908 6108 5133
f 6108 6238 5295
f 6238 6372 5411
f 6606 6716 5643
f 2827 2792 2669
f 2669 2792 2643
f 2531 2669 2643
f 2531 2623 2669
f 2531 2433 2623
f 2623 2433 2551
f 2551 2433 2343
f 2521 2343 2067
f 2447 2067 2397
f 2447 2521 2067
f 2067 1829 2397
f 2397 1829 1555
f 2357 1555 1367
f 2171 1367 1233
f 2085 1233 1101
f 1983 1101 1903
f 1983 2085 1101
f 1101 983 1903
f 1903 983 859
f 1839 859 747
f 1793 747 677
f 1747 677 619
f 1709 619 1692
f 1709 1747 619
f 619 583 1692
f 1747 1793 677
f 1793 1839 747
f 1839 1903 859
f 2085 2171 1233
f 2171 2357 1367
f 2357 2397 1555
f 2521 2551 2343
f 6873 5798 6878
f 6878 5798 5800
f 4652 2792 4687
f 4687 2792 2827
f 5798 6873 5783
f 5783 6873 6837
f 6781 5783 6837
f 6781 5749 5783
f 6781 6711 5749
f 5749 6711 5695
f 5695 6711 6601
f 5641 6601 6487
f 5559 6487 5501
f 5559 5641 6487
f 6487 6367 5501
f 5501 6367 6233
f 5409 6233 6103
f 5293 6103 5903
f 5131 5903 5649
f 5083 5649 5019
f 5083 5131 5649
f 5649 5423 5019
f 5019 5423 5141
f 4991 5141 5029
f 4901 5029 4911
f 4869 4911 4851
f 4787 4851 4687
f 4787 4869 4851
f 4851 4652 4687
f 4869 4901 4911
f 4901 4991 5029
f 4991 5019 5141
f 5131 5293 5903
f 5293 5409 6103
f 5409 5501 6233
f 5641 5695 6601
f 2831 2832 2671
f 2671 2832 2672
f 2626 2671 2672
f 2626 2625 2671
f 2626 2554 2625
f 2625 2554 2553
f 2553 2554 2524
f 2523 2524 2450
f 2449 2450 2399
f 2449 2523 2450
f 2450 2400 2399
f 2399 2400 2360
f 2359 2360 2174
f 2173 2174 2088
f 2087 2088 1986
f 1985 1986 1905
f 1985 2087 1986
f 1986 1906 1905
f 1905 1906 1842
f 1841 1842 1796
f 1795 1796 1750
f 1749 1750 1712
f 1711 1712 1694
f 1711 1749 1712
f 1712 1695 1694
f 1749 1795 1750
f 1795 1841 1796
f 1841 1905 1842
f 2087 2173 2088
f 2173 2359 2174
f 2359 2399 2360
f 2523 2553 2524
f 6878 6842 6882
f 6882 6842 6786
f 6716 6882 6786
f 6716 6606 6882
f 6882 6606 6854
f 6854 6606 6492
f 6814 6492 6766
f 6814 6854 6492
f 6492 6372 6766
f 6766 6372 6692
f 6692 6372 6624
f 6624 6372 6238
f 6544 6238 6442
f 6544 6624 6238
f 6238 6108 6442
f 6442 6108 6352
f 6352 6108 6260
f 6260 6108 5908
f 6162 5908 6050
f 6162 6260 5908
f 5908 5654 6050
f 6050 5654 5886
f 5886 5654 5702
f 5702 5654 5428
f 5534 5428 5402
f 5534 5702 5428
f 5428 5146 5402
f 5402 5146 5232
f 5232 5146 5034
f 4916 5232 5034
f 4916 4856 5232
f 5232 4856 4727
f 2867 2648 2276
f 2276 2648 2536
f 2438 2276 2536
f 2438 2348 2276
f 2276 2348 2096
f 2096 2348 2072
f 1944 2072 1792
f 1944 2096 2072
f 2072 1834 1792
f 1792 1834 1582
f 1582 1834 1432
f 1432 1834 1560
f 1300 1560 1210
f 1300 1432 1560
f 1560 1372 1210
f 1210 1372 1126
f 1126 1372 1022
f 1022 1372 1238
f 940 1238 840
f 940 1022 1238
f 1238 1106 840
f 840 1106 772
f 772 1106 704
f 704 1106 988
f 650 988 606
f 650 704 988
f 988 864 606
f 606 864 592
f 592 864 752
f 682 592 752
f 682 624 592
f 592 624 588
f 583 619 580
f 580 619 677
f 747 580 677
f 747 859 580
f 580 859 604
f 604 859 983
f 648 983 702
f 648 604 983
f 983 1101 702
f 702 1101 770
f 770 1101 838
f 838 1101 1233
f 938 1233 1020
f 938 838 1233
f 1233 1367 1020
f 1020 1367 1124
f 1124 1367 1208
f 1208 1367 1555
f 1298 1555 1430
f 1298 1208 1555
f 1555 1829 1430
f 1430 1829 1578
f 1578 1829 1790
f 1790 1829 2067
f 1942 2067 2094
f 1942 1790 2067
f 2067 2343 2094
f 2094 2343 2240
f 2240 2343 2433
f 2531 2240 2433
f 2531 2643 2240
f 2240 2643 2792
f 6874 6875 6838
f 6838 6875 6839
f 6783 6838 6839
f 6783 6782 6838
f 6783 6713 6782
f 6782 6713 6712
f 6712 6713 6603
f 6602 6603 6489
f 6488 6489 6368
f 6488 6602 6489
f 6489 6369 6368
f 6368 6369 6235
f 6234 6235 6105
f 6104 6105 5905
f 5904 5905 5651
f 5650 5651 5424
f 5650 5904 5651
f 5651 5425 5424
f 5424 5425 5143
f 5142 5143 5031
f 5030 5031 4913
f 4912 4913 4853
f 4852 4853 4653
f 4852 4912 4853
f 4853 4654 4653
f 4912 5030 4913
f 5030 5142 5031
f 5142 5424 5143
f 5904 6104 5905
f 6104 6234 6105
f 6234 6368 6235
f 6602 6712 6603
f 2869 4729 2868
f 2868 4729 4728
f 4728 4729 4857
f 4857 4729 4858
f 4918 4857 4858
f 4918 4917 4857
f 4918 5036 4917
f 4917 5036 5035
f 5035 5036 5148
f 5147 5148 5430
f 5429 5430 5655
f 5429 5147 5430
f 5430 5656 5655
f 5655 5656 5910
f 5909 5910 6110
f 6109 6110 6240
f 6239 6240 6374
f 6373 6374 6493
f 6373 6239 6374
f 6374 6494 6493
f 6493 6494 6608
f 6607 6608 6718
f 6717 6718 6788
f 6787 6788 6844
f 6843 6844 6879
f 6843 6787 6844
f 6844 6880 6879
f 6787 6717 6788
f 6717 6607 6718
f 6607 6493 6608
f 6239 6109 6240
f 6109 5909 6110
f 5909 5655 5910
f 5147 5035 5148
f 581 586 582
f 582 586 587
f 2791 2790 2642
f 2642 2790 2641
f 2529 2642 2641
f 2529 2530 2642
f 2529 2431 2530
f 2530 2431 2432
f 2432 2431 2341
f 2342 2341 2065
f 2066 2065 1828
f 2066 2342 2065
f 2065 1827 1828
f 1828 1827 1553
f 1554 1553 1365
f 1366 1365 1231
f 1232 1231 1099
f 1100 1099 982
f 1100 1232 1099
f 1099 981 982
f 982 981 857
f 858 857 745
f 746 745 675
f 676 675 617
f 618 617 582
f 618 676 617
f 617 581 582
f 676 746 675
f 746 858 745
f 858 982 857
f 1232 1366 1231
f 1366 1554 1365
f 1554 1828 1553
f 2342 2432 2341
f 4650 2790 4651
f 4651 2790 2791
f 6872 6871 6836
f 6836 6871 6835
f 6779 6836 6835
f 6779 6780 6836
f 6779 6709 6780
f 6780 6709 6710
f 6710 6709 6599
f 6600 6599 6485
f 6486 6485 6366
f 6486 6600 6485
f 6485 6365 6366
f 6366 6365 6231
f 6232 6231 6101
f 6102 6101 5901
f 5902 5901 5647
f 5648 5647 5422
f 5648 5902 5647
f 5647 5421 5422
f 5422 5421 5139
f 5140 5139 5027
f 5028 5027 4909
f 4910 4909 4849
f 4850 4849 4651
f 4850 4910 4849
f 4849 4650 4651
f 4910 5028 4909
f 5028 5140 5027
f 5140 5422 5139
f 5902 6102 5901
f 6102 6232 6101
f 6232 6366 6231
f 6600 6710 6599
f 4855 4487 4726
f 4855 4915 4487
f 4487 4915 5033
f 5145 4487 5033
f 5145 5427 4487
f 4487 5427 5653
f 5907 4487 5653
f 5907 4525 4487
f 5907 4583 4525
f 5907 4772 4583
f 5907 6107 4772
f 4772 6107 6237
f 4866 6237 6371
f 6491 4866 6371
f 6491 6605 4866
f 4866 6605 4900
f 4900 6605 6715
f 6785 4900 6715
f 6785 4998 4900
f 6785 6841 4998
f 4998 6841 6877
f 5018 6877 5062
f 5018 4998 6877
f 5157 5213 6872
f 5135 6872 5119
f 5135 5157 6872
f 6836 4997 6872
f 6836 6780 4997
f 4997 6780 4899
f 4899 6780 6710
f 6600 4899 6710
f 6600 4865 4899
f 6600 6486 4865
f 4865 6486 6366
f 6232 4865 6366
f 6232 4771 4865
f 6232 6102 4771
f 4771 6102 5902
f 5648 4771 5902
f 5648 4582 4771
f 5648 5422 4582
f 4582 5422 5140
f 4524 5140 5028
f 4910 4524 5028
f 4910 4850 4524
f 4524 4850 4486
f 4486 4850 4651
f 4448 4651 4412
f 4448 4486 4651
f 2642 982 2791
f 2642 2530 982
f 982 2530 2432
f 2342 982 2432
f 2342 2066 982
f 982 2066 1828
f 1554 982 1828
f 1554 1366 982
f 982 1366 1232
f 1100 982 1232
f 746 2557 858
f 746 676 2557
f 2557 676 2519
f 2519 676 618
f 582 2519 618
f 582 2451 2519
f 582 2405 2451
f 582 2383 2405
f 582 2355 2383
f 582 2315 2355
f 582 2257 2315
f 582 2258 2257
f 582 587 2258
f 2258 587 2316
f 2316 587 2356
f 2356 587 2384
f 2384 587 2406
f 2406 587 2452
f 2452 587 2520
f 2520 587 623
f 681 2520 623
f 681 2558 2520
f 681 751 2558
f 2558 751 863
f 2630 863 987
f 1105 2630 987
f 1105 1237 2630
f 2630 1237 2674
f 2674 1237 1371
f 1559 2674 1371
f 1559 1833 2674
f 2674 1833 2931
f 2931 1833 2071
f 2347 2931 2071
f 2347 2985 2931
f 2347 2437 2985
f 2985 2437 2535
f 2647 2985 2535
f 2647 3027 2985
f 2647 2866 3027
f 3027 2866 3061
f 3061 2866 3101
f 3101 2866 3151
f 3151 2866 3205
f 3205 2866 4726
f 4323 4726 4369
f 4323 3205 4726
f 2630 2558 863
f 2557 2629 858
f 858 2629 982
f 982 2629 2673
f 2930 982 2673
f 2930 2984 982
f 982 2984 3026
f 3060 982 3026
f 3060 3100 982
f 982 3100 3150
f 3182 982 3150
f 3182 4300 982
f 982 4300 2791
f 2791 4300 4651
f 4651 4300 4368
f 4412 4651 4368
f 4524 4582 5140
f 4997 5017 6872
f 6872 5017 5061
f 5119 6872 5061
f 5213 5214 6872
f 6872 5214 6877
f 6877 5214 5158
f 5136 6877 5158
f 5136 5120 6877
f 6877 5120 5062
f 4866 4772 6237
f 4487 4449 4726
f 4726 4449 4413
f 4369 4726 4413
f 5162 5161 5494
f 5494 5161 5493
f 5767 5494 5493
f 5767 5768 5494
f 5767 6065 5768
f 5768 6065 6066
f 6066 6065 6267
f 6268 6267 6455
f 6456 6455 6698
f 6456 6268 6455
f 6455 6697 6698
f 6698 6697 6937
f 6938 6937 7037
f 7038 7037 7093
f 7094 7093 7165
f 7166 7165 7232
f 7166 7094 7165
f 7165 7231 7232
f 7232 7231 7297
f 7298 7297 7355
f 7356 7355 7393
f 7394 7393 7423
f 7424 7423 7442
f 7424 7394 7423
f 7423 7441 7442
f 7394 7356 7393
f 7356 7298 7355
f 7298 7232 7297
f 7094 7038 7093
f 7038 6938 7037
f 6938 6698 6937
f 6268 6066 6267
f 7441 7443 7442
f 7442 7443 7444
f 7444 7443 7426
f 7426 7443 7425
f 7395 7426 7425
f 7395 7396 7426
f 7395 7357 7396
f 7396 7357 7358
f 7358 7357 7299
f 7300 7299 7233
f 7234 7233 7168
f 7234 7300 7233
f 7233 7167 7168
f 7168 7167 7095
f 7096 7095 7039
f 7040 7039 6939
f 6940 6939 6699
f 6700 6699 6458
f 6700 6940 6699
f 6699 6457 6458
f 6458 6457 6269
f 6270 6269 6067
f 6068 6067 5769
f 5770 5769 5495
f 5496 5495 5266
f 5496 5770 5495
f 5495 5265 5266
f 5770 6068 5769
f 6068 6270 6067
f 6270 6458 6269
f 6940 7040 6939
f 7040 7096 7039
f 7096 7168 7095
f 7300 7358 7299
f 6880 6875 6879
f 6879 6875 6874
f 3208 3209 4290
f 4289 3208 4290
f 4290 5266 4299
f 4290 3209 5266
f 5266 3209 2310
f 2310 3209 3207
f 2309 3207 3206
f 4298 2309 3206
f 4298 5265 2309
f 4298 4299 5265
f 5265 4299 5266
f 2309 2310 3207
f 5799 5801 5798
f 5798 5801 5800
f 5800 5801 5785
f 5785 5801 5786
f 5752 5785 5786
f 5752 5751 5785
f 5752 5698 5751
f 5751 5698 5697
f 5697 5698 5644
f 5643 5644 5562
f 5561 5562 5503
f 5561 5643 5562
f 5562 5504 5503
f 5503 5504 5412
f 5411 5412 5296
f 5295 5296 5134
f 5133 5134 5086
f 5085 5086 5021
f 5085 5133 5086
f 5086 5022 5021
f 5021 5022 4994
f 4993 4994 4904
f 4903 4904 4872
f 4871 4872 4790
f 4789 4790 4691
f 4789 4871 4790
f 4790 4692 4691
f 4871 4903 4872
f 4903 4993 4904
f 4993 5021 4994
f 5133 5295 5134
f 5295 5411 5296
f 5411 5503 5412
f 5643 5697 5644
f 4692 2832 4691
f 4691 2832 2831
f 4652 4851 5196
f 5196 4851 4911
f 5029 5196 4911
f 5029 5141 5196
f 5196 5141 5400
f 5400 5141 5423
f 5532 5423 5700
f 5532 5400 5423
f 5423 5649 5700
f 5700 5649 5884
f 5884 5649 6048
f 6048 5649 5903
f 6160 5903 6258
f 6160 6048 5903
f 5903 6103 6258
f 6258 6103 6350
f 6350 6103 6440
f 6440 6103 6233
f 6542 6233 6622
f 6542 6440 6233
f 6233 6367 6622
f 6622 6367 6690
f 6690 6367 6764
f 6764 6367 6487
f 6812 6487 6852
f 6812 6764 6487
f 6487 6601 6852
f 6852 6601 6870
f 6870 6601 6711
f 6781 6870 6711
f 6781 6837 6870
f 6870 6837 6873
f 592 591 606
f 606 591 605
f 649 606 605
f 649 650 606
f 649 703 650
f 650 703 704
f 704 703 771
f 772 771 839
f 840 839 940
f 840 772 839
f 839 939 940
f 940 939 1021
f 1022 1021 1125
f 1126 1125 1209
f 1210 1209 1299
f 1300 1299 1432
f 1300 1210 1299
f 1299 1431 1432
f 1432 1431 1581
f 1582 1581 1791
f 1792 1791 1943
f 1944 1943 2095
f 2096 2095 2276
f 2096 1944 2095
f 2095 2275 2276
f 1944 1792 1943
f 1792 1582 1791
f 1582 1432 1581
f 1210 1126 1209
f 1126 1022 1125
f 1022 940 1021
f 772 704 771
f 580 579 583
f 583 579 591
f 588 591 592
f 588 583 591
f 2240 2239 2094
f 2094 2239 2093
f 1941 2094 2093
f 1941 1942 2094
f 1941 1789 1942
f 1942 1789 1790
f 1790 1789 1577
f 1578 1577 1429
f 1430 1429 1298
f 1430 1578 1429
f 1429 1297 1298
f 1298 1297 1207
f 1208 1207 1123
f 1124 1123 1019
f 1020 1019 937
f 938 937 838
f 938 1020 937
f 937 837 838
f 838 837 769
f 770 769 701
f 702 701 647
f 648 647 603
f 604 603 580
f 604 648 603
f 603 579 580
f 648 702 647
f 702 770 701
f 770 838 769
f 1020 1124 1019
f 1124 1208 1123
f 1208 1298 1207
f 1578 1790 1577
f 5196 5195 4652
f 4652 5195 2239
f 2792 2239 2240
f 2792 4652 2239

